,Thoothukudi,Tiruchchirappalli,Tirunelveli Kattabo,Tiruvannamalai,Vellore,Villupuram,Virudhunagar,Ariyalur,Chennai,Coimbatore,Cuddalore,Dharmapuri,Dindigul,Erode,Kancheepuram,Kanniyakumari,Karur,Madurai,Nagapattinam,Namakkal,Nilgiris,Perambalur,Pudukkottai,Ramanathapuram,Salem,Sivaganga,Thanjavur,Theni,Thiruvallur,Thiruvarur
2011-01-01,0.0,0.0,0.0,0.0,0.0,0.0,0.0,0.0,0.0,0.0,0.0,0.0,0.0,0.0,2.5171578,4.665147,0.0,0.0,0.0,0.0,0.0,0.0,0.0,0.0,0.0,0.0,0.0,0.0,0.0,0.0
2011-01-02,0.0,6.9489,0.0,8.948324,8.937875,8.367418,0.0,0.0,1.1372154,0.0,7.218028,6.1172295,2.9420547,3.1705225,4.9738393,5.0781345,4.619566,0.0,0.0,5.3877544,0.0,8.457625,0.0,0.0,7.8149014,0.0,0.0,0.0,5.502849,0.0
2011-01-03,0.0,0.0,0.0,0.0,0.0,0.0,0.0,0.0,0.0,2.8539207,0.0,0.0,0.0,0.0,0.0,0.0,0.0,0.0,0.0,0.0,6.771576,0.0,0.0,0.0,0.0,0.0,0.0,0.0,0.0,0.0
2011-01-04,0.0,6.0390244,0.0,22.419296,12.670478,35.93237,0.0,25.524914,23.03808,5.055831,34.746853,9.130276,0.0,7.3611417,23.51512,0.0,0.0,0.0,26.02104,7.0076957,3.5632784,15.076355,0.0,0.0,11.130413,0.0,24.300076,0.0,14.69241,22.480562
2011-01-05,0.0,3.1519175,0.0,1.959959,2.3207552,12.467964,0.0,0.0,0.0,9.003607,14.781046,0.0,0.0,6.202961,0.0,0.0,0.0,0.0,22.969461,0.0,10.916548,5.3095098,0.0,0.0,4.7331405,0.0,16.080421,0.0,2.8871064,21.590786
2011-01-06,0.0,0.0,0.0,0.0,0.0,0.0,0.0,0.0,0.7875614,0.0,0.0,0.0,0.0,0.0,0.0,0.0,0.0,0.0,0.0,0.0,0.0,0.0,0.0,0.0,0.0,0.0,0.0,0.0,0.0,0.0
2011-01-07,0.0,11.835483,0.0,3.4593267,3.2972512,4.5322185,0.0,0.0,7.1855607,9.743988,8.2438135,5.7134366,6.3431783,7.452356,5.3042474,0.0,5.662699,0.0,8.15507,12.429925,14.2180195,11.867092,0.0,0.0,11.890611,0.0,0.0,0.0,5.0523553,0.0
2011-01-08,0.0,0.0,0.0,0.0,0.0,0.0,0.0,0.0,1.5601217,9.153502,0.0,0.0,0.0,0.0,2.3385255,0.0,0.0,0.0,4.6082273,0.0,0.0,0.0,0.0,2.1612651,0.0,0.0,0.0,0.0,0.0,4.122602
2011-01-09,9.013922,12.099525,11.950017,1.898566,1.3341501,9.215193,18.62038,7.500433,3.165247,24.440105,9.279281,0.0,27.202862,7.778908,6.7847953,8.897128,10.99219,19.79268,32.605053,9.803024,0.0,12.072516,13.944121,17.752777,8.602435,14.356721,16.289848,32.90689,4.454131,27.765797
2011-01-10,5.6241217,12.460161,11.062887,0.0,0.0,6.888294,8.766433,15.603251,0.0,7.991117,9.339724,0.0,11.150703,6.8030124,0.0,8.769735,7.9476166,9.236848,15.687707,7.4681735,0.0,10.628581,9.999954,6.7488127,0.0,5.4332933,15.255966,15.764522,0.0,8.845294
2011-01-11,2.4917543,0.0,1.766587,0.0,0.0,0.0,0.0,2.7017787,0.0,0.0,1.9835671,0.0,0.0,0.0,0.0,0.0,0.0,0.0,0.0,0.0,0.0,0.0,0.0,3.2372503,0.0,2.5859163,0.8857638,0.0,0.0,0.0
2011-01-12,8.599257,2.0755258,27.481604,0.0,0.0,0.0,15.453796,0.0,0.0,0.0,0.0,0.0,5.7894707,0.0,0.0,28.623451,0.0,12.72042,6.496661,0.0,0.0,0.0,8.11234,8.547637,0.0,8.405688,7.815313,14.542363,0.0,6.0740833
2011-01-13,11.070002,6.553581,14.812172,0.0,0.0,0.0,7.282288,8.204901,0.0,0.0,11.4907,0.0,1.9372022,0.0,0.0,14.514643,0.0,3.3420167,22.457792,0.0,0.0,8.886143,10.18364,11.406617,0.0,9.818535,9.2987,0.0,0.0,16.597837
2011-01-14,0.0,0.0,0.0,0.0,0.0,0.0,0.0,0.0,0.0,0.0,0.0,0.0,0.0,0.0,0.0,0.0,0.0,0.0,0.0,0.0,0.0,0.0,0.0,0.0,0.0,0.0,0.0,0.0,0.0,0.0
2011-01-15,0.0,2.1797376,0.0,0.0,0.0,0.0,0.0,0.0,0.0,0.0,0.0,1.8727674,0.0,0.0,0.0,0.0,0.0,0.0,0.0,1.6840116,0.0,1.8763566,0.0,0.0,1.5794544,0.0,0.0,0.0,0.0,0.0
2011-01-16,0.0,0.0,0.0,0.0,0.0,0.0,0.0,0.0,0.0,3.565307,0.0,1.2543677,0.0,2.9548743,0.0,0.0,0.0,0.0,0.0,0.0,5.1119223,0.0,0.0,0.0,0.0,0.0,0.0,0.0,0.0,0.0
2011-01-17,0.0,0.0,0.0,0.0,0.0,0.0,0.0,0.0,0.0,0.0,0.0,0.0,0.0,0.0,0.0,0.0,0.0,0.0,0.0,0.0,4.6974697,0.0,0.0,0.0,0.0,0.0,0.0,0.0,0.0,0.0
2011-01-18,0.0,0.0,0.0,0.0,0.0,0.0,0.0,0.0,0.0,0.0,0.0,0.0,0.0,0.0,0.0,0.0,0.0,0.0,0.0,0.0,0.0,0.0,0.0,0.0,0.0,0.0,0.0,0.0,0.0,0.0
2011-01-19,0.0,0.0,0.0,0.0,0.0,0.0,0.0,0.0,0.0,0.0,0.0,0.0,0.0,0.0,0.0,0.0,0.0,0.0,0.0,0.0,0.0,0.0,0.0,0.0,0.0,0.0,0.0,0.0,0.0,0.0
2011-01-20,0.0,0.0,0.0,0.0,0.0,0.0,0.0,0.0,0.0,0.0,0.0,0.0,0.0,0.0,0.0,0.0,0.0,0.0,0.0,0.0,0.0,0.0,0.0,0.0,0.0,0.0,0.0,0.0,0.0,0.0
2011-01-21,0.0,0.0,0.0,0.0,0.0,0.0,0.0,0.0,0.0,0.0,0.0,0.0,0.0,0.0,0.0,0.0,0.0,0.0,0.0,0.0,0.0,0.0,0.0,0.0,0.0,0.0,0.0,0.0,0.0,0.0
2011-01-22,0.0,0.0,0.0,0.0,0.0,0.0,0.0,0.0,0.0,0.0,0.0,0.0,0.0,0.0,0.0,0.0,0.0,0.0,0.0,0.0,0.0,0.0,0.0,0.0,0.0,0.0,0.0,0.0,0.0,0.0
2011-01-23,0.0,0.0,0.0,0.0,0.0,0.0,0.0,0.0,0.0,0.0,0.0,0.0,0.0,0.0,0.0,0.0,0.0,0.0,0.0,0.0,0.0,0.0,0.0,0.0,0.0,0.0,0.0,0.0,0.0,0.0
2011-01-24,0.0,0.0,0.0,0.0,0.0,0.0,0.0,0.0,0.0,0.0,0.0,0.0,0.0,0.0,0.0,0.0,0.0,0.0,0.0,0.0,0.0,0.0,0.0,0.0,0.0,0.0,0.0,0.0,0.0,0.0
2011-01-25,0.0,0.0,0.0,0.0,0.0,0.0,0.0,0.0,0.0,0.0,0.0,0.0,0.0,0.0,0.0,0.0,0.0,0.0,0.0,0.0,0.0,0.0,0.0,0.0,0.0,0.0,0.0,0.0,0.0,0.0
2011-01-26,0.0,0.0,0.0,0.0,0.0,0.0,0.0,0.0,0.0,4.230475,0.0,0.0,0.0,0.0,0.0,0.0,0.0,0.0,0.0,0.0,5.82195,0.0,0.0,0.0,0.0,0.0,0.0,0.0,0.0,0.0
2011-01-27,0.0,0.0,0.0,0.0,0.0,0.0,0.0,0.0,0.0,0.0,0.0,0.0,0.0,0.0,0.0,0.0,0.0,0.0,0.0,0.0,0.0,0.0,0.0,0.0,0.0,0.0,0.0,0.0,0.0,0.0
2011-01-28,5.6080737,0.0,3.6102767,0.0,0.0,0.0,2.783297,0.0,0.0,0.0,0.0,0.0,0.0,0.0,0.0,0.0,0.0,0.0,0.0,0.0,0.0,0.0,0.0,8.031127,0.0,0.0,0.0,0.0,0.0,0.0
2011-01-29,0.0,0.0,0.0,0.0,0.0,0.0,0.0,0.0,0.0,0.0,0.0,0.0,0.0,0.0,0.0,0.0,0.0,0.0,0.0,0.0,0.0,0.0,0.0,0.0,0.0,0.0,0.0,0.0,0.0,0.0
2011-01-30,0.0,0.0,0.0,0.0,0.0,0.0,0.0,0.0,0.0,0.0,0.0,0.0,0.0,0.0,0.0,0.0,0.0,0.0,0.0,0.0,0.0,0.0,0.0,3.4644527,0.0,0.0,0.0,0.0,0.0,0.0
2011-01-31,6.217662,0.0,5.540813,0.0,0.0,0.0,4.601298,0.0,0.0,0.0,0.0,0.0,0.0,0.0,0.0,0.0,0.0,0.0,0.0,0.0,0.0,0.0,0.0,7.886383,0.0,0.0,0.0,0.0,0.0,0.0
2011-02-01,6.6252136,0.0,0.0,0.0,0.0,0.0,0.0,3.4860945,0.0,0.0,3.4394581,0.0,0.0,0.0,0.0,18.855865,0.0,0.0,10.964855,0.0,0.0,2.0104027,0.0,11.498336,0.0,0.0,13.110735,0.0,0.0,14.300099
2011-02-02,30.2781,3.537275,25.953203,0.0,0.5251939,5.801903,8.615755,6.8455153,6.1402187,1.5629284,10.712958,0.0,5.4980755,1.4768605,6.2453027,38.71607,5.091749,7.040008,24.832844,4.21581,0.0,6.012264,8.85549,25.081442,0.0,20.638485,10.284703,3.1456153,4.9033337,25.287561
2011-02-03,9.802049,6.0176787,16.263407,0.0,0.0,0.0,7.2756314,9.852168,0.0,0.0,6.890895,0.0,6.6311474,0.0,3.655586,9.552503,5.2761817,3.891667,9.633898,0.0,0.0,7.1252484,4.5242357,8.787527,0.0,2.2032099,10.35387,7.3084846,4.8085136,15.587201
2011-02-04,0.0,11.51999,0.0,0.0,0.0,5.578705,0.0,13.2486315,0.0,0.0,7.834807,0.0,0.28842327,0.0,0.0,0.0,5.132357,0.0,19.208237,15.191856,0.0,6.6192203,20.404726,11.649833,6.275835,14.251273,20.378727,0.0,0.0,20.804531
2011-02-05,0.0,0.0,0.0,0.0,0.0,0.0,0.0,0.0,0.0,0.0,0.0,0.0,0.0,0.0,0.0,0.0,0.0,0.0,0.0,0.0,0.0,0.0,0.0,0.0,0.0,0.0,0.0,0.0,0.0,0.0
2011-02-06,0.0,0.0,0.0,0.0,0.0,0.0,0.0,0.0,0.0,0.0,0.0,0.0,0.0,0.0,0.0,0.0,0.0,0.0,0.0,0.0,0.0,0.0,0.0,0.0,0.0,0.0,0.0,0.0,0.0,0.0
2011-02-07,6.6657715,0.0,4.800056,0.0,0.0,0.0,0.0,0.0,0.0,0.0,0.0,0.0,0.0,0.0,0.0,0.0,0.0,0.115202814,0.0,0.0,0.0,0.0,6.788378,22.791548,0.0,5.613978,0.0,0.0,0.0,0.0
2011-02-08,0.0,0.0,0.0,0.0,0.0,0.0,0.0,0.0,0.0,0.0,0.0,0.0,0.0,0.0,0.0,0.0,0.0,0.0,0.0,0.0,0.0,0.0,0.0,0.0,0.0,0.0,0.0,0.0,0.0,0.0
2011-02-09,0.0,0.0,0.0,0.0,0.0,0.0,0.0,0.0,0.0,0.0,0.0,0.0,0.0,0.0,0.0,0.0,0.0,0.0,0.0,0.0,0.0,0.0,0.0,0.0,0.0,0.0,0.0,0.0,0.0,0.0
2011-02-10,0.0,0.0,0.0,0.0,0.0,0.0,0.0,0.0,0.0,0.0,0.0,0.0,0.0,0.0,0.0,0.0,0.0,0.0,0.0,0.0,0.0,0.0,0.0,0.0,0.0,0.0,0.0,0.0,0.0,0.0
2011-02-11,0.0,0.0,0.0,0.0,0.0,0.0,0.0,0.0,0.0,0.0,0.0,0.0,0.0,0.0,0.0,0.0,0.0,0.0,0.0,0.0,0.0,0.0,0.0,0.0,0.0,0.0,0.0,0.0,0.0,0.0
2011-02-12,0.0,0.0,0.0,0.0,0.0,0.0,0.0,0.0,0.0,0.0,0.0,0.0,0.0,0.0,0.0,0.0,0.0,0.0,0.0,0.0,0.0,0.0,0.0,0.0,0.0,0.0,0.0,0.0,0.0,0.0
2011-02-13,0.0,0.0,0.0,0.0,0.0,0.0,0.0,0.0,0.0,0.0,0.0,0.0,0.0,0.0,0.0,0.0,0.0,0.0,0.0,0.0,0.0,0.0,0.0,0.0,0.0,0.0,0.0,0.0,0.0,0.0
2011-02-14,0.0,0.0,0.0,0.0,0.0,0.0,0.0,0.0,0.0,0.0,0.0,0.0,0.0,0.0,0.0,0.0,0.0,0.0,0.0,0.0,0.0,0.0,0.0,0.0,0.0,0.0,0.0,0.0,0.0,0.0
2011-02-15,0.0,0.0,0.0,0.0,0.0,0.0,0.0,0.0,0.0,0.0,0.0,0.0,0.0,0.0,0.0,0.0,0.0,0.0,0.0,0.0,0.0,0.0,0.0,0.0,0.0,0.0,0.0,0.0,0.0,0.0
2011-02-16,0.0,0.0,0.0,0.0,0.0,0.0,0.0,0.0,0.0,0.0,0.0,0.0,0.0,0.0,0.0,0.0,0.0,0.0,0.0,0.0,0.0,0.0,0.0,0.0,0.0,0.0,0.0,0.0,0.0,0.0
2011-02-17,0.0,0.0,0.0,0.0,0.0,0.0,0.0,0.0,0.0,0.0,0.0,0.0,0.0,0.0,0.0,0.0,0.0,0.0,0.0,0.0,0.0,0.0,0.0,0.0,0.0,0.0,0.0,0.0,0.0,0.0
2011-02-18,0.0,0.0,0.0,0.0,0.0,0.0,0.0,0.0,0.0,0.0,0.0,0.0,0.0,0.0,0.0,7.093345,0.0,0.0,0.0,0.0,0.0,0.0,0.0,0.0,0.0,0.0,0.0,0.0,0.0,0.0
2011-02-19,0.0,0.0,0.0,0.0,0.0,0.0,0.0,0.0,0.0,0.0,0.0,0.0,1.1543077,0.0,0.0,0.0,0.0,0.0,0.0,0.0,0.0,0.0,0.0,0.0,0.0,0.0,0.0,0.0,0.0,0.0
2011-02-20,0.0,0.0,0.0,0.0,0.0,0.0,8.271585,0.0,0.0,0.0,0.0,0.0,0.0,0.0,0.0,0.0,0.0,9.560222,0.0,0.0,0.0,0.0,0.0,0.0,0.0,0.0,0.0,9.8193865,0.0,0.0
2011-02-21,33.06027,10.870373,32.12359,0.0,2.3165529,0.0,24.79984,8.258773,0.0,12.391502,9.378582,3.0964017,24.664112,0.0,0.0,41.4975,0.0,14.607938,9.397206,0.0,0.0,0.0,4.624695,29.129147,3.5594041,18.75001,7.505876,25.170256,3.8957152,3.3803494
2011-02-22,10.209576,6.780484,25.956839,9.277238,4.411986,10.020197,8.973472,3.5227265,2.9401326,26.318066,6.773764,3.2164018,8.159079,5.7814555,8.431007,40.533733,2.9173183,7.9875517,10.573522,6.1119423,51.103508,5.557222,8.54458,6.278073,4.4631815,8.186046,5.3123617,12.515492,4.2723265,9.175446
2011-02-23,4.769462,5.925659,18.78266,6.3486724,5.3461914,7.2507167,20.255224,0.0,0.0,15.88458,3.6800673,9.173528,6.13224,24.089745,1.7021196,24.912613,2.8616772,18.283115,0.0,7.6476955,29.809774,7.054349,0.0,3.934332,10.192957,0.7614376,0.0,19.189316,1.3813611,0.0
2011-02-24,11.519933,2.4661543,38.45874,0.0,0.0,0.0,19.263447,0.0,0.0,14.083127,0.0,0.0,16.17835,3.4708157,0.0,38.670986,1.6965377,24.144344,2.711105,0.0,0.0,0.0,7.545223,12.01085,0.0,11.870849,3.756503,26.658491,0.0,5.02124
2011-02-25,0.0,0.0,18.881931,0.0,0.0,0.0,13.913907,0.0,0.0,0.0,0.0,4.806053,0.0,4.509998,0.0,7.3653283,0.0,0.0,5.3017497,2.6371062,0.0,0.0,0.0,8.358327,4.7325244,0.0,0.0,20.14832,0.0,0.0
2011-02-26,0.0,0.0,24.616611,0.0,0.0,0.0,0.0,0.0,0.0,25.222471,0.0,7.9202647,0.0,20.711687,0.0,13.164275,0.0,0.0,4.9835567,0.0,37.3084,0.0,0.0,0.0,4.8171077,0.0,2.7656868,0.0,0.0,5.220525
2011-02-27,0.0,0.0,0.0,0.0,0.0,0.0,0.0,0.0,0.0,0.0,0.0,0.0,0.0,0.0,0.0,0.0,0.0,0.0,0.0,0.0,0.0,0.0,0.0,0.0,0.0,0.0,0.0,0.0,0.0,0.0
2011-02-28,0.0,0.0,0.0,0.0,0.0,0.0,0.0,0.0,0.0,0.0,0.0,0.0,0.0,0.0,0.0,0.0,0.0,0.0,1.0199721,0.0,0.0,0.0,0.0,0.0,0.0,0.0,0.0,0.0,0.0,0.0
2011-03-01,0.0,0.0,0.0,0.0,4.0786552,0.0,0.0,0.0,0.0,0.0,0.0,0.0,0.0,0.0,4.2756443,0.0,0.0,0.0,0.0,0.0,0.0,0.0,0.0,0.0,0.0,0.0,0.0,0.0,4.1583,0.0
2011-03-02,0.0,0.0,0.0,0.0,0.0,0.0,0.0,0.0,0.0,0.0,0.0,0.0,0.0,0.0,0.0,0.0,0.0,0.0,0.0,0.0,0.0,0.0,0.0,0.0,0.0,0.0,0.0,0.0,0.0,0.0
2011-03-03,0.0,0.0,0.0,0.0,0.0,0.0,0.0,0.0,0.0,0.0,0.0,0.0,0.0,0.0,0.0,0.0,0.0,0.0,0.0,0.0,0.0,0.0,0.0,0.0,0.0,0.0,0.0,0.0,0.0,0.0
2011-03-04,0.0,0.0,1.0358235,0.0,0.0,0.0,0.0,0.0,0.0,0.0,0.0,0.0,0.0,0.0,0.0,0.0,0.0,0.0,0.0,0.0,0.0,0.0,0.0,0.0,0.0,0.0,0.0,0.0,0.0,0.0
2011-03-05,0.0,0.0,0.0,0.0,0.98542976,0.0,0.0,0.0,0.0,0.0,0.0,0.15813231,0.0,0.0,0.0,2.55536,0.0,0.0,0.0,0.0,0.0,0.0,0.0,0.0,0.13242391,0.0,0.0,0.0,0.0,0.0
2011-03-06,0.0,0.0,0.0,0.0,0.0,0.0,0.0,0.0,0.0,0.0,0.0,0.0,1.6364155,0.0,0.0,0.0,2.0684896,0.0,0.0,0.0,0.0,0.0,0.0,0.0,0.0,0.0,0.0,0.0,0.0,0.0
2011-03-07,0.0,0.0,0.0,0.0,0.0,0.0,0.0,0.0,0.0,0.0,0.0,0.0,0.0,0.0,0.0,0.0,0.0,0.0,0.0,0.0,0.0,0.0,0.0,0.0,0.0,0.0,0.0,0.0,0.0,0.0
2011-03-08,0.0,0.0,0.0,0.0,0.0,0.0,0.0,0.0,0.0,0.0,0.0,0.0,0.0,0.0,0.0,0.0,0.0,0.0,0.0,0.0,0.0,0.0,0.0,0.0,0.0,0.0,0.0,0.0,0.0,0.0
2011-03-09,0.0,0.0,0.0,0.0,0.0,0.0,0.0,0.0,0.0,0.0,0.0,0.0,0.0,0.0,0.0,0.0,0.0,0.0,0.0,0.0,0.0,0.0,0.0,0.0,0.0,0.0,0.0,0.0,0.0,0.0
2011-03-10,0.0,0.0,0.0,0.0,0.0,0.0,0.0,0.0,0.0,0.0,0.0,0.712204,0.0,0.0,0.0,0.0,0.0,0.0,0.0,0.0,0.0,0.0,0.0,0.0,0.0,0.0,0.0,0.0,0.0,0.0
2011-03-11,0.0,0.0,0.0,0.0,0.0,0.0,0.0,0.0,0.0,0.0,0.0,0.0,0.0,0.0,0.0,0.0,0.0,0.0,0.0,0.0,0.0,0.0,0.0,0.0,0.0,0.0,0.0,0.0,0.0,0.0
2011-03-12,0.0,4.9110203,0.0,0.0,0.0,0.0,0.0,5.0311146,0.0,0.0,3.1188211,0.0,0.0,0.0,0.0,0.0,0.0,0.0,2.7173777,0.0,0.0,5.619171,0.0,0.0,4.1672783,0.0,4.687352,0.0,0.0,2.828898
2011-03-13,0.0,0.0,12.570245,0.0,0.0,0.0,10.676904,2.7354753,0.0,4.1403084,0.0,0.0,0.0,0.0,0.0,11.627072,0.0,0.0,3.754641,0.0,6.480843,0.0,0.0,0.0,0.0,0.0,2.8644428,10.692675,0.0,3.7658103
2011-03-14,0.0,0.0,0.0,0.0,0.0,0.0,0.0,0.0,0.0,0.0,0.0,0.0,0.0,0.0,0.0,0.0,0.0,0.0,0.0,0.0,0.0,0.0,0.0,0.0,0.0,0.0,0.0,0.0,0.0,1.6696687
2011-03-15,0.0,0.0,0.0,0.0,0.0,0.0,0.0,0.0,0.0,0.0,0.0,0.0,0.0,0.0,0.0,0.0,0.0,0.0,0.0,0.0,0.0,0.0,0.0,0.0,0.0,0.0,0.0,0.0,0.0,0.0
2011-03-16,0.0,0.0,0.0,0.0,0.0,0.0,0.0,0.0,0.0,0.0,0.0,0.0,0.0,0.0,0.0,0.0,0.0,0.0,0.0,0.0,0.0,0.0,0.0,0.0,0.0,0.0,0.0,0.0,0.0,0.0
2011-03-17,0.0,0.0,0.0,0.0,0.0,0.0,0.0,0.0,0.0,0.0,0.0,0.0,0.0,0.0,0.0,0.0,0.0,0.0,0.0,0.0,0.0,0.0,0.0,0.0,0.0,0.0,0.0,0.0,0.0,0.0
2011-03-18,0.0,0.0,0.0,0.0,0.0,0.0,0.0,0.0,0.0,0.0,0.0,0.0,0.0,0.0,0.0,0.0,0.0,0.0,0.0,0.0,0.0,0.0,0.0,0.0,0.0,0.0,0.0,0.0,0.0,0.0
2011-03-19,0.0,0.0,0.0,0.0,0.0,0.0,0.0,0.0,0.0,0.0,0.0,0.0,0.0,0.0,0.0,0.0,0.0,0.0,0.0,0.0,0.0,0.0,0.0,0.0,0.0,0.0,0.0,0.0,0.0,0.0
2011-03-20,0.0,1.3510741,0.0,0.0,0.0,0.0,0.0,1.4025635,0.0,0.0,0.0,0.0,0.0,0.0,0.0,0.0,0.0,0.0,0.0,0.0,0.0,1.4817442,0.0,0.0,0.0,0.0,0.9030441,0.0,0.0,0.0
2011-03-21,0.0,0.0,0.0,0.0,0.0,0.0,0.0,0.0,0.0,0.0,0.0,0.0,0.0,0.0,0.0,0.0,0.0,0.0,0.0,0.0,0.0,0.0,0.0,0.0,0.0,0.0,0.0,0.0,0.0,0.0
2011-03-22,0.0,0.0,8.383529,0.0,0.0,0.0,8.129392,0.0,0.0,7.7977414,0.0,0.0,0.0,0.0,0.0,4.5751233,0.0,7.6998806,0.0,0.0,7.7907248,0.0,0.0,0.0,0.0,0.0,0.0,9.348741,0.0,0.0
2011-03-23,0.0,0.0,0.0,0.0,0.0,0.0,0.0,0.0,0.0,0.0,0.0,0.0,0.0,0.0,0.0,0.0,0.0,0.0,0.0,0.0,0.0,0.0,0.0,0.0,0.0,0.0,0.0,0.0,0.0,0.0
2011-03-24,0.0,0.0,16.211523,0.0,0.0,0.0,9.032928,4.3475294,0.0,16.248484,0.0,0.0,16.19029,0.0,0.0,0.0,0.0,7.6998806,0.0,0.0,26.288235,0.0,0.0,0.0,0.0,0.0,5.396384,17.389502,0.0,5.092967
2011-03-25,6.6298676,8.671739,13.054333,0.0,0.0,0.0,17.203394,1.7689174,0.0,29.86074,0.0,8.971948,24.164944,19.016323,0.0,0.0,8.427815,16.603987,0.0,9.846737,40.56346,2.1594248,7.418465,5.323845,10.206029,7.151666,0.0,27.084322,0.0,0.0
2011-03-26,5.836425,1.446757,15.864726,5.368225,7.0823727,0.0,20.354475,0.0,0.0,12.03807,0.0,5.8859363,13.9662285,2.2196882,0.0,5.7638626,1.3996881,17.291471,0.0,0.0,8.116891,0.0,1.6212072,5.792399,4.360775,6.0277977,0.0,27.33903,0.0,0.0
2011-03-27,0.0,0.0,12.920242,2.8280702,4.581038,0.0,5.875469,0.0,0.0,0.0,0.0,7.3521767,0.0,1.4958521,0.0,20.32633,0.0,0.0,0.0,0.0,6.838519,0.0,0.0,0.0,7.4992647,5.853761,0.0,6.2740135,4.4549465,0.0
2011-03-28,0.0,0.0,4.3313637,0.0,0.0,0.0,0.0,0.0,0.0,9.554936,0.0,0.0,0.0,0.0,0.0,6.898556,0.0,0.0,0.0,0.0,2.205435,0.0,0.0,0.0,0.0,0.0,0.0,0.0,0.0,0.0
2011-03-29,0.0,0.0,6.3483315,0.0,0.0,0.0,8.070575,0.0,0.0,3.151668,0.0,0.0,0.0,0.0,0.0,0.0,0.0,0.0,0.0,0.0,0.0,0.0,0.0,0.0,0.0,0.0,0.0,0.0,0.0,0.0
2011-03-30,0.0,0.0,0.0,0.0,2.525213,3.413241,0.0,0.0,0.0,0.0,0.0,2.9245605,0.0,0.0,0.0,0.0,0.0,0.0,0.0,0.0,0.0,0.0,0.0,0.0,3.2058032,0.0,0.0,0.0,0.0,0.0
2011-03-31,0.0,1.3798898,0.0,1.2363002,2.525213,3.413241,0.0,0.0,0.0,0.0,0.0,2.9245605,0.0,0.0,1.148154,0.0,0.0,0.0,0.0,0.0,0.0,2.6612976,0.0,0.0,3.2058032,0.0,0.0,0.0,1.1487336,0.0
2011-04-01,0.0,0.0,0.0,0.0,0.0,0.0,0.0,0.0,0.0,0.0,0.0,0.0,0.0,0.0,0.0,0.0,0.0,0.0,0.0,0.0,3.68741,0.0,0.0,0.0,0.0,0.0,0.0,0.0,0.0,0.0
2011-04-02,0.0,0.0,5.6060576,0.0,0.0,0.0,0.0,0.0,0.0,2.4701493,0.0,2.5206497,0.0,1.2921418,0.0,0.0,0.0,0.0,0.0,0.0,10.010522,0.0,0.0,0.0,0.0,0.0,0.0,0.0,0.0,0.0
2011-04-03,1.996375,0.0,5.555511,0.0,1.0243763,0.0,0.0,0.0,0.0,16.200087,0.0,5.053897,11.493558,5.616756,0.0,4.3911676,3.4842126,1.4128569,0.0,3.8499615,5.578824,0.0,0.0,0.0,3.830461,0.0,0.0,14.338485,0.0,0.0
2011-04-04,0.0,0.0,0.0,1.4482683,3.2672775,2.9485662,0.0,0.0,0.0,0.0,0.0,2.4056528,0.0,0.0,3.620585,0.0,0.0,0.0,0.0,0.0,0.0,0.0,0.0,0.0,2.4346178,0.0,0.0,0.0,5.286789,0.0
2011-04-05,0.0,0.0,0.0,0.0,0.0,0.0,0.0,0.0,0.0,1.5593746,0.0,0.0,0.0,0.0,0.0,0.0,0.0,0.0,0.0,0.0,0.0,0.0,0.0,0.0,0.0,0.0,0.0,0.0,0.0,0.0
2011-04-06,0.0,0.0,0.0,0.0,0.0,0.0,0.0,0.0,0.0,0.0,0.0,0.0,0.0,0.0,0.0,0.0,0.0,0.0,0.0,0.0,0.0,0.0,0.0,0.0,0.0,0.0,0.0,0.0,0.0,0.0
2011-04-07,0.0,0.0,0.0,0.0,0.0,0.0,0.0,0.0,0.0,0.0,0.0,0.0,0.0,0.0,0.0,0.0,0.0,0.0,0.0,0.0,0.0,0.0,0.0,0.0,0.0,0.0,0.0,0.0,0.0,0.0
2011-04-08,0.0,0.0,0.0,0.0,0.0,0.0,0.0,0.0,0.0,0.0,0.0,0.0,15.227663,0.0,0.0,0.0,0.0,7.934773,0.0,0.0,0.0,0.0,0.0,0.0,0.0,0.0,0.0,15.5173435,0.0,0.0
2011-04-09,12.88157,0.0,26.953407,0.0,0.0,0.0,9.813971,0.0,0.0,20.53489,0.0,0.0,11.347669,2.644132,0.0,22.118282,0.0,0.0,0.0,0.0,5.7604213,0.0,0.0,0.0,0.0,0.0,0.0,18.390982,0.0,0.0
2011-04-10,7.056949,0.0,8.775555,0.0,0.0,0.0,7.032987,0.0,0.0,0.0,0.0,0.0,0.0,0.0,0.0,15.235843,0.0,0.0,0.0,0.0,0.0,0.0,4.6726213,8.819151,0.0,7.300873,0.0,0.0,0.0,0.0
2011-04-11,14.213276,4.653116,27.656462,0.0,0.0,0.0,27.08402,0.0,0.0,0.0,0.0,0.0,0.0,0.0,0.0,0.0,0.0,10.760365,0.0,0.0,7.037927,0.0,4.632258,11.9650345,0.0,7.8099866,0.0,26.02882,0.0,0.0
2011-04-12,8.866715,0.0,29.580122,0.0,0.0,0.0,11.101501,0.0,0.0,0.0,0.0,0.0,5.8413982,0.0,0.0,30.930063,0.0,5.6707363,0.0,0.0,2.5498023,0.0,0.0,2.7521303,0.0,0.0,0.0,17.002348,0.0,0.0
2011-04-13,8.165794,0.0,11.263144,0.0,0.0,0.0,10.849919,0.0,0.0,13.81329,0.0,0.0,10.824858,5.696261,0.0,14.247406,0.0,10.379692,0.0,0.0,10.171738,0.0,0.0,0.0,0.0,0.0,0.0,25.417084,0.0,0.0
2011-04-14,13.039818,6.8839536,22.683409,0.0,0.0,2.008382,12.990774,2.6788874,0.0,17.657488,2.4292505,7.337057,8.931828,15.744268,0.0,26.664057,7.4302073,11.530929,7.0481157,4.1592884,15.180078,2.5380557,4.9624553,5.810939,5.5587664,3.3758698,2.3561459,18.603886,0.0,7.157368
2011-04-15,9.4570055,7.107543,12.0891075,10.640499,9.914076,9.847597,21.789747,0.0,0.0,29.172365,0.0,15.527051,33.12064,15.119683,0.6981252,0.0,9.272113,21.139086,7.8721924,9.936952,12.154543,5.290086,0.0,2.8105056,16.471058,4.4531317,0.0,36.909515,6.3343153,7.5840306
2011-04-16,7.0472465,0.0,9.403653,0.0,0.0,0.0,8.081146,0.5823467,0.0,0.0,2.480592,0.0,5.254087,0.0,0.0,9.836987,0.0,6.2811947,2.181389,0.0,0.0,0.0,0.0,5.721524,0.0,3.0788505,2.2826927,6.836556,0.0,2.3801775
2011-04-17,14.072859,3.988977,23.403479,0.0,0.0,1.2429003,12.645377,2.9165862,0.0,17.117603,2.5914595,0.0,15.124157,7.784665,0.0,27.874128,3.0684185,10.988064,8.374505,0.0,13.047992,3.082822,9.546149,9.8745165,0.0,9.512754,7.235594,18.75425,3.116482,8.670866
2011-04-18,14.382571,12.605543,19.735977,10.427299,3.6953902,13.059875,16.145712,7.278037,0.0,21.144735,6.944677,17.3389,22.487686,19.82802,0.0,19.957485,9.995199,12.512979,11.696159,14.19172,23.90641,10.873199,12.698301,8.234042,18.150417,11.08999,9.744709,24.55974,0.0,9.33301
2011-04-19,11.520667,0.0,17.85466,11.4148655,17.564623,7.191794,16.261599,1.5369874,0.0,14.911132,0.0,24.566992,15.603267,15.950753,0.0,18.32667,2.914322,10.49046,8.841256,4.112301,15.202387,2.7610557,6.3773437,7.921161,12.435161,6.3163304,5.972271,16.493887,1.7115475,8.01528
2011-04-20,23.941412,10.781704,29.55047,12.198829,17.612656,14.141941,23.5386,6.113193,2.755654,23.142523,7.7154555,15.710472,15.925027,16.654633,8.299594,29.936226,8.887632,16.474117,24.688175,8.849163,23.331783,10.761075,15.9914055,29.562094,14.538809,23.408747,19.341702,16.824228,12.542075,23.352058
2011-04-21,16.010406,19.525324,42.42555,15.499479,17.184147,15.654935,26.301165,11.915419,7.8999133,35.450375,9.913819,36.45465,36.09466,29.197332,8.25929,39.614758,19.50011,23.771452,21.964699,20.84559,37.320206,12.917387,18.426226,11.08105,24.573452,18.805794,14.524658,41.332676,8.152606,21.428513
2011-04-22,26.037773,31.601364,49.18444,38.2956,35.762424,40.528965,28.53463,20.242134,16.7495,34.02798,23.237358,41.660152,39.148785,29.901817,17.426538,61.161686,26.595207,32.14876,14.804896,30.812834,31.315084,32.29562,23.907885,19.80303,41.330032,24.451569,17.721733,44.639973,29.656424,15.6459055
2011-04-23,38.991787,35.25519,72.58907,36.429268,34.726685,42.459705,48.103767,23.221577,9.346952,28.434704,22.60608,39.880196,36.967735,28.873251,13.870026,81.282524,28.486635,41.898388,16.504406,33.93312,34.880016,38.19759,32.775597,38.68712,42.46621,37.39703,29.082863,47.958443,18.171154,26.762829
2011-04-24,34.746952,18.2319,31.317022,20.420765,21.547136,17.265007,34.938934,10.122963,3.8929193,10.605108,11.6741,32.071136,30.66395,18.634418,7.8675637,16.44953,18.526627,27.720879,34.76008,15.400464,9.342687,16.739695,16.609657,24.927956,19.5657,21.92258,18.379642,23.69071,12.9240055,31.772167
2011-04-25,50.39643,19.311373,53.73353,9.388706,15.691181,16.2149,52.879646,9.436225,4.17301,29.37014,10.777296,22.84726,18.907824,20.628046,7.142732,38.352234,19.051003,38.261894,23.557333,16.324715,35.1376,14.283716,20.543495,34.192112,22.568363,30.221592,15.10862,41.384964,4.082198,22.603382
2011-04-26,6.655121,5.0025816,28.341341,0.0,0.0,7.7357583,9.380186,7.0392365,0.0,9.100399,10.090978,0.0,0.0,7.6214576,5.0206366,29.52895,3.2990127,9.919057,9.787376,5.7396073,10.593475,0.0,0.0,3.9031942,5.4885902,0.0,8.783421,10.560374,0.0,10.699092
2011-04-27,3.0519578,0.0,8.274732,0.0,0.0,0.0,6.8672647,0.0,0.0,6.287173,0.0,0.0,0.0,0.0,0.0,5.617546,0.0,4.639303,2.9724965,0.0,5.2941628,0.0,0.0,3.587916,0.0,1.7435087,0.0,11.304703,0.0,3.378876
2011-04-28,10.492337,7.7905912,21.571712,0.0,9.82609,3.514538,3.9170866,4.8834205,0.0,5.0239277,0.0,18.117702,8.0055,10.929588,0.0,24.818121,6.7933855,7.320115,4.0017657,5.270625,7.198399,6.71763,8.367732,8.710589,11.092875,7.555261,7.078787,7.3927836,0.0,6.76654
2011-04-29,5.231656,13.58692,7.2074137,22.202518,21.80909,24.816128,6.837101,10.984956,0.0,7.039817,12.011498,27.562668,7.3080373,14.04225,0.0,0.0,9.63499,6.6097393,4.605218,11.978733,7.4334245,14.9559555,7.974979,5.6285677,20.72575,5.72417,8.498909,11.150509,0.0,7.285089
2011-04-30,8.422614,6.7163143,9.8656845,0.0,7.05429,0.0,13.236228,1.8235476,0.0,18.934181,0.0,15.600308,16.011,14.427374,0.0,7.158734,7.8163166,13.314721,0.0,9.012944,29.203747,5.123552,4.4311886,7.5137644,10.025629,8.282959,3.505618,17.000822,0.0,2.8378696
2011-05-01,3.8984911,7.360293,9.592774,3.377263,3.3882086,0.0,11.368262,7.996761,0.0,8.177771,3.5825624,13.541715,9.159414,13.325133,3.322583,7.495457,6.7429037,10.362562,7.0697217,7.20278,16.522465,7.2887096,10.88608,5.8225474,7.1904464,7.973886,14.357456,11.386635,2.195242,11.881567
2011-05-02,3.360695,5.6209984,2.291232,0.0,0.0,0.0,6.314182,0.0,0.0,0.0,0.0,4.932899,4.8594537,0.0,0.0,8.118557,5.6393857,7.418069,17.15849,4.4969587,0.0,0.0,8.348613,0.0,0.0,6.549707,13.891848,9.091891,0.0,14.41584
2011-05-03,9.120595,27.244425,20.29145,18.186705,16.165945,23.889423,21.473068,15.4160595,0.0,28.24811,15.051097,29.886353,21.542728,35.55083,1.4243866,0.0,29.741463,23.448214,6.0290127,30.842915,34.550182,26.900425,18.388933,6.0274024,31.120174,23.83484,15.310336,31.529596,1.7327793,6.0290127
2011-05-04,0.0,0.0,0.0,9.977385,10.291331,10.058285,0.0,10.843691,0.0,6.987633,2.6830294,13.132509,0.0,9.478201,3.9566433,0.0,7.412068,0.0,8.027666,8.566184,6.9704313,0.0,0.0,0.0,12.069998,0.0,10.68169,0.0,4.433872,7.578037
2011-05-05,2.3388917,8.999104,10.804153,4.3224287,5.6820755,6.1269326,0.0,0.0,0.0,7.3526244,0.0,9.986814,3.6809177,12.588039,1.3361123,14.4675865,7.551436,0.0,0.0,14.1676855,8.622951,6.9325714,0.0,0.0,13.1190815,0.0,0.0,0.0,1.9972863,0.0
2011-05-06,8.647515,7.127853,17.304247,0.0,0.0,0.0,9.074185,0.0,0.0,0.0,0.0,0.0,0.0,0.0,0.0,19.328173,0.0,0.0,0.0,0.0,0.0,7.2848506,0.0,0.0,6.7628403,0.0,0.0,0.0,0.0,0.0
2011-05-07,0.0,0.0,0.0,0.0,0.0,0.0,0.0,0.0,0.0,0.0,0.0,0.0,0.0,0.0,0.0,0.0,0.0,0.0,0.0,0.0,0.0,0.0,0.0,0.0,0.0,0.0,0.0,0.0,0.0,0.0
2011-05-08,0.0,0.0,0.0,0.0,0.0,0.0,0.0,0.0,0.0,0.0,0.0,0.0,0.0,0.0,0.0,0.0,0.0,0.0,0.0,0.0,0.0,0.0,0.0,0.0,0.0,0.0,0.0,0.0,0.0,0.0
2011-05-09,0.0,0.0,0.0,0.0,0.0,0.0,0.0,0.0,0.0,0.0,0.0,0.0,0.0,0.0,0.0,0.0,0.0,0.0,0.0,0.0,0.0,0.0,0.0,0.0,0.0,0.0,0.0,0.0,0.0,0.0
2011-05-10,0.0,0.0,0.0,0.0,0.0,0.0,0.0,0.0,0.0,0.0,0.0,0.0,0.0,0.0,0.0,0.0,0.0,0.0,0.0,0.0,0.0,0.0,0.0,0.0,0.0,0.0,0.0,0.0,0.0,0.0
2011-05-11,0.0,0.0,0.0,0.0,0.0,0.0,0.0,0.0,0.0,0.0,0.0,0.0,0.0,0.0,0.0,0.0,0.0,0.0,0.0,0.0,0.0,0.0,0.0,0.0,0.0,0.0,0.0,0.0,0.0,0.0
2011-05-12,0.0,0.0,0.0,0.0,0.0,0.0,0.0,0.0,0.0,0.0,0.0,0.0,0.0,0.0,0.0,0.0,0.0,0.0,0.0,0.0,1.4498309,0.0,0.0,0.0,0.0,0.0,0.0,0.0,0.0,0.0
2011-05-13,0.0,0.0,0.0,0.0,0.0,0.0,0.0,0.0,0.0,0.0,0.0,7.7276545,0.0,0.0,0.0,0.0,0.0,0.0,0.0,0.0,5.581854,0.0,0.0,0.0,6.015484,0.0,0.0,2.6569967,0.0,0.0
2011-05-14,0.0,0.0,0.0,0.0,0.0,0.0,0.0,0.0,0.0,3.1892607,0.0,6.5618486,2.1484733,0.0,0.0,0.0,0.0,0.0,0.0,0.0,4.4496994,0.0,0.0,0.0,5.390463,0.0,0.0,2.541333,0.0,0.0
2011-05-15,0.0,0.0,9.508269,0.0,0.0,0.0,0.0,0.0,0.0,0.0,0.0,0.0,0.0,0.0,0.0,7.1245565,0.0,0.0,0.0,0.0,0.0,0.0,0.0,0.0,0.0,0.0,0.0,0.0,0.0,0.0
2011-05-16,0.0,0.0,0.0,0.0,0.0,0.0,0.0,0.0,0.0,7.232858,0.0,5.721878,0.0,0.0,0.0,0.0,0.0,0.0,0.0,0.0,0.0,0.0,0.0,0.0,0.0,0.0,0.0,0.0,0.0,0.0
2011-05-17,0.0,0.0,11.81729,0.0,0.0,0.0,11.657694,0.0,0.0,15.554954,0.0,0.0,3.962795,0.0,0.0,5.502609,0.0,0.0,0.0,0.0,4.136067,0.0,0.0,0.0,0.0,0.0,0.0,11.043061,0.0,0.0
2011-05-18,0.0,8.234688,11.745778,0.0,0.0,0.0,12.988263,0.0,0.0,4.9902244,0.0,12.657893,7.512081,6.9752183,0.0,7.472365,10.615641,7.1300673,0.0,9.944038,10.951884,0.0,0.0,0.0,0.0,0.0,0.0,13.88167,0.0,0.0
2011-05-19,3.9552798,6.475802,9.073037,9.510258,16.165318,0.0,9.503169,0.0,0.0,4.2921443,0.0,26.00969,8.214456,21.00028,0.0,13.404893,6.511593,9.951798,0.0,0.0,21.870243,6.078021,5.0978456,0.0,7.5619783,6.0724497,0.0,9.531551,5.6815195,0.0
2011-05-20,3.0399816,24.717875,0.0,19.348421,14.310423,20.525589,7.9644837,20.53165,6.1125083,12.40596,17.473097,21.594654,20.64922,19.40763,9.0517,0.0,20.274582,19.19937,19.19077,23.201328,16.112387,23.547762,17.261524,21.548035,22.97742,22.893854,21.257439,11.961527,7.645346,18.28949
2011-05-21,7.632973,13.459905,5.0702033,18.913803,16.724682,17.671549,10.600623,20.930061,4.572429,5.8902845,11.513004,14.1301,9.895418,8.473804,10.764894,11.116709,10.770509,12.517054,11.919264,11.541723,1.6138213,13.393914,12.177915,7.2584286,9.049511,11.608335,18.276232,14.485723,8.103423,15.820699
2011-05-22,0.0,0.0,0.0,0.0,0.0,8.677444,0.0,0.0,0.0,3.7635045,8.702522,0.0,3.748137,0.0,0.0,0.0,3.3652291,2.8653631,0.0,0.0,4.4992266,8.990694,0.0,0.0,8.156964,0.0,0.0,3.6866038,0.0,0.0
2011-05-23,0.0,9.106854,4.977122,13.930215,14.9616585,12.169671,6.304546,0.0,0.0,5.6645765,0.0,19.48903,6.695806,10.260536,0.0,0.0,7.0619707,3.5013096,0.0,10.665942,8.004232,9.761101,0.0,0.0,16.86228,0.0,0.0,5.5270467,0.0,0.0
2011-05-24,10.338735,17.967316,10.304922,6.8854856,6.775193,10.172196,9.923862,11.231031,0.0,10.092899,9.203425,22.192057,12.051773,21.335,0.0,14.361696,16.750286,10.458546,0.0,22.828745,7.552358,17.363607,8.915748,2.460614,23.378254,10.586003,11.290446,12.5318575,4.1032367,0.0
2011-05-25,7.052079,4.028313,10.527565,5.2423773,10.357229,4.98849,10.401529,0.0,0.0,12.973235,0.0,22.369347,2.6852071,26.314785,0.0,12.779008,8.489774,6.2602487,0.0,25.161186,14.462233,0.0,3.0563445,1.8552417,23.368073,4.581963,0.0,6.8098063,1.4009676,0.0
2011-05-26,7.668774,0.0,18.69045,0.0,3.1799483,0.0,7.1707582,0.0,9.844906,8.634905,0.0,0.0,0.0,0.0,8.217073,23.293064,0.0,8.063881,0.0,9.826724,0.0,0.0,0.0,2.7552404,12.824178,11.298211,0.0,10.076391,8.265108,0.0
2011-05-27,0.0,22.795094,15.691737,10.352019,8.930169,8.515306,3.867286,0.0,0.0,19.708088,0.0,13.463755,24.853802,27.187305,0.0,21.855854,26.046228,15.565407,0.0,25.402767,18.810759,0.0,14.577324,0.0,24.165852,11.328385,11.355637,11.319577,0.0,0.0
2011-05-28,4.7469954,20.236311,14.241832,12.867933,10.416311,15.61373,17.079668,18.502369,0.0,27.76971,19.70869,12.042489,11.420466,38.35126,0.0,0.0,17.587769,14.816118,10.258886,37.8505,31.60394,22.807981,13.501552,6.431191,25.316383,9.332416,12.852858,17.101204,0.0,9.345126
2011-05-29,6.222752,16.198763,5.9328175,9.059452,11.38357,7.725497,6.031213,0.0,0.0,0.0,8.891724,24.407566,11.649929,13.595631,0.0,0.0,13.704469,14.416024,0.0,15.150826,16.006424,15.969376,0.0,0.0,10.912796,7.942739,0.0,12.650104,0.0,0.0
2011-05-30,0.0,24.474297,12.086195,24.800339,24.68833,21.621082,16.727066,13.072173,0.0,14.107492,17.415333,47.36293,19.119713,50.022896,11.610332,0.0,16.989317,25.764343,0.0,30.433317,17.759443,27.99977,6.166194,0.0,48.850773,7.2501287,0.0,24.060978,8.643105,0.0
2011-05-31,9.081938,17.048157,37.17396,32.58407,34.14055,14.426273,29.685759,8.072577,0.0,19.41196,11.558963,29.14969,17.724188,15.436425,3.9900415,10.927927,17.745739,19.337456,0.0,10.021631,23.099031,13.466623,14.126395,3.1577914,11.517448,11.282369,0.0,36.211563,8.88174,0.0
2011-06-01,22.12292,12.177206,98.6406,22.64215,24.432909,16.606266,53.228443,9.307705,5.3047986,63.068325,11.938207,33.8607,22.886522,30.715729,10.300747,109.20379,6.5267015,31.477701,2.1923134,8.00317,104.939255,12.72021,12.048967,3.523051,29.890945,11.974027,5.5263863,82.63006,12.103563,1.7525004
2011-06-02,22.907639,13.599434,92.691124,5.3238816,5.2400637,5.314211,36.845867,10.743402,7.045454,149.65329,5.986854,0.0,26.7865,20.468046,5.5283785,48.134304,7.331835,31.257616,3.4777648,13.979643,236.17007,8.766447,13.536474,4.3770347,14.245035,9.660345,13.492212,44.797333,6.9186673,5.010062
2011-06-03,29.387415,5.468173,51.02066,0.0,0.0,0.0,23.319374,0.0,0.0,37.66414,0.0,12.20702,11.350948,13.150513,0.0,54.601894,4.3773956,10.716218,0.0,5.254534,58.38206,0.0,5.7660637,0.0,8.850861,5.360929,0.0,27.119698,0.0,0.0
2011-06-04,0.0,12.23437,0.0,0.0,0.0,4.3208094,0.0,6.8830996,0.0,27.590391,6.2680993,0.0,13.249407,13.413859,0.0,0.0,9.680322,0.0,4.1862254,24.573313,62.359676,7.6976533,12.94656,0.0,20.20414,4.712912,11.823462,0.0,0.0,9.678923
2011-06-05,0.0,0.0,0.0,0.0,0.0,0.0,0.0,0.0,0.0,0.0,0.0,0.0,0.0,0.0,0.0,0.0,0.0,0.0,0.0,0.0,0.0,0.0,5.7660637,0.17201789,0.0,0.0,0.0,0.0,0.0,0.0
2011-06-06,0.14220747,12.41997,17.239851,40.532135,34.046852,30.301523,22.075346,11.087725,29.974747,24.13164,19.254377,24.12713,13.547087,16.314096,28.318943,11.389681,6.6104307,18.832178,6.052749,11.738699,25.332588,11.963246,16.344229,5.717232,20.330711,11.122547,12.24327,42.39315,28.004585,9.232811
2011-06-07,0.0,0.0,0.0,0.0,0.0,0.0,0.0,0.94010556,0.0,0.0,0.9960018,0.0,0.0,0.0,0.0,0.0,0.0,0.0,4.445512,0.0,0.0,0.0,4.7650275,0.0,0.0,0.0,4.910802,0.0,0.0,4.8001924
2011-06-08,0.0,2.8461735,0.0,13.0295105,11.99547,8.528688,0.0,0.0,0.0,1.1918356,0.0,11.722691,3.5198977,10.801984,4.8240504,0.0,2.1982021,0.0,0.0,3.5211716,15.529258,0.0,2.676633,0.0,9.811361,0.0,0.0,2.5934403,9.6314335,0.0
2011-06-09,0.0,3.8924208,0.0,19.465748,17.257017,6.3261003,10.647504,2.2753465,9.931954,5.3812184,5.301991,0.0,7.1578913,0.852934,12.626018,0.0,0.9749558,11.333434,3.3649426,3.0450585,0.0,0.0,4.6733227,0.0,2.9535217,8.674,3.8323703,14.025558,9.752324,3.93933
2011-06-10,0.0,0.0,0.0,12.918699,20.105093,0.0,0.0,0.0,10.10583,0.0,0.0,0.0,0.0,0.0,9.868537,0.0,0.0,0.0,0.0,0.0,0.0,0.0,0.0,0.0,0.0,0.0,0.0,0.0,20.876135,0.0
2011-06-11,0.0,1.6874192,0.0,6.614254,7.36379,2.776514,5.608424,0.0,6.074564,18.275227,0.0,0.0,0.0,0.24651173,5.900018,0.0,0.1701619,4.6321306,0.0,1.7025774,0.0,1.0739868,3.4015822,0.0,2.580542,0.0,2.5702395,9.6391325,6.8273582,2.1531596
2011-06-12,0.0,0.0,0.0,7.6253147,1.627472,4.6912165,0.0,0.0,2.608182,0.0,1.9477993,2.6185033,0.0,0.0,2.205352,0.0,0.0,0.0,0.0,0.0,0.0,0.0,0.0,0.0,0.0,0.0,0.0,0.0,2.1870334,0.0
2011-06-13,0.0,0.0,27.832764,2.5868168,2.6645935,1.735067,7.850799,0.0,2.9774506,13.53801,0.0,0.0,5.8175006,0.0,2.58265,19.893087,0.0,6.883259,0.0,1.8917577,11.938226,0.0,0.0,0.0,1.1887298,6.445965,0.0,14.941734,2.5530596,0.0
2011-06-14,41.02193,11.41093,85.385544,8.201747,8.713942,7.730769,41.427063,5.191726,8.03696,35.623394,7.1814747,6.2411056,15.952912,5.9187512,7.3636937,71.39434,4.1075306,27.72594,4.777654,6.9026318,51.221348,5.4498496,12.663785,13.004845,7.492491,17.529737,8.560827,46.333775,7.3982573,6.952351
2011-06-15,0.0,0.0,19.018887,0.0,0.0,0.0,0.0,0.0,0.0,0.0,0.0,1.5000932,1.478757,0.0,0.0,19.461143,0.0,2.3714957,0.0,0.0,0.0,0.0,0.0,0.0,0.0,3.027428,0.0,0.0,0.0,0.0
2011-06-16,0.0,0.0,0.0,0.0,0.0,0.0,0.0,0.0,0.0,0.0,0.0,0.0,0.0,0.0,0.0,0.0,0.0,0.0,0.0,0.0,0.0,0.0,0.0,0.0,0.0,0.0,0.0,0.0,0.0,0.0
2011-06-17,0.0,4.8822556,0.0,0.0,3.6703541,4.6205993,0.0,3.0843153,4.1985784,23.547148,4.884348,3.8351784,7.727691,5.798394,4.5516725,0.0,0.0,0.0,0.7705943,6.462682,41.684513,4.935634,0.0,0.0,8.688713,0.0,2.4659798,20.32027,4.5706825,2.1659188
2011-06-18,0.0,10.98382,0.0,0.0,0.0,0.0,0.0,0.0,0.0,17.403614,0.0,0.0,6.027031,0.0,0.0,0.0,4.332422,5.674718,0.0,0.0,94.02784,0.0,11.524274,0.0,0.0,9.590626,1.0141535,17.436245,0.0,0.0
2011-06-19,0.0,0.0,0.0,0.0,0.0,0.0,0.0,0.0,0.0,0.0,0.0,0.0,0.0,0.0,0.0,0.0,0.0,0.0,0.0,0.0,0.0,0.0,0.0,0.0,0.0,0.0,0.0,0.0,0.0,0.0
2011-06-20,0.0,0.0,0.0,0.0,0.0,0.0,0.0,0.0,0.0,0.0,0.0,0.0,0.0,0.0,0.0,0.0,0.0,0.0,0.0,0.0,0.0,0.0,0.0,0.0,0.0,0.0,0.0,0.0,0.0,0.0
2011-06-21,0.0,0.0,0.0,0.0,0.0,0.0,0.0,0.0,0.0,0.0,0.0,0.0,0.0,0.0,0.0,0.0,0.0,0.0,0.0,0.0,0.0,0.0,0.0,0.0,0.0,0.0,0.0,0.0,0.0,0.0
2011-06-22,0.0,0.0,0.0,0.0,0.0,0.0,0.0,0.0,0.0,0.0,0.0,0.0,0.0,0.0,0.0,0.0,0.0,0.0,0.0,0.0,0.0,0.0,0.0,0.0,0.0,0.0,0.0,0.0,0.0,0.0
2011-06-23,0.0,0.0,0.0,0.0,0.0,0.0,0.0,0.0,0.0,0.0,4.5271683,0.0,0.0,1.0059756,1.7530549,0.0,0.0,0.0,0.0,0.0,0.0,0.0,0.0,0.0,0.0,0.0,0.0,0.0,0.0,0.0
2011-06-24,0.0,4.527945,0.0,21.716986,21.838055,9.604881,0.0,7.7892103,12.617273,0.0,4.253684,12.173864,0.0,0.0,11.854577,0.0,0.0,0.0,3.9886026,2.6936111,0.0,7.145059,0.0,0.0,6.8245406,3.1072564,4.170208,0.0,13.140643,4.491361
2011-06-25,11.133523,18.941097,35.691536,17.083492,12.986997,13.2142515,37.834354,7.9253936,0.0,54.144974,8.169771,14.908319,23.029995,16.809456,4.882989,8.158788,9.816452,31.022995,9.232482,13.716048,102.130005,8.169772,26.96634,25.852242,17.741238,39.914772,17.280033,45.098713,0.0,12.163326
2011-06-26,0.0,0.0,0.0,2.6672263,8.200041,0.0,0.0,0.0,0.0,0.0,0.0,0.0,0.0,0.0,2.8575864,0.0,0.0,0.0,0.0,0.0,0.0,0.0,0.0,0.0,0.0,0.0,0.0,0.0,5.7816067,0.0
2011-06-27,0.0,0.0,0.0,0.0,0.0,0.0,0.0,0.0,6.768648,26.231667,0.0,0.0,0.0,0.0,5.1651983,0.0,0.0,0.0,0.0,0.0,0.0,0.0,0.0,0.0,0.0,0.0,0.0,0.0,5.9972944,0.0
2011-06-28,0.0,0.0,0.0,5.518363,0.0,5.163984,0.0,0.0,0.0,0.0,0.0,0.0,0.0,0.0,2.1213832,0.0,0.0,0.0,0.0,0.0,0.0,0.0,0.0,0.0,0.0,0.0,0.0,0.0,0.0,0.0
2011-06-29,0.0,0.0,0.0,0.0,0.0,0.0,0.0,0.0,0.0,0.0,0.0,0.0,0.0,0.0,0.0,5.0588512,0.0,0.0,0.0,0.0,0.0,0.0,0.0,0.0,0.0,0.0,0.0,0.0,0.0,0.0
2011-06-30,0.0,9.608849,19.4899,0.0,14.36603,0.0,9.69873,0.0,0.0,56.358685,0.0,12.986777,25.687012,0.0,0.0,20.559671,0.0,19.937702,0.0,0.0,22.52948,0.0,10.819072,0.0,0.0,17.444796,0.0,39.601124,0.0,0.0
2011-07-01,3.4606164,16.487682,10.586161,16.06365,27.43828,12.709468,16.233124,4.1374097,0.0,18.053543,10.612027,17.286705,15.019744,6.0044417,7.6768064,0.0,6.0332975,17.13474,0.0,10.791405,26.08994,12.181183,12.464602,1.4911611,14.002424,16.148006,5.3412633,18.154743,10.16783,0.0
2011-07-02,0.0,15.387646,0.0,13.6079,26.539106,16.8953,4.3499703,15.953139,9.691847,14.099333,16.825672,21.994053,11.652373,4.6331873,9.530336,0.0,12.008789,11.781219,7.294922,21.088385,16.588373,16.883368,15.087486,1.0744718,23.313267,9.737213,11.6954,12.489485,16.487999,5.6509786
2011-07-03,3.6758022,18.75893,10.486305,11.086,26.539106,11.525359,5.208938,8.615186,11.209776,2.7493408,11.169702,16.062233,9.4128065,5.8415804,10.803547,15.762208,10.838007,15.434287,12.92751,11.181898,18.446518,12.071262,20.012688,3.2220135,16.895267,16.54093,14.630537,8.420307,13.133045,12.92751
2011-07-04,10.78996,17.703165,30.572157,12.347154,12.984771,10.583323,20.812756,8.360283,16.502483,15.850041,8.053633,11.27378,18.43987,4.995873,14.091598,20.061678,9.986675,22.869873,8.131674,12.737281,24.291576,9.816862,19.744143,3.5603433,12.595765,22.57739,13.703367,20.588373,15.233444,9.515982
2011-07-05,8.998634,25.473175,21.356054,31.405937,43.855873,18.625673,14.949103,9.175132,27.240587,16.720255,19.552267,16.828014,25.681126,3.4765213,21.03025,28.495316,9.986675,28.485249,10.030346,15.012568,25.914755,12.336297,29.141573,3.4914687,17.047718,29.71096,13.646119,20.910099,31.586788,10.395541
2011-07-06,12.122719,4.4789805,58.0696,15.895569,34.537003,8.168298,28.323933,2.3771782,16.268005,0.0,7.558653,7.202079,11.518425,0.25144884,15.778988,19.752817,0.0,11.142231,1.7148155,7.01655,19.1164,4.309369,3.186525,0.13687633,6.8838215,1.2145932,1.3841691,32.755,24.59962,1.6657033
2011-07-07,0.0,0.0,0.0,17.962173,16.906027,7.7594085,23.176165,0.0,13.7009735,0.0,0.0,12.444482,10.079515,0.0,12.928076,0.0,0.0,21.513466,0.0,0.0,30.716238,0.0,0.0,0.0,3.5806022,0.0,0.0,25.959538,12.800453,0.0
2011-07-08,3.2988718,11.0704155,13.624936,0.0,0.0,2.4831057,28.326273,5.7485933,0.0,16.65856,4.1504383,0.0,15.33307,2.0893736,0.0,0.0,5.5559444,23.055885,2.0664878,3.617386,11.0512705,6.852363,12.615833,0.38569272,5.722512,15.7516365,9.811356,25.838528,0.0,2.882212
2011-07-09,10.23568,21.010803,33.94963,18.553074,7.1102576,19.098787,17.28892,7.3751655,4.226143,40.703423,9.533547,20.887093,15.963215,5.983022,0.0,36.767067,16.935764,14.898304,0.43695962,14.2565,60.951946,11.776155,22.375397,0.11969065,23.018948,1.1115361,2.4885457,32.162773,3.4102118,0.0
2011-07-10,0.0,24.956467,0.0,0.0,0.0,0.0,2.1406527,0.0,0.0,13.124567,0.0,0.0,15.674681,0.9353733,0.0,0.0,2.7851145,24.904345,0.0,0.0,0.0,0.0,25.154112,0.19703797,0.0,26.286245,0.0,0.0,0.0,0.0
2011-07-11,0.0,16.172695,0.0,10.830527,10.776559,10.909805,18.12579,10.606034,0.0,20.499327,9.308717,11.25355,14.402729,2.9455433,8.660297,0.0,7.303171,17.513754,9.044072,10.022055,23.018473,13.345899,16.357582,0.0,12.520594,13.357272,12.7034645,21.930779,2.6351352,9.044072
2011-07-12,9.761517,22.114515,36.2148,12.175424,10.518945,13.440712,29.172852,5.797323,12.057015,19.100462,15.141851,11.130959,23.765999,4.461161,13.639541,38.742657,6.9254966,26.651815,5.183877,7.9859047,27.89735,2.2302103,22.219906,0.0,11.675847,24.20148,11.256763,16.978987,13.465894,5.468831
2011-07-13,0.0,18.543991,34.585228,15.877769,20.623095,16.397278,21.098314,12.3367195,12.774329,25.825521,13.366572,17.900177,22.044283,10.169753,12.748947,15.816965,7.6390796,23.545233,5.976054,19.383488,62.295692,14.3178625,16.971249,0.0,22.704634,18.040026,8.966139,36.09321,20.291142,3.08369
2011-07-14,0.0,2.7057645,2.990114,8.039924,10.659995,4.400102,0.0,3.4934597,2.027951,0.0,3.6973891,4.5565805,0.0,1.264086,6.8475194,14.644721,1.2830157,0.0,0.0,2.029005,0.0,3.6733823,0.0,0.0,0.0,0.0,0.0,0.0,4.3950286,0.0
2011-07-15,0.0,0.0,0.0,0.0,0.0,0.0,0.0,0.0,0.0,0.0,0.0,0.0,0.0,0.0,0.0,8.136267,0.0,0.0,0.0,0.0,0.0,0.0,0.0,0.0,0.0,0.0,0.0,0.0,0.0,0.0
2011-07-16,0.0,0.0,0.0,10.943102,16.494452,6.3834143,0.0,0.0,10.486761,0.0,2.955705,8.793277,0.0,0.7435596,9.83266,0.0,0.0,0.0,0.0,0.0,16.111567,0.0,0.0,0.0,5.6823683,0.0,0.0,0.0,5.6854515,0.0
2011-07-17,0.0,0.0,0.0,0.0,0.0,0.0,0.0,0.0,0.0,0.0,0.0,0.0,2.9693213,0.0,0.0,0.0,0.0,0.0,0.0,0.0,10.924413,0.0,0.0,0.0,0.0,0.0,0.0,0.0,0.0,0.0
2011-07-18,0.0,0.0,0.0,0.0,3.2771108,0.0,0.0,0.0,0.0,0.0,0.0,0.0,0.0,0.0,0.0,0.0,0.0,0.0,0.0,0.0,0.0,0.0,0.0,0.0,0.0,0.0,0.0,0.0,5.5722284,0.0
2011-07-19,0.0,1.0139776,0.0,4.956807,9.239553,0.0,0.0,2.5679524,5.9283953,11.939955,2.6757367,2.6966214,5.9417067,0.0,5.932533,0.0,0.0,0.0,1.497242,0.0,0.0,0.41334814,0.0,0.0,0.0,0.0,2.2385368,15.535679,8.046144,1.7433506
2011-07-20,0.0,12.277845,0.0,13.742931,10.651389,13.734818,0.0,7.622036,7.897495,35.129288,10.370547,13.441182,11.830641,5.9366784,6.842957,0.0,6.876466,6.8659554,1.9113327,15.519994,66.82581,11.213962,12.313472,0.0,16.320492,11.231821,4.4656925,8.90466,7.390199,0.0
2011-07-21,0.0,3.2493455,0.0,7.009292,15.038491,2.521326,0.0,1.2969544,8.4738035,4.3662577,0.5331742,8.383917,5.3645544,2.0029316,5.06489,0.0,2.131846,0.0,0.047437266,1.1393328,11.772998,1.69611,0.0,0.0,3.009582,0.0,0.0,2.2788546,6.149572,0.0
2011-07-22,3.046281,8.569368,10.260439,7.617258,12.1491375,2.6261764,5.302428,1.5621655,8.049474,9.452222,1.7795111,4.8412747,7.145935,1.9291513,8.0253,12.760126,8.050556,7.5281963,4.4702506,2.0926878,9.334248,2.3305483,8.24862,0.112702265,2.7758064,5.1751275,3.7647104,9.66453,14.19531,5.0234632
2011-07-23,2.443826,8.002657,7.0790834,7.7457914,7.610606,7.623227,7.346127,2.604962,6.777687,25.53348,2.335579,8.196808,12.303804,2.2813146,7.0026283,6.115686,3.5652509,12.515974,0.63113683,10.184296,12.449567,3.4664843,9.255552,0.7167596,10.723268,9.835875,2.4347477,15.371843,7.4539094,1.0025859
2011-07-24,1.1709048,2.876678,11.583949,5.047287,10.0256605,4.117989,10.207933,3.1028657,6.777687,5.2107606,4.765914,5.3833776,5.038095,2.3594723,6.5062056,2.877752,0.88560504,7.04592,2.01159,4.347684,10.8556385,2.8048906,5.182994,0.64844704,4.475023,3.9790516,2.5882144,13.991895,7.5789146,1.8301635
2011-07-25,6.0062184,19.391146,30.39735,9.219216,8.714564,8.924466,21.60391,4.553107,1.9628042,16.751179,6.5456023,11.067714,24.124893,6.576811,3.7524173,33.897984,5.725219,26.005486,5.2366614,6.437192,50.765945,6.5568,21.999184,0.69855523,11.152175,24.35822,10.932623,27.640022,1.8120296,5.816733
2011-07-26,5.675309,10.223709,27.195147,6.434927,12.350202,4.4263964,16.780941,5.267896,0.0,14.271752,3.828031,10.167573,14.964205,5.5470924,1.743858,0.0,7.4537153,20.079842,2.493656,2.622645,41.912125,5.280569,13.661514,3.186189,5.802511,15.60129,4.3611636,20.359749,5.269716,2.8269305
2011-07-27,0.0,0.0,0.0,9.448263,16.393566,3.9960814,0.0,1.9311239,7.706803,0.0,4.1693425,5.639727,0.0,0.0,8.111588,0.0,0.0,0.0,0.0,0.0,0.0,1.0445749,0.0,0.0,0.0,0.0,0.0,7.431794,9.533711,0.0
2011-07-28,0.0,4.7964773,0.0,11.03027,5.8809586,12.267367,8.351349,8.174612,2.8159554,0.0,12.820103,11.792994,6.2873907,2.1363056,7.8697963,0.0,2.7993548,11.464283,4.4736986,7.921996,7.2353077,8.19545,3.689515,0.0,11.27301,1.0627853,5.3069267,14.572976,3.5643563,3.1769376
2011-07-29,0.0,9.260518,0.0,4.1819696,3.932846,5.045575,1.967716,5.3982344,2.6145093,9.506355,5.4179306,5.428359,11.626357,2.4558132,5.0351915,0.0,5.663879,15.964264,7.0290017,3.8889656,16.852114,4.0060534,13.499633,0.6884482,5.541072,14.276045,10.2842045,0.0,2.8257318,7.0290017
2011-07-30,7.390468,4.969592,18.758226,5.2006636,6.307708,4.0494795,7.392882,3.8537202,12.3053055,21.764181,3.5812488,3.4620974,6.879022,3.8793137,10.590155,3.1998253,3.362596,7.06155,3.3604338,3.9110153,22.412323,3.7550893,6.423654,1.9956111,4.372911,7.3151145,3.4930506,10.296159,11.25347,3.019601
2011-07-31,1.5436422,1.4216775,7.4383245,3.1907272,2.654321,2.1554441,4.019399,0.0,4.4999056,1.6276572,0.0,0.0,3.6865683,2.713275,4.061882,12.962124,2.478911,4.995551,2.1617436,1.4210078,12.236943,0.0,4.616535,0.79951715,2.240958,5.389488,3.1450303,5.28009,3.0009573,2.2599046
2011-08-01,0.200559,2.7768083,0.0,3.262141,3.5932438,2.3958452,1.1833726,0.0,3.6394753,6.7722692,0.0,4.4140515,6.6087112,0.0,3.2788818,0.0,1.6356213,6.1750627,2.360545,0.0,0.0,0.0,5.8338027,0.10944142,0.0,3.6147125,5.994934,7.860777,2.6378129,3.1576703
2011-08-02,2.5516412,7.1820054,9.12997,6.4499416,6.882972,6.618042,4.827922,4.2338443,8.143442,21.12105,6.0334425,9.238403,7.3141823,8.678081,7.2513285,8.883994,5.2447352,6.7902155,3.1151857,6.4168744,38.87623,8.259893,4.8351297,0.0,9.096872,1.6657062,5.642047,12.046842,7.241865,4.7109237
2011-08-03,21.222244,16.423834,30.441366,6.4643555,9.767713,4.895654,26.503471,8.468619,5.1136785,18.187788,3.6856096,15.20729,29.10442,11.71078,4.2293625,31.016571,11.584804,31.152525,5.8458786,6.8690677,26.601898,6.3862505,15.384567,7.991078,6.13789,16.024725,10.81244,45.717224,7.2268434,5.8458786
2011-08-04,0.0,4.364425,0.0,3.393313,1.9755188,8.800854,0.0,3.3335836,3.9584558,8.720539,7.5081015,3.673763,6.066503,6.137496,5.5332828,0.0,4.224964,0.0,0.0,7.671325,2.745327,6.7451205,0.0,0.0,8.217312,0.0,0.0,7.938778,2.2791252,0.0
2011-08-05,0.0,6.0632977,0.0,6.273067,7.240327,6.0064063,0.0,3.4449775,7.36126,15.258015,1.72218,7.359421,12.32558,5.0818777,6.159864,0.77181023,3.5236263,8.843895,0.0,1.7765559,4.3107347,4.6729035,11.016538,0.0,5.277446,11.369949,3.7396789,12.956654,7.3710256,0.0
2011-08-06,0.0,4.559388,0.0,11.315937,8.281693,8.137136,6.0098715,3.041641,14.61562,6.6069803,7.5963006,8.468915,17.6612,8.874354,12.273532,0.0,0.0,12.9214525,0.0,9.787907,13.082183,6.748509,4.1405377,0.0,9.43627,4.425578,0.0,18.042799,13.040399,0.0
2011-08-07,0.0,1.3847938,0.0,3.709402,4.8482966,4.55702,0.0,1.7938812,0.0,0.0,4.1854224,0.0,0.0,0.0,3.7611897,10.038196,0.0,0.0,0.0,3.2957797,0.0,3.0261521,0.0,0.0,4.808119,0.0,0.0,0.0,0.0,0.0
2011-08-08,0.0,11.573193,0.0,12.006729,13.141422,12.973809,6.2691836,0.0,4.467859,30.962515,6.7381315,15.454112,28.697878,11.42602,7.329949,0.0,6.3330812,23.57664,0.0,8.737797,17.282213,2.1530685,13.351654,0.0,13.6894245,13.841054,3.3770647,28.622797,10.49448,0.0
2011-08-09,0.0,7.7314205,0.0,9.747045,9.640235,13.227116,10.780888,3.7140324,0.0,22.024342,8.109202,14.986824,16.74243,14.204074,4.5495024,0.0,7.6218576,13.93862,2.5465043,9.4413805,17.66049,4.836588,6.9332666,0.0,15.988837,6.8741493,3.7267015,17.346903,0.0,0.0
2011-08-10,0.0,14.078657,16.646011,21.809391,19.117338,19.561705,22.410616,15.181864,4.362004,31.623417,12.125043,29.775785,21.142843,28.662054,7.3014765,0.0,15.521396,13.8976555,7.842019,22.86496,50.270103,15.997904,9.665933,3.5493855,26.313465,6.9965954,10.4411955,26.453468,11.846324,9.146562
2011-08-11,2.184419,18.562899,8.588385,35.468437,24.8855,36.251617,16.175514,14.500529,6.1944904,19.679956,18.237211,38.948017,23.624107,21.1104,15.813387,0.0,16.583908,22.786861,13.824683,23.641218,27.857212,20.93487,18.596155,2.7511497,36.716625,18.553337,16.753254,23.908125,10.1369705,14.666197
2011-08-12,5.245085,13.248046,6.6989994,1.5133805,5.2773695,10.447006,6.818154,6.2928643,0.0,8.695192,11.17374,5.5076895,20.774515,4.452844,0.0,5.4938164,7.124076,18.787094,11.378336,5.41871,2.4308982,5.6001368,19.472507,10.147818,6.197233,19.37671,16.638607,23.239489,5.5081377,10.73009
2011-08-13,0.99038315,5.570589,2.0541759,12.445839,4.2805643,10.696431,5.1210017,7.951565,13.0107565,5.9415874,6.087081,11.247023,6.381355,6.663678,7.778883,0.0,4.0261836,6.716453,3.6577666,5.1067505,8.91636,5.841253,4.78829,0.0,11.627472,5.67655,7.310335,6.2099648,4.305399,6.9701724
2011-08-14,8.94479,8.954054,10.3927765,8.405266,8.434486,5.4822884,10.728293,9.891325,0.0,8.120998,4.933851,12.941855,8.264948,11.108201,7.9236994,5.2976623,7.921301,9.6148205,0.0,9.560799,25.156822,10.423893,5.517495,8.102009,11.160542,8.31861,7.791277,12.861781,9.419949,4.46395
2011-08-15,9.276564,8.521197,22.952597,13.177965,13.750026,11.1591425,26.704449,5.347124,0.0,16.644524,4.902562,16.068521,15.322958,11.824942,4.728034,5.520466,9.662716,25.081282,3.3085537,12.728408,15.640229,5.252201,8.538429,2.8976052,13.383903,8.784235,5.5994763,25.206371,10.891137,5.6307297
2011-08-16,7.1777697,7.70168,13.459897,12.461456,14.84431,17.488659,15.487007,9.352372,6.860257,17.160778,15.85168,20.335592,15.408638,22.960276,9.624468,0.0,7.6723104,15.303141,11.741931,12.8480215,34.56716,10.85434,14.39031,7.145496,16.706532,11.856825,17.727997,18.798946,6.968621,15.856238
2011-08-17,14.677684,34.764057,33.726685,37.420074,14.554796,38.398678,39.154915,24.73064,0.0,33.626553,20.269974,40.35992,42.154793,25.580961,10.903532,6.3185205,23.127039,46.859642,12.696802,26.874079,31.25519,23.574455,31.344498,12.569017,38.35031,32.37291,24.132349,59.286846,9.299177,13.354822
2011-08-18,3.5370958,14.11591,8.933717,23.988474,29.689468,20.535233,8.476179,10.1646185,17.998938,14.209846,9.58553,37.49518,13.388436,27.374866,15.571331,1.880938,14.829812,10.742563,4.2322674,26.625889,13.5305395,10.438957,8.935082,0.8514181,36.27316,8.946168,8.618073,10.403968,19.204287,6.5629926
2011-08-19,0.0,8.931356,2.4864857,28.647362,19.817957,26.115286,3.456435,9.533853,20.58077,4.241159,9.66871,25.992605,0.0,12.874824,23.802649,0.0,5.326528,8.577173,16.111904,9.239525,11.45696,9.408443,14.6813545,5.794281,22.150612,9.540986,17.220003,0.0,20.568329,14.823809
2011-08-20,6.299445,16.890892,9.576669,16.41629,22.943687,15.127017,12.248419,10.12369,20.58077,10.20461,15.497732,18.366535,21.444187,13.665784,20.247402,0.0,8.819179,14.174598,5.243848,12.835766,19.030771,11.752639,12.078076,0.8855414,15.0493355,12.439259,9.839868,22.50248,22.134365,7.9622164
2011-08-21,15.54346,14.641873,18.422901,24.46151,18.796944,23.793776,12.4550085,13.92456,12.945283,19.472788,16.261955,26.568563,19.611805,19.367657,14.366485,0.0,12.087824,20.158567,11.862238,19.60482,19.248316,13.201845,15.156681,6.6900167,24.736076,14.314851,15.165802,22.841145,17.681585,14.584741
2011-08-22,4.3158956,10.828417,11.00245,3.7923403,12.0297165,5.618085,16.179369,0.0,10.438251,18.038902,4.1112947,11.598863,19.302515,9.866219,6.287012,0.0,9.835694,20.159275,0.0,8.735711,10.784976,3.499329,6.6092863,3.240838,8.113707,8.083109,0.0,23.648561,12.985446,0.0
2011-08-23,0.0,10.735515,2.5687132,20.33442,17.709997,14.965432,1.5914164,8.203783,0.0,13.546946,6.561876,23.257,12.236993,11.543234,2.546419,0.7432999,10.752617,9.934061,2.8363137,14.172762,11.159424,9.500571,6.2565885,0.15989785,16.207634,6.785575,4.499445,9.718096,11.969347,0.0
2011-08-24,0.10503318,15.924794,5.2320595,19.852627,18.56437,22.073605,8.040215,12.238083,19.460217,24.201477,16.885149,29.443665,25.594006,22.326307,18.286066,0.0,16.454243,18.720245,4.4179387,16.25678,23.581753,18.072855,12.730319,3.514885,22.067898,10.510546,12.959657,26.004593,18.555376,7.0634365
2011-08-25,4.3029776,17.617329,14.107637,22.65104,18.796944,19.494852,20.529245,10.545539,15.994731,19.549692,14.683109,27.272232,23.479834,12.680318,18.75994,7.682443,13.226081,21.270212,8.35829,12.1532,8.025347,9.818005,18.080313,9.547418,14.726202,18.05576,13.128019,26.01732,12.780194,8.082705
2011-08-26,7.5722227,15.863118,17.998747,15.907912,11.824215,14.193184,19.35926,10.59915,11.411652,25.336538,12.047228,15.783293,26.17358,13.590138,10.826984,16.109646,12.385946,21.631678,11.678524,10.7041855,16.528427,9.023802,14.677917,7.336123,15.406573,14.087031,14.282791,32.006676,11.478538,14.2906
2011-08-27,4.0065265,7.0992527,10.715165,9.5508995,9.22423,11.289121,6.20089,7.442768,17.259344,28.26544,11.331906,9.867192,11.187064,8.274083,15.976236,13.796061,6.894098,5.1244845,7.636604,10.829859,5.2767572,7.9199715,9.225664,5.4936643,10.715765,9.206643,6.4373536,12.315527,16.002861,6.495582
2011-08-28,0.0,4.000595,0.0,2.674532,0.0,3.844854,0.0,7.269653,0.0,0.0,6.1121526,0.0,0.0,0.0,0.0,0.0,2.5649452,0.0,4.53333,0.0,0.0,7.0644317,0.0,0.0,1.8054128,0.0,2.9545374,0.0,0.0,1.8864205
2011-08-29,0.0,0.0,12.629771,0.0,0.0,3.052236,0.0,0.0,15.999693,0.0,3.0993865,0.0,0.0,0.0,10.165004,20.878794,0.0,0.0,2.2983363,0.0,0.0,0.0,0.0,0.0,0.0,0.0,0.0,0.0,14.182087,1.7965778
2011-08-30,0.0,3.054968,7.082531,4.5681458,2.747583,4.3304152,6.0512924,3.8796115,0.0,0.0,3.7131205,0.0,0.0,0.0,3.616224,13.557529,0.0,3.4804015,4.227403,0.0,0.0,4.012094,0.0,0.0,0.0,0.0,0.0,7.8260336,0.0,0.0
2011-08-31,6.3622785,10.52741,14.109997,5.1893973,3.7783597,3.6445606,10.459801,0.0,3.830606,11.720024,0.0,7.535589,18.369112,13.862527,3.127295,13.612646,8.377687,16.094282,4.980338,0.0,31.589073,0.0,9.413743,3.095508,5.3588924,9.595538,5.3730755,18.74906,3.2311704,4.6499405
2011-09-01,26.878672,7.039214,59.984325,23.38522,19.459822,21.138935,39.698193,6.7196326,18.237782,26.506542,11.727327,22.556175,13.475654,21.507088,20.013384,66.99011,6.6908712,42.64728,6.7960887,13.319717,42.644264,8.7594595,12.53271,10.585963,20.156618,23.336216,7.935014,53.03634,18.896812,8.547541
2011-09-02,8.776756,33.435513,10.727179,15.605942,6.1521506,22.609686,6.121998,23.130016,6.46586,36.24332,22.453606,22.478748,31.896267,20.845724,10.316834,0.0,33.75954,27.846077,15.890383,18.862541,41.768326,19.90869,25.638922,7.8949265,24.634853,22.568962,23.938244,23.38746,0.0,17.865685
2011-09-03,21.786015,0.0,36.65336,0.0,0.0,0.0,0.0,0.0,0.0,11.515263,0.0,9.663603,14.356833,0.0,0.0,53.80291,0.0,14.722272,5.7930555,0.0,0.0,0.0,5.5457487,1.2893288,6.9657774,0.0,6.4185705,18.505497,0.0,6.885351
2011-09-04,0.0,12.4107065,0.0,7.500589,5.3988605,8.620528,0.0,0.0,0.0,19.288715,7.0102606,25.88935,22.603994,21.383226,0.0,0.0,11.838473,23.333818,0.0,14.190964,25.043915,0.0,12.472679,0.0,20.747406,14.893118,0.0,29.974758,0.0,0.0
2011-09-05,0.0,30.240376,0.0,12.92156,11.918065,16.013762,0.0,18.648125,0.0,27.059465,19.874401,17.434082,40.41584,19.72138,7.861238,0.0,26.981026,31.241112,20.376299,20.391516,16.67541,20.021622,26.289698,0.0,19.642635,30.613949,20.875359,44.04983,4.914312,21.677094
2011-09-06,2.6677122,16.120924,1.3802443,5.9206977,5.2076526,7.4117856,5.195716,8.638813,6.4863863,5.388999,8.063892,10.873788,17.992168,11.663351,5.3182282,0.0,4.318053,18.831873,10.118679,8.215209,16.88785,10.857382,19.181871,5.5041637,12.199917,19.551334,10.546753,11.439213,9.158334,9.104592
2011-09-07,0.0,5.8477573,0.0,1.0324994,0.0,3.365639,1.2248645,5.581029,0.0,3.5653944,5.796344,3.1791131,5.8115544,3.8675103,0.0,0.0,5.205969,3.5433445,6.2091007,1.0922879,0.0,4.047796,4.689309,0.0,3.9695933,3.848709,5.961076,0.0,0.0,5.915146
2011-09-08,0.0,6.582092,0.0,10.778506,10.99098,6.6216264,5.0464754,6.9741383,14.9513235,9.633061,3.7668507,5.5151978,11.814155,5.290423,10.8763485,0.0,7.0428786,10.749472,4.887336,4.5838165,2.647759,5.9382124,3.4995894,0.0,5.0295124,4.280829,6.857318,11.893118,10.99195,4.7679424
2011-09-09,0.0,8.279939,0.0,20.719744,14.734632,14.809537,5.632995,6.1866784,8.426555,10.80272,6.1631427,9.637617,12.150528,9.52291,16.581055,0.0,8.357474,13.9460535,4.760164,8.294257,6.9225726,6.802194,6.2337694,1.3624231,8.5801735,5.3556757,5.6734056,15.355114,7.850112,4.5301905
2011-09-10,0.47961575,11.574974,10.351376,11.8512,10.324075,10.551517,10.959806,5.9561777,5.3087544,8.970241,9.411631,10.597823,10.366876,11.488143,6.891435,0.0,11.62456,11.262366,9.912086,8.239777,11.936559,5.5517364,10.215545,3.6485112,10.99034,6.3483224,9.708845,10.547264,4.852879,4.6872687
2011-09-11,6.6871853,48.13771,10.311682,27.44083,31.14049,24.795374,16.86466,47.151855,0.0,32.172096,31.687983,22.67755,43.127216,19.756647,16.463367,0.0,34.94013,44.16715,51.69032,40.856552,15.699937,44.309048,40.22743,8.646664,34.14426,37.741177,54.869125,32.130325,0.0,60.383263
2011-09-12,23.871834,51.836823,54.56567,34.95504,31.632338,30.870632,43.408024,26.583448,13.545592,33.83085,28.085587,27.994333,74.334335,19.286846,21.87761,64.70358,34.588608,67.85756,28.878,26.528347,19.610312,25.453108,47.056145,21.571854,23.994844,49.979237,30.445362,55.341927,15.260671,25.903347
2011-09-13,7.5957966,23.185593,28.529377,14.417222,21.686848,17.79792,26.484571,0.0,33.209534,18.395124,20.695498,20.634296,17.042023,18.454006,26.23853,0.0,17.129192,21.942131,21.3059,25.126204,30.396675,17.512959,25.470278,6.4774246,25.107826,24.274227,23.766516,28.102581,28.578562,23.168945
2011-09-14,0.0,29.401815,0.0,38.02504,30.85964,41.867634,0.0,0.0,19.202236,16.563858,28.999853,25.452158,14.751394,17.868212,33.78463,0.0,4.623198,0.0,23.7701,28.890064,24.165218,32.579765,15.956396,3.8565314,31.835964,11.583275,0.0,15.483009,26.502193,21.710924
2011-09-15,0.0,62.28855,0.0,22.7859,22.714556,13.3138075,5.1053414,50.05792,0.0,16.686874,39.944416,21.883305,53.074356,14.665732,13.262221,0.0,65.034134,0.0,46.58987,12.340303,0.0,35.20504,26.098316,11.254591,13.773397,11.596849,48.249702,15.189426,13.7738905,38.423355
2011-09-16,0.0,11.539964,0.0,16.411972,19.742113,13.125897,0.0,0.0,16.130676,0.0,13.084217,8.657577,10.780102,0.0,19.538843,0.0,0.0,8.99807,0.0,0.0,0.0,0.0,10.550305,0.0,0.0,5.8740196,2.1197457,11.061657,19.899542,0.0
2011-09-17,0.0,20.972324,0.0,28.158188,19.070833,33.954525,12.231369,12.823002,27.137453,13.937927,19.212988,12.057426,20.1808,8.416072,37.103294,0.0,14.298892,20.02873,14.332403,8.566731,6.4409237,9.705548,13.206219,0.0,10.219244,16.83291,5.5553207,24.897032,27.628769,11.854885
2011-09-18,0.0,13.035467,0.0,15.102318,12.165812,11.617916,0.0,13.51801,9.045817,7.5677605,14.411088,0.0,13.501878,6.156691,22.031734,0.0,9.027665,13.024826,0.0,10.665123,0.0,14.039577,0.0,0.0,11.418408,10.43878,0.0,0.0,7.2349105,0.0
2011-09-19,0.0,20.83255,0.0,36.161427,34.99945,35.880142,0.0,13.873464,25.119045,11.089424,33.091114,32.553158,0.0,25.042767,33.55652,0.0,14.686802,0.0,0.0,27.065361,27.256838,22.186903,0.0,0.0,35.0205,0.0,0.0,0.0,25.847681,0.0
2011-09-20,4.8865566,65.07799,17.449457,35.225292,32.826378,38.020397,15.095514,49.847595,36.18327,35.92049,52.157978,37.36659,56.305023,42.29,34.539776,12.668634,63.233963,33.252174,52.23667,56.403225,17.970436,45.34704,51.251144,5.3158126,50.416504,35.939163,46.384277,34.39423,27.411358,48.03509
2011-09-21,0.0,10.649089,10.95558,0.0,0.0,5.7231445,18.326626,11.054098,0.0,11.683408,11.250155,0.0,17.28178,2.336931,0.0,0.0,4.7310934,21.925602,11.303861,4.8444343,0.0,8.855184,14.1236925,7.1367908,6.0547943,16.68051,10.109676,25.164028,0.0,8.179938
2011-09-22,0.0,10.428228,0.0,0.0,0.0,0.0,5.130005,0.0,0.0,6.0701704,0.0,0.0,9.951593,0.0,0.0,0.0,7.0272937,10.418517,0.0,0.0,0.0,0.0,12.029627,0.0,0.0,10.456375,0.0,9.858177,0.0,0.0
2011-09-23,0.0,9.251041,0.0,0.0,0.0,0.0,0.0,0.0,0.0,0.0,0.0,0.0,0.0,1.5255144,0.0,0.0,11.099829,0.0,9.187757,2.562488,1.628726,0.0,6.9380455,4.1097336,0.0,4.2497635,6.1214643,0.0,0.0,8.135876
2011-09-24,0.0,8.802963,0.0,0.0,0.0,0.0,0.0,0.0,0.0,0.0,0.0,0.0,10.518261,0.0,0.0,0.0,4.58005,9.842744,0.0,0.0,0.0,0.0,0.0,0.0,0.0,0.0,0.0,0.0,0.0,0.0
2011-09-25,0.0,6.6974597,0.0,13.268963,12.011344,9.855474,0.0,0.0,0.0,9.791901,0.0,11.052055,11.1227255,5.5039406,0.0,0.0,9.892267,9.457185,0.0,7.10658,2.5764546,4.431085,0.0,0.0,7.7350597,0.0,0.0,12.420057,0.0,0.0
2011-09-26,2.209282,12.81054,6.9786677,5.2845125,0.0,11.157945,8.8338585,10.426056,0.0,9.560031,10.616711,10.055631,11.247917,8.286472,0.0,0.0,11.500038,12.056703,7.402907,13.092229,10.732004,15.492765,0.0,0.0,14.831713,6.8101573,7.356435,16.00664,0.0,0.0
2011-09-27,0.0,11.854103,0.0,0.0,0.0,0.0,0.96097887,0.0,0.0,7.6609883,0.0,5.623546,13.181767,6.025497,0.0,0.0,13.06134,8.047617,0.0,6.741428,5.4425116,7.299121,8.100056,0.0,6.6632752,8.389335,0.0,9.163556,0.0,0.0
2011-09-28,8.461247,7.0933504,21.254465,0.0,0.0,0.0,17.165924,0.0,0.0,6.4584517,0.0,0.0,7.602105,6.2746043,0.0,0.0,6.984799,13.853269,0.0,8.198049,5.8404336,5.2206097,0.0,8.4406,7.6693993,6.8110065,0.0,19.942598,0.0,0.0
2011-09-29,10.8030615,25.276371,10.471938,17.941845,18.470257,11.783639,8.06755,18.12057,23.9164,9.33721,0.0,4.8454266,21.457554,15.791535,23.228594,0.0,25.525417,12.919407,12.213598,23.767262,7.561047,11.5299835,20.151932,5.22648,7.7460256,16.843914,21.953358,9.369772,22.155016,19.84757
2011-09-30,12.148573,18.426369,17.010101,14.00608,6.719568,14.323268,10.73339,18.693092,0.0,18.713112,13.590775,16.544584,17.541746,15.430875,0.0,14.003827,17.589575,14.049721,18.15949,22.560028,28.0952,16.476059,15.458188,11.7773485,20.402939,17.081596,16.27881,16.248615,0.0,14.118595
2011-10-01,8.340036,24.000967,21.736628,14.735809,11.884392,15.353355,13.517434,9.665245,0.0,38.313686,14.464994,16.999275,24.051023,22.600632,0.0,21.673487,27.391798,18.691336,0.0,29.489006,39.188957,13.599122,21.695314,10.076334,29.531301,11.6194105,0.0,26.83855,0.0,0.0
2011-10-02,0.0,19.849012,0.0,0.0,18.629545,11.559665,10.970904,3.998339,0.0,20.974432,0.0,18.794565,19.194973,23.266603,11.622565,0.0,24.556095,19.209036,0.0,24.602406,18.67794,10.569387,0.0,0.0,17.844433,9.829425,6.0794296,20.42881,14.810125,0.0
2011-10-03,14.472253,39.656605,26.824633,27.126114,26.982615,21.755684,26.55996,29.08265,0.0,30.351997,22.273129,28.913765,28.478117,35.021618,21.904451,0.0,25.048952,30.43537,23.519636,44.05699,25.860079,33.773327,14.302327,5.9525986,36.353287,21.407034,25.529602,30.136288,17.168297,19.262648
2011-10-04,6.426617,22.807478,6.573899,0.0,0.0,10.581435,7.4364967,20.69096,0.0,13.358913,17.769121,0.0,19.664337,13.312895,0.0,0.0,20.964157,20.659103,26.4234,18.83474,0.0,28.03861,23.209705,16.905787,14.325201,18.33348,28.74616,16.354254,0.0,28.517666
2011-10-05,13.461069,0.0,24.930841,6.5092497,0.0,10.239478,28.923681,0.0,0.0,13.162777,0.0,0.0,18.393986,6.173416,0.0,0.0,0.0,24.53402,0.0,12.313142,0.0,0.0,0.0,19.389683,10.726181,16.426722,0.0,25.069006,0.0,0.0
2011-10-06,5.003498,12.40574,10.233013,36.156624,34.34104,31.929762,14.326592,15.199332,24.424196,0.0,24.263603,26.040401,0.0,0.0,29.58633,0.0,0.0,10.442373,8.851134,20.671513,0.0,24.751461,0.0,4.838267,28.743538,6.080404,0.0,16.31006,21.10123,0.0
2011-10-07,4.840237,23.264671,5.9231725,19.842693,12.699239,18.860952,10.871553,19.243362,0.0,12.619117,20.408346,33.386505,19.037256,19.843801,12.749439,0.0,18.313305,18.152674,18.242533,25.455574,7.7540455,25.628468,9.226323,0.0,25.924522,9.898141,10.823736,19.05446,8.802572,15.15977
2011-10-08,0.0,19.87803,0.0,14.091705,21.793865,9.549515,5.660231,15.176355,0.0,4.147106,10.557509,14.489061,14.484127,13.879356,13.3655615,0.0,17.331543,6.243567,9.142654,17.925095,12.03704,21.283205,3.917353,7.116355,18.691986,7.2347264,10.857836,5.990733,20.98905,9.518507
2011-10-09,3.5902705,13.698289,0.0,20.114754,22.072882,16.202505,4.6153727,12.802035,0.0,10.495036,14.010941,33.26492,12.1212435,20.348186,0.0,0.0,14.561784,7.942534,0.0,20.043728,13.507869,14.534566,14.052622,4.174438,33.02169,4.0129924,8.939619,6.371077,0.0,3.7244613
2011-10-10,6.791115,16.797438,4.300313,10.226987,10.036456,10.097954,11.912286,5.3748627,0.0,16.624578,10.162176,23.699163,15.387294,16.30442,7.9459615,0.0,16.991438,16.775244,8.920435,16.905243,23.154764,7.826643,17.734297,21.653835,23.270699,24.57425,11.536619,18.971905,0.0,0.0
2011-10-11,11.445356,12.200504,16.42601,25.790436,26.369944,23.088825,14.378527,21.214668,23.617165,25.03739,20.555122,27.781109,13.464043,28.159237,25.856293,6.154954,8.278657,15.124138,18.957912,19.247337,39.592148,14.327058,14.617626,14.096219,23.920547,14.634843,20.686222,16.73033,22.412722,19.946335
2011-10-12,8.820685,15.967283,23.966139,12.1409855,15.587654,9.831194,24.976929,8.694492,10.089978,27.397743,6.8106294,41.97632,17.710218,33.997005,12.135117,10.465013,13.464521,20.466642,5.413792,21.395224,36.25804,11.166049,16.117525,10.492904,26.72437,14.054763,14.9452305,25.890278,15.0174885,11.164213
2011-10-13,5.753747,4.1864133,13.992202,10.928433,14.343726,13.191542,15.686378,2.5298505,10.098032,15.7377825,8.948583,19.970423,13.427011,8.311501,12.820666,8.382474,3.2861123,11.799473,5.98667,4.1750326,16.549313,4.4614067,4.1849575,5.86425,14.179802,6.040573,3.9725857,18.174225,15.064861,5.463229
2011-10-14,6.9954686,15.641143,22.1324,6.5854235,8.574592,6.9391556,19.689047,6.471984,12.347236,21.16896,6.547856,13.41126,19.51827,17.891151,10.706376,16.04282,13.633549,20.13588,3.6410413,11.559499,35.48682,6.1690593,14.794308,10.110335,14.82339,16.448975,10.533701,23.339401,14.089104,5.3770804
2011-10-15,7.8789163,15.092014,18.548744,8.881278,8.426363,9.585617,20.070799,9.310625,0.0,32.294308,7.419361,19.399817,17.253227,29.471888,5.7615438,10.476614,16.562983,15.7825985,13.490567,17.108479,41.20658,9.830941,12.952515,12.852681,18.710152,13.430354,10.514587,25.890278,7.358098,11.954134
2011-10-16,21.168644,32.24736,33.57262,18.37107,20.90009,19.585543,23.98129,12.682837,0.0,40.55128,13.714286,20.925386,26.341494,28.109226,5.4740562,39.086662,28.557209,24.680828,14.266656,37.109303,30.951328,30.068556,30.642603,13.842039,29.069263,21.924196,31.250042,25.247572,10.308093,21.855425
2011-10-17,12.033053,22.52292,25.841478,0.0,0.0,7.4362392,23.677593,9.769134,6.4371495,29.455751,9.434306,12.685668,29.505848,12.193924,0.0,21.591808,17.742552,24.827444,14.585771,15.132558,15.089386,21.426664,20.61413,13.079459,16.30838,21.107702,12.447157,35.5264,12.70349,13.695358
2011-10-18,13.879461,11.051611,21.12955,14.401358,14.568363,8.045961,22.206034,10.723368,6.8744726,24.653603,10.640145,7.84175,20.076277,26.352257,14.396524,8.314597,28.011593,19.878683,16.953255,17.239235,30.625223,7.842282,8.817555,9.989954,8.395735,7.5731564,12.692484,25.137167,8.500759,16.05021
2011-10-19,6.801868,0.0,21.192959,0.0,0.0,0.0,15.519442,0.0,0.0,27.280323,0.0,0.0,8.580678,20.792793,0.0,0.0,0.0,12.551148,5.1882052,0.0,30.443447,0.0,7.325256,2.8776124,11.178467,5.2304616,8.52022,21.748928,0.0,5.7441144
2011-10-20,4.182805,0.0,7.295419,0.0,0.0,0.0,0.0,0.0,0.0,21.806543,0.0,26.263996,0.0,30.439114,0.0,0.0,0.0,0.0,7.3184466,0.0,50.883476,0.0,6.502734,3.4867895,0.0,4.712873,0.0,13.382936,0.0,0.0
2011-10-21,7.6794996,0.0,14.124856,0.0,0.0,0.0,4.8948965,0.0,0.0,23.980045,0.0,28.115467,0.0,30.539783,0.0,17.335012,0.0,0.0,0.0,9.26026,32.522194,0.0,0.0,10.765504,29.409546,0.0,0.0,5.56981,0.0,0.0
2011-10-22,13.041602,8.25597,13.689434,16.191446,10.618516,16.789406,13.30407,6.6864643,9.75854,3.6227648,8.204795,8.743794,4.428504,5.014991,11.133398,12.743832,5.8241634,8.66859,10.898499,11.511554,13.4844475,9.006168,7.75054,15.342818,14.423899,14.065332,8.302292,13.504702,11.592772,11.431991
2011-10-23,17.536905,18.31703,22.31122,17.348188,16.740805,27.116629,14.848166,26.819332,11.681756,15.998045,30.103102,21.201681,14.006553,21.463915,22.22365,25.4429,17.748129,12.025083,30.403,19.365202,32.722916,19.066677,19.4849,20.254034,22.920147,19.27159,28.831465,11.980787,20.235703,25.761059
2011-10-24,8.661913,13.46604,14.902471,21.75964,21.735537,21.29446,10.964011,23.88631,47.43815,13.560989,34.484604,30.21608,9.834293,17.584232,40.67473,16.964132,10.359484,14.093032,31.945057,15.7314205,23.803694,18.435524,18.363953,17.968597,24.13707,20.162666,26.897835,10.485893,43.359085,28.652195
2011-10-25,23.127327,18.983387,24.937635,37.123096,44.131283,40.851704,19.067673,25.27948,55.57509,14.157798,38.716198,31.231226,13.643956,17.534925,52.683445,23.303806,14.50277,17.120693,46.22597,18.633472,18.592886,24.718792,41.010002,39.04597,26.52252,38.554398,29.919106,18.255184,61.920906,36.68673
2011-10-26,46.06899,37.261223,59.516857,75.99324,68.38911,75.772736,42.7857,51.506596,48.127983,0.0,69.44776,36.948006,39.05082,0.0,80.20161,51.481422,30.748816,40.954456,78.77852,13.872823,16.653765,46.91655,48.16971,42.543423,29.522732,40.816063,52.822704,34.023357,66.11598,73.34597
2011-10-27,19.440136,11.703461,21.787651,18.56987,0.0,30.057074,18.985855,12.346091,73.92705,34.692554,26.026358,32.43113,21.589962,36.246006,57.830734,18.91737,10.631088,19.68192,59.40973,18.566368,53.183834,18.977629,11.391992,24.29026,41.95764,13.429471,36.45359,23.609959,74.271065,56.629448
2011-10-28,28.88605,35.018997,27.120066,20.286964,19.602673,47.49109,26.573511,42.0922,0.0,15.039511,54.15451,32.571182,25.404505,20.784199,33.764053,18.638266,33.240726,21.850452,55.543114,31.155293,29.140505,37.37656,34.488407,33.23589,27.634695,27.375494,37.76744,23.969013,0.0,44.707104
2011-10-29,12.654115,37.28419,16.717655,50.890026,33.028244,53.74008,10.24871,27.052351,52.564785,44.342453,50.500584,42.359047,27.699326,40.57816,59.659122,22.759378,32.251637,27.843153,43.22818,55.913303,60.26648,31.122135,37.53838,21.335707,55.11232,31.472614,44.093155,25.146185,48.364105,41.219517
2011-10-30,22.48063,26.736738,42.46232,14.856742,13.187701,15.759924,20.736242,26.005156,28.394863,14.069202,26.493814,0.0,19.034142,11.91038,21.940351,48.317566,24.403246,21.375092,48.33209,0.0,16.205305,7.149975,36.40942,25.826757,0.0,28.552185,38.41317,21.938587,29.69081,45.489777
2011-10-31,27.2002,46.056225,46.59716,17.513323,19.309736,30.464123,35.512375,46.66096,20.202108,29.139072,51.298096,0.0,46.71749,52.147316,40.78511,55.278408,54.186344,38.232864,61.92205,44.42019,20.12601,46.75508,58.122753,45.651024,37.39988,47.208927,68.908775,37.38221,20.14353,69.18411
2011-11-01,69.37557,41.916557,86.7682,39.835243,13.2311125,59.919117,41.290314,66.855,37.422585,39.928043,78.57978,22.594585,39.27743,39.518036,32.508667,92.778534,35.66107,26.30377,85.143486,40.769882,30.099102,49.205418,47.986324,49.21201,45.051846,36.738464,70.84793,34.385994,29.940254,77.677315
2011-11-02,33.408985,35.29278,24.02574,27.654613,23.420956,24.68165,23.340328,25.66122,33.967873,29.636848,25.227928,22.956455,42.045597,28.991627,30.957653,25.999056,33.131588,36.186333,48.378925,32.513374,29.645027,34.164673,26.484222,32.585297,23.648533,26.520864,38.663406,36.35952,40.91958,47.997772
2011-11-03,19.623842,21.648472,20.471144,15.93788,18.986345,19.749207,16.992117,15.47195,36.15482,34.354202,20.96513,17.827745,36.20377,28.019594,32.309483,13.061422,25.021132,29.94099,18.98056,23.131746,47.494534,22.951982,18.681547,30.399397,22.350958,17.579308,20.3098,39.954224,38.708626,21.59838
2011-11-04,12.150248,24.33922,11.479351,17.44742,24.914776,16.711487,14.145257,12.451763,34.06323,16.82495,16.946558,17.89503,10.255326,23.859308,25.400896,0.0,10.478023,11.186845,28.496449,30.92404,24.288746,23.421278,11.396022,14.08933,28.045689,11.279879,12.890391,15.818574,31.82779,22.229776
2011-11-05,9.662481,14.297134,17.30471,35.04203,28.719688,27.402643,12.560653,8.768943,45.166744,19.437664,24.455175,25.223719,12.959865,17.072304,40.006367,0.0,15.111942,9.577836,0.0,15.352493,16.703045,15.566458,11.42953,9.848221,22.272478,9.399623,11.307047,13.395065,42.593243,0.0
2011-11-06,14.905376,27.196453,48.836395,5.9363623,0.0,29.22116,38.49807,49.54008,0.0,41.864254,48.11696,4.8447866,38.535656,29.001001,17.412178,17.515703,20.225677,35.786865,47.664986,21.9985,48.852646,30.228052,23.134352,11.556139,23.12274,23.878609,46.760048,51.2864,0.0,27.677238
2011-11-07,7.573955,16.449774,27.063772,0.0,0.0,0.0,0.0,14.633523,0.0,18.398758,0.0,0.0,16.877865,23.684185,0.0,34.980183,18.569136,10.476225,21.98967,19.441666,19.441885,14.111135,16.756716,5.2916217,0.0,11.20603,13.957111,12.611001,0.0,24.88738
2011-11-08,0.0,0.0,0.0,0.0,0.0,0.0,0.0,0.0,0.0,0.0,0.0,0.0,0.0,0.0,0.0,8.42424,0.0,0.0,0.0,0.0,0.0,0.0,0.0,0.0,0.0,0.0,0.0,0.0,0.0,0.0
2011-11-09,0.0,0.0,0.0,0.0,0.0,0.0,0.0,0.0,0.0,0.0,0.0,0.0,0.0,0.0,0.0,0.0,0.0,0.0,0.0,0.0,0.0,0.0,0.0,0.0,0.0,0.0,0.0,0.0,0.0,0.0
2011-11-10,0.0,0.0,0.0,0.0,0.0,0.0,6.6469584,0.0,0.0,0.0,0.0,0.0,0.0,0.0,0.0,4.981625,0.0,8.525496,0.0,0.0,0.0,0.0,0.0,0.0,0.0,12.837983,0.0,0.0,0.0,0.0
2011-11-11,4.9081364,0.0,14.268294,0.0,0.0,0.0,0.0,0.0,0.0,0.0,0.0,0.0,0.0,0.0,0.0,22.157234,0.0,0.0,0.0,0.0,0.0,0.0,0.0,0.0,0.0,0.0,0.0,0.0,0.0,0.0
2011-11-12,0.0,0.0,0.0,0.0,0.0,0.0,0.0,0.0,0.0,0.0,0.0,0.0,0.0,0.0,0.0,0.0,0.0,0.0,0.0,0.0,0.0,0.0,0.0,0.0,0.0,0.0,0.0,0.0,0.0,0.0
2011-11-13,0.0,0.0,0.0,0.0,0.0,0.0,0.0,0.0,0.0,0.0,0.0,0.0,0.0,0.0,0.0,0.0,0.0,0.0,0.0,0.0,0.0,0.0,0.0,0.0,0.0,0.0,0.0,0.0,0.0,0.0
2011-11-14,0.0,0.0,13.333914,0.0,0.0,0.0,0.0,0.0,0.0,0.0,0.0,0.0,0.0,0.0,0.0,0.0,0.0,0.0,0.0,0.0,0.0,0.0,0.0,0.0,0.0,0.0,0.0,0.0,0.0,0.0
2011-11-15,0.0,0.0,0.0,0.0,0.0,0.0,0.0,0.0,0.0,0.0,0.0,0.0,0.0,0.0,0.0,0.0,0.0,0.0,0.0,0.0,0.0,0.0,0.0,0.0,0.0,0.0,0.0,0.0,0.0,0.0
2011-11-16,0.0,0.0,0.0,9.724834,0.0,8.4214115,0.0,54.971527,0.0,0.0,66.201035,0.0,0.0,0.0,15.848066,0.0,0.0,0.0,102.43224,0.0,0.0,11.487159,12.279155,10.810924,0.0,0.0,54.39959,0.0,0.0,95.930725
2011-11-17,14.667522,17.962242,0.0,26.597416,20.002089,50.57047,9.683121,67.44495,35.314903,0.0,72.10316,0.0,21.180431,0.0,50.534687,9.955931,6.7480383,21.8562,72.06218,0.0,0.0,22.32825,29.987364,23.28419,0.0,20.630651,69.19206,10.742106,38.273098,75.284615
2011-11-18,45.207436,6.3686013,35.926365,34.48085,0.0,6.606103,10.716732,0.0,37.43951,0.0,0.0,0.0,4.9948015,0.0,56.944057,25.727293,7.411989,0.0,17.673737,0.0,0.0,7.164643,0.0,15.689132,5.674555,2.518813,0.0,0.0,31.94309,0.0
2011-11-19,13.107056,0.0,11.260931,0.0,0.0,0.0,0.0,0.0,0.0,0.0,0.0,0.0,0.0,0.0,0.0,0.0,0.0,0.0,0.0,0.0,0.0,0.0,0.0,12.678565,0.0,0.0,0.0,0.0,0.0,0.0
2011-11-20,44.131718,0.0,35.447636,0.0,0.0,0.0,0.0,0.0,0.0,0.0,0.0,0.0,0.0,0.0,0.0,25.591633,0.0,0.0,0.0,0.0,0.0,0.0,0.0,6.979185,0.0,0.0,14.911606,0.0,0.0,14.863963
2011-11-21,17.283588,11.1717615,13.937813,9.287125,9.753957,10.657117,7.2559524,0.0,8.40341,10.456723,0.0,8.28919,6.951523,8.914413,12.130036,11.169615,9.664958,0.0,0.0,9.707884,14.012433,10.554512,9.4779215,26.247799,11.101707,8.969281,0.0,9.53562,11.987347,16.311417
2011-11-22,9.471372,14.489108,8.29362,0.0,0.0,0.0,8.034699,0.0,20.589981,0.0,10.228389,0.0,9.578464,0.0,17.996092,0.0,0.0,11.377946,30.32731,0.0,0.0,10.531886,14.760365,10.681343,0.0,12.932911,15.438681,5.544426,16.89146,20.110521
2011-11-23,0.0,0.0,5.5060887,0.0,0.0,0.0,0.0,0.0,0.0,0.0,0.0,0.0,0.0,0.0,0.0,6.747327,0.0,0.0,38.859222,7.5963154,0.0,0.0,0.0,9.133996,0.0,7.5789037,10.8106,0.0,0.0,35.08313
2011-11-24,38.86724,34.713867,30.45226,43.95814,8.602802,101.89574,33.661545,80.87295,37.409008,10.7364435,112.90788,6.7049737,27.444483,10.413471,67.24304,31.165922,24.454008,29.60274,100.42594,20.397608,0.0,34.286446,54.540226,44.001698,23.353218,33.290714,83.91617,15.83833,34.021233,97.775154
2011-11-25,20.923006,56.815052,55.11117,78.031815,62.97229,82.55067,24.99186,99.28826,99.13914,39.2774,96.239105,58.325638,45.10861,41.388096,90.86042,33.159195,44.12628,34.641483,114.772285,60.587772,40.546925,66.169235,51.62965,35.10551,69.97434,41.021126,95.690186,54.7116,91.34946,114.772285
2011-11-26,93.89448,74.3111,119.777084,70.38318,64.449326,67.06137,89.438805,67.1017,151.51262,72.62123,62.25318,44.10756,68.18666,59.70101,134.37914,107.27369,71.62735,81.12332,111.208405,68.72794,87.46612,57.667007,72.52481,43.280075,55.20762,32.195133,83.2258,101.16016,114.11948,113.7847
2011-11-27,52.621117,22.821068,57.732986,50.010727,53.683605,31.039402,50.90101,17.425615,82.02279,34.41823,14.423256,12.973021,53.44086,13.644735,78.87459,63.81491,0.0,67.868744,15.6605215,16.056694,8.355731,0.0,25.719477,55.189213,8.008388,63.55707,25.388351,49.081738,94.41958,24.450165
2011-11-28,21.6297,27.14306,20.175144,35.13468,19.805378,31.530283,39.353825,24.486773,81.389145,58.149487,26.263859,6.794641,36.165707,25.214115,58.51666,12.440767,30.395134,31.739592,0.0,9.632321,47.39291,29.717178,14.08881,17.151758,28.774279,15.560691,0.0,42.325314,61.95115,0.0
2011-11-29,14.241753,0.0,17.159813,0.0,0.0,0.0,0.0,0.0,0.0,13.068181,0.0,0.0,25.767454,0.0,0.0,12.612368,0.0,0.0,0.0,0.0,0.0,0.0,0.0,15.115177,0.0,0.0,0.0,0.0,0.0,0.0
2011-11-30,49.460613,29.550291,36.469078,0.0,0.0,0.0,64.52074,18.268305,0.0,36.064884,20.48746,0.0,45.275204,30.444246,0.0,16.7441,32.97667,50.97775,38.85081,25.955273,30.378237,23.155867,38.18147,54.278805,12.258593,52.648647,56.816574,41.941597,0.0,44.118156
2011-12-01,11.61708,9.11827,15.418854,0.0,0.0,3.343756,13.044084,9.383556,0.0,11.001668,10.338199,0.0,11.616943,8.623657,0.0,11.945658,8.921303,12.436502,10.362531,5.3217306,16.068262,6.011483,10.091351,13.181489,4.6279144,11.835962,10.155915,13.983766,0.0,10.384852
2011-12-02,0.0,4.330123,0.0,0.0,0.0,3.0969944,0.0,5.4116583,0.0,6.8467793,3.8625965,2.7713807,0.0,6.747051,0.0,0.0,4.8419824,0.0,0.0,4.4422593,5.479113,3.2155747,4.6552486,0.0,3.1503494,0.0,5.582345,0.0,0.0,6.057296
2011-12-03,0.0,0.0,0.0,0.0,0.0,0.0,0.0,0.0,0.0,0.0,0.0,0.0,0.0,0.0,0.0,0.0,0.0,0.0,0.0,0.0,0.0,0.0,0.0,0.0,0.0,0.0,0.0,0.0,0.0,0.0
2011-12-04,0.0,0.0,0.0,0.0,0.0,0.0,0.0,0.0,0.0,0.0,0.0,0.0,0.0,0.0,0.0,0.0,0.0,0.0,0.0,0.0,0.0,0.0,0.0,0.0,0.0,0.0,0.0,0.0,0.0,0.0
2011-12-05,0.0,0.0,0.0,0.0,0.0,0.0,0.0,0.0,0.0,0.0,0.0,0.0,0.0,0.0,0.0,0.0,0.0,0.0,0.0,0.0,0.0,0.0,0.0,0.0,0.0,0.0,0.0,0.0,0.0,0.0
2011-12-06,0.0,0.0,0.0,0.0,0.0,0.0,0.0,0.0,0.0,0.0,0.0,0.0,0.0,0.0,0.0,0.0,0.0,0.0,0.0,0.0,0.0,0.0,0.0,0.0,0.0,0.0,0.0,0.0,0.0,0.0
2011-12-07,0.0,0.0,0.0,0.0,0.0,0.0,0.0,0.0,0.0,0.0,0.0,0.0,0.0,0.0,0.0,0.0,0.0,0.0,0.0,0.0,0.0,0.0,0.0,0.0,0.0,0.0,0.0,0.0,0.0,0.0
2011-12-08,0.0,0.0,0.0,0.0,0.0,0.0,0.0,0.0,0.0,0.0,0.0,0.0,0.0,0.0,0.0,0.0,0.0,0.0,0.0,0.0,0.0,0.0,0.0,0.0,0.0,0.0,0.0,0.0,9.20711,0.0
2011-12-09,2.3810453,0.0,2.023476,0.0,0.0,0.0,0.0,0.0,0.0,0.0,0.0,0.0,0.0,0.0,0.0,0.0,0.0,0.0,0.0,0.0,0.0,0.0,12.779722,0.0,0.0,5.4055686,11.590679,0.0,0.0,0.0
2011-12-10,2.5004396,0.0,3.0284865,0.0,0.0,0.0,0.0,0.0,0.0,0.0,0.0,0.0,0.0,0.0,0.0,3.1505768,0.0,0.0,0.0,0.0,0.0,0.0,6.3550735,7.7715135,0.0,6.146393,0.0,0.0,0.0,0.0
2011-12-11,9.301978,0.0,1.2492479,0.0,0.0,0.0,6.9891953,0.0,0.0,0.0,0.0,0.0,0.0,0.0,0.0,4.7504525,0.0,0.0,42.391712,0.0,0.0,0.0,13.851782,22.29288,0.0,18.869442,21.974268,0.0,0.0,42.391712
2011-12-12,12.019947,0.0,12.529514,0.0,0.0,0.0,11.2785,0.0,0.0,0.0,0.0,0.0,0.0,0.0,0.0,9.60399,0.0,0.0,22.590399,0.0,0.0,0.0,0.0,12.531313,0.0,0.0,0.0,0.0,0.0,13.442467
2011-12-13,13.798229,0.0,15.916802,0.0,0.0,0.0,17.44928,0.0,0.0,0.0,0.0,0.0,0.0,0.0,0.0,16.655401,0.0,12.555294,32.26083,0.0,0.0,0.0,30.69975,23.721525,0.0,22.264254,34.857964,9.295348,0.0,33.151604
2011-12-14,9.442076,0.0,9.622971,0.0,0.0,0.0,1.6261793,0.0,0.0,0.0,0.0,0.0,0.0,0.0,0.0,7.0013328,0.0,0.0,0.0,0.0,0.0,0.0,0.0,8.049384,0.0,0.0,0.0,0.0,9.206986,0.0
2011-12-15,4.143545,0.0,3.8438544,6.1940928,0.0,0.0,0.0,4.5553975,0.0,0.0,0.0,0.0,0.0,0.0,9.029761,0.0,0.0,0.0,0.0,0.0,0.0,0.0,6.703255,9.3528,0.0,0.0,16.194017,0.0,0.0,17.10698
2011-12-16,2.0130959,0.0,2.2637973,0.0,0.0,0.0,0.0,0.0,0.0,0.0,0.0,0.0,0.0,0.0,0.0,2.5754232,0.0,0.0,0.0,0.0,0.0,0.0,0.0,0.0,0.0,0.0,0.0,0.0,0.0,0.0
2011-12-17,0.0,0.0,0.0,0.0,0.0,0.0,0.0,0.0,0.0,0.0,0.0,0.0,0.0,0.0,0.0,0.0,0.0,0.0,0.0,0.0,0.0,0.0,0.0,0.0,0.0,0.0,0.0,0.0,0.0,0.0
2011-12-18,21.954466,17.196545,14.455727,11.608466,4.725239,12.896439,24.482525,18.252033,22.603947,2.1823394,12.842972,0.0,13.50592,0.0,28.385506,6.46005,9.736531,18.90322,27.335583,4.6996274,5.7550573,7.9716706,33.794876,34.93433,4.9646564,27.563347,30.809042,20.14484,12.2984705,26.188906
2011-12-19,9.654401,26.072369,7.921448,10.443136,8.9830265,23.905504,12.60788,46.222343,0.0,6.1136165,47.33518,6.769811,19.022408,7.1631727,11.441932,9.752606,17.054495,18.484232,107.860344,13.256059,7.538633,27.292645,41.01239,36.405933,14.86034,32.982407,48.296234,9.956941,5.090868,94.8968
2011-12-20,6.1228194,13.719483,8.852756,23.903826,19.001804,28.04976,9.335318,11.893283,23.65829,0.0,23.349657,16.744133,5.4978375,2.583884,26.492506,9.396636,13.748509,6.9544544,18.065327,11.446357,0.0,11.549652,10.3332,0.0,16.275887,5.650496,11.578602,0.0,22.494179,15.996117
2011-12-21,0.0,0.0,3.020205,0.0,0.0,0.0,0.0,0.0,0.0,0.0,0.0,0.0,0.0,0.0,0.0,1.5371182,0.0,0.0,0.0,0.0,0.0,0.0,0.0,0.0,0.0,0.0,0.0,0.0,0.0,0.0
2011-12-22,5.9924717,5.5492606,6.604588,3.5250287,4.057816,5.8906393,3.8065395,12.377452,0.0,6.434857,9.817816,3.3777251,2.9007297,2.1076362,0.0,3.4038222,2.8318276,2.9675474,11.837671,1.7812517,2.3658447,6.487418,0.0,4.3685956,4.7398834,3.6346362,6.6510396,0.4740976,0.0,10.201054
2011-12-23,8.470902,14.744092,0.0,0.0,0.0,0.0,8.501764,18.121069,0.0,6.654256,17.04631,0.0,5.4437504,3.0869434,0.0,3.5789006,8.59607,7.384304,30.76901,0.0,8.500879,10.405425,24.709438,24.5763,2.648159,18.223394,21.804083,4.7397466,0.0,28.130241
2011-12-24,0.0,0.0,0.0,0.0,0.0,0.0,0.0,0.0,0.0,0.0,0.0,0.0,0.0,0.0,0.0,0.0,0.0,0.0,0.0,0.0,0.0,0.0,0.0,0.0,0.0,0.0,0.0,0.0,0.0,0.0
2011-12-25,0.0,0.0,0.0,0.0,0.0,0.0,0.0,0.0,0.0,0.0,0.0,0.0,0.0,0.0,0.0,0.0,0.0,0.0,0.0,0.0,0.0,0.0,0.0,0.0,0.0,0.0,0.0,0.0,0.0,0.0
2011-12-26,0.0,0.0,0.0,6.163542,3.659278,9.601417,0.0,0.0,0.0,0.0,8.535148,0.0,0.0,0.0,8.583925,0.0,0.0,0.0,0.0,0.0,0.0,0.0,0.0,0.0,0.0,0.0,0.0,0.0,0.0,0.0
2011-12-27,13.514524,16.323473,11.279082,11.165197,5.8292084,18.552542,19.99797,16.90072,0.0,18.195133,20.06634,8.00324,20.495472,10.568261,10.834101,6.013672,10.428916,19.6232,19.307196,11.1102495,21.863937,9.792347,12.664895,20.584875,8.706837,17.17018,12.545052,22.660843,4.3744006,18.130796
2011-12-28,12.413596,5.344838,15.931355,5.143052,4.197495,6.2927127,10.344065,6.6982465,11.666784,8.465473,8.312091,4.498263,13.253306,7.1125355,12.721782,14.076855,7.725631,9.801117,11.387016,3.9513435,7.242946,5.0464425,8.772863,12.068705,5.545225,10.622665,8.530098,14.246562,8.033982,10.902236
2011-12-29,5.199024,14.163391,6.105537,42.83275,45.76829,33.195568,16.941277,25.770464,86.58829,16.500372,31.414263,11.588236,19.908447,13.026966,60.545452,0.0,10.295028,17.448647,34.232292,7.871607,23.360487,17.727924,22.609808,26.650146,11.267502,22.540205,22.940361,15.131037,65.9439,28.964663
2011-12-30,0.0,19.442867,0.0,30.131332,30.512194,24.171247,0.0,17.224205,20.894083,10.735352,20.393906,22.47004,5.9585705,14.965135,30.451843,0.0,10.619795,4.0215335,12.530027,21.541592,0.0,19.290182,6.411274,0.0,23.9607,5.4273353,11.363522,9.519896,25.288174,10.641193
2011-12-31,0.0,0.0,15.171501,0.0,0.0,0.0,15.299707,0.0,0.0,17.56366,0.0,0.0,10.240138,4.8573937,0.0,0.0,3.5650182,11.981784,0.0,0.0,22.358183,0.0,0.0,0.0,0.0,0.0,0.0,20.626186,0.0,0.0
2012-01-01,0.0,0.0,0.0,9.862404,8.590459,10.276578,0.0,5.1731334,18.149244,0.0,8.750273,9.663336,0.0,0.0,15.331548,0.0,0.0,0.0,5.5740194,7.171768,6.483014,4.873952,0.0,0.0,10.411751,0.0,3.5209002,0.0,15.120796,2.8082843
2012-01-02,0.0,0.0,0.0,3.3401027,4.456644,0.0,0.0,0.0,8.053074,0.0,0.0,0.0,0.0,0.0,7.336759,0.0,0.0,0.0,0.0,0.0,0.0,0.0,0.0,0.0,0.0,0.0,0.0,0.0,7.756146,0.0
2012-01-03,0.0,0.0,0.0,0.0,0.0,0.0,0.0,0.0,0.0,0.0,0.0,0.0,0.0,0.0,0.0,0.0,0.0,0.0,0.0,0.0,0.0,0.0,0.0,0.0,0.0,0.0,0.0,0.0,0.0,0.0
2012-01-04,6.9198217,3.9167309,10.628395,0.0,0.0,0.0,9.87763,2.8618524,0.0,13.989531,0.0,0.0,11.198446,5.8070636,0.0,6.7622027,3.9951556,7.6367154,6.444661,3.699526,16.113869,0.0,5.972375,7.352296,3.5050054,7.1712527,5.295487,10.791437,0.0,5.460154
2012-01-05,2.6606734,0.0,3.2031648,0.0,0.0,9.379961,0.0,0.0,0.0,24.959991,0.0,4.467619,25.91282,9.007227,0.0,6.464909,7.6999874,0.0,0.0,7.3862114,35.837513,0.0,0.0,0.0,4.3721933,0.0,0.0,33.580734,0.0,0.0
2012-01-06,0.0,0.0,0.0,0.0,0.0,0.0,0.0,0.0,0.0,0.0,0.0,0.0,0.0,0.0,0.0,0.0,0.0,0.0,0.0,0.0,0.0,0.0,0.0,0.0,0.0,0.0,0.0,0.0,0.0,0.0
2012-01-07,4.5163026,0.0,4.423556,0.0,0.0,0.0,0.0,0.0,0.0,0.0,0.0,0.0,0.0,0.0,0.0,3.0955403,0.0,0.0,0.0,0.0,0.0,0.0,0.0,7.10354,0.0,5.3983006,0.0,0.0,0.0,0.0
2012-01-08,10.347486,7.9217057,7.4887004,0.0,0.0,8.373495,7.9730706,10.054974,5.887402,0.0,10.399078,0.0,8.2918625,0.0,5.3180146,5.5160623,7.0951567,8.229139,15.250812,6.785288,0.0,8.399313,10.128667,10.093192,6.090183,9.663653,10.767174,7.980128,4.08915,13.136071
2012-01-09,0.0,0.0,5.064667,0.0,0.0,0.0,0.0,0.0,3.4418886,0.0,0.0,0.0,0.0,0.0,0.0,0.0,0.0,0.0,3.3803945,0.0,0.0,0.0,0.0,0.0,0.0,0.0,0.0,0.0,0.0,0.0
2012-01-10,0.0,0.0,22.904472,0.0,0.0,0.0,10.882021,0.0,0.0,5.5653124,0.0,3.0605755,0.0,0.0,0.0,24.086246,0.0,0.0,0.0,0.0,7.139811,0.0,0.0,0.0,0.0,0.0,0.0,0.0,3.1109016,0.0
2012-01-11,0.0,7.5934954,6.74889,5.785822,6.3765984,7.2853665,6.45643,4.7210064,0.0,7.0382543,6.1104527,6.5773344,5.530682,5.6502967,0.0,0.0,3.3223271,4.081496,0.0,8.142554,0.0,7.462227,0.0,0.0,8.142103,0.0,0.0,7.6452327,3.2017608,0.0
2012-01-12,0.0,0.0,0.0,5.0100074,3.9194558,5.1748066,0.0,0.0,5.4678593,5.0632157,4.8058777,4.9509654,0.0,7.6762624,4.444858,0.0,0.0,0.0,0.0,2.7574058,7.582316,0.0,0.0,0.0,5.1099586,0.0,0.0,0.0,4.3700256,0.0
2012-01-13,0.0,0.0,0.0,0.0,0.0,0.0,0.0,0.0,0.0,4.1848135,0.0,0.0,0.0,6.6982117,0.0,0.0,0.0,0.0,6.9515204,0.0,6.881116,0.0,0.0,0.0,0.0,0.0,0.0,0.0,0.0,4.622545
2012-01-14,0.0,0.0,0.0,0.0,0.0,0.0,0.0,0.0,0.0,0.0,0.0,0.0,0.0,0.0,0.0,0.0,0.0,0.0,0.0,0.0,0.0,0.0,0.0,0.0,0.0,0.0,0.0,0.0,0.0,0.0
2012-01-15,0.0,0.0,0.0,0.0,0.0,0.0,0.0,0.0,0.0,0.0,0.0,0.0,0.0,0.0,0.0,0.0,0.0,0.0,0.0,0.0,0.0,0.0,0.0,0.0,0.0,0.0,0.0,0.0,0.0,0.0
2012-01-16,0.0,0.0,0.0,0.0,0.0,0.0,0.0,3.3794453,0.0,4.541196,5.6428375,0.0,0.0,0.0,0.0,0.0,0.0,0.0,2.4285583,0.0,7.593371,3.4953058,0.0,0.0,0.0,0.0,0.0,0.0,0.0,0.0
2012-01-17,0.0,0.0,0.0,0.0,0.0,0.0,0.0,0.0,0.0,0.0,0.0,0.0,0.0,0.0,0.0,0.0,0.0,0.0,0.0,0.0,0.0,0.0,0.0,0.0,0.0,0.0,0.0,0.0,0.0,0.0
2012-01-18,0.0,0.0,0.0,0.0,0.0,0.0,4.6100526,0.0,0.0,0.0,0.0,0.0,0.0,0.0,0.0,0.0,0.0,0.0,0.0,0.0,0.0,0.0,0.0,0.0,0.0,0.0,0.0,5.655585,0.0,0.0
2012-01-19,0.0,0.0,0.0,0.0,0.0,0.0,0.0,0.0,3.682525,5.757935,0.0,0.0,0.0,0.0,0.0,0.0,0.0,0.0,0.0,0.0,0.0,0.0,0.0,0.0,0.0,0.0,0.0,3.1830373,0.0,0.0
2012-01-20,0.0,0.0,0.0,0.0,0.0,0.0,0.0,0.0,0.0,0.0,0.0,0.0,0.0,0.0,0.0,0.0,0.0,0.0,0.0,0.0,0.0,0.0,0.0,0.0,0.0,0.0,0.0,0.0,0.0,0.0
2012-01-21,0.0,0.0,0.0,7.994094,7.8148293,7.809455,0.0,6.0302706,0.0,5.786852,8.775899,0.0,0.0,0.0,0.0,0.0,0.0,4.9693985,4.1407332,0.0,6.855431,5.513335,0.0,0.0,0.0,0.0,0.0,5.580382,0.0,0.0
2012-01-22,0.0,0.0,0.0,7.3956347,0.0,9.139585,0.0,0.0,0.0,0.0,5.60537,0.0,0.0,0.0,0.0,0.0,0.0,0.0,7.2267013,0.0,0.0,0.0,0.0,0.0,0.0,0.0,4.7244167,0.0,0.0,7.3998246
2012-01-23,0.0,0.0,0.0,16.711176,0.0,11.453107,0.0,3.3012106,0.0,0.0,0.0,0.0,0.0,0.0,0.0,0.0,0.0,0.0,3.737805,0.0,0.0,0.0,0.0,0.0,0.0,0.0,4.418623,0.0,0.0,13.570931
2012-01-24,0.0,0.0,0.0,0.0,0.0,0.0,0.0,0.0,0.0,0.0,0.0,0.0,0.0,0.0,0.0,0.0,0.0,0.0,0.0,0.0,0.0,0.0,3.5662384,0.0,0.0,2.2341743,0.0,0.0,0.0,0.0
2012-01-25,0.0,0.0,0.0,0.0,0.0,0.0,0.0,0.0,0.0,0.0,0.0,0.0,0.0,0.0,0.0,0.0,0.0,0.0,0.0,0.0,0.0,0.0,0.0,0.0,0.0,0.0,0.0,0.0,0.0,0.0
2012-01-26,0.0,0.0,0.0,0.0,0.0,0.0,0.0,0.0,0.0,0.0,0.0,0.0,0.0,0.0,0.0,0.0,0.0,0.0,0.0,0.0,0.0,0.0,0.0,0.0,0.0,0.0,0.0,0.0,0.0,0.0
2012-01-27,0.0,0.0,0.0,0.0,0.0,0.0,0.0,0.0,0.0,0.0,0.0,0.0,0.0,0.0,0.0,0.0,0.0,0.0,0.0,0.0,0.0,0.0,0.0,0.0,0.0,0.0,0.0,0.0,0.0,0.0
2012-01-28,0.0,0.0,0.0,0.0,0.0,0.0,0.0,0.0,0.0,0.0,0.0,0.0,0.0,0.0,0.0,0.0,0.0,0.0,0.0,0.0,1.2968594,0.0,0.0,0.0,0.0,0.0,0.0,0.0,0.0,0.0
2012-01-29,0.0,0.0,0.0,0.0,0.0,0.0,0.0,0.0,0.0,0.0,0.0,0.0,0.0,0.0,0.0,0.0,0.0,0.0,0.0,0.0,0.0,0.0,0.0,0.0,0.0,0.0,0.0,0.0,0.0,0.0
2012-01-30,0.0,0.0,0.0,0.0,0.0,0.0,0.0,0.0,0.0,0.0,0.0,0.0,0.0,0.0,0.0,0.0,0.0,0.0,0.0,0.0,0.0,0.0,0.0,0.0,0.0,0.0,0.0,0.0,0.0,0.0
2012-01-31,0.0,5.312131,0.0,0.0,0.0,6.6586094,0.0,4.079379,0.0,0.0,5.697214,0.0,4.672344,0.0,0.0,0.0,0.0,4.0707574,8.2581835,5.677958,0.0,6.1755047,4.762181,4.823665,5.7620006,4.692048,4.2952533,4.72927,0.0,6.31271
2012-02-01,0.0,0.0,0.0,0.0,0.0,0.0,0.0,0.0,0.0,0.0,0.0,0.0,0.0,0.0,0.0,0.0,0.0,0.0,0.0,0.0,0.0,0.0,0.0,0.0,0.0,0.0,0.0,0.0,0.0,0.0
2012-02-02,0.0,0.0,0.0,0.0,0.0,0.0,0.0,0.9966688,0.0,0.0,0.0,0.0,0.0,0.0,0.0,0.0,0.0,0.0,0.0,0.0,0.0,1.4321418,0.0,0.0,2.9334638,0.0,0.0,0.0,0.0,0.0
2012-02-03,0.0,0.0,0.0,0.0,0.0,0.0,0.0,0.0,0.0,0.0,0.0,0.0,0.0,0.0,0.0,0.0,0.0,0.0,0.0,0.0,0.0,0.0,0.0,0.0,0.0,0.0,0.0,0.0,0.0,0.0
2012-02-04,0.0,0.0,0.0,0.0,0.0,0.0,1.6504905,0.0,0.0,0.0,0.0,0.0,0.0,0.0,0.0,0.0,0.0,0.0,0.0,0.0,0.0,0.0,0.0,1.3578402,0.0,0.18790941,0.0,0.0,0.0,0.0
2012-02-05,6.167199,3.5553887,6.15287,0.0,0.0,0.0,5.6634374,3.985354,0.0,0.0,3.5837252,0.0,0.0,0.0,0.0,7.4232664,0.0,5.2165627,0.0,0.0,0.0,0.0,4.8021045,0.0,0.0,5.2124968,3.5853226,0.0,0.0,0.0
2012-02-06,14.91645,0.0,18.724222,0.0,0.0,0.0,0.0,0.0,0.0,0.0,0.0,0.0,0.0,0.0,0.0,23.014345,0.0,0.0,0.0,0.0,0.0,0.0,0.0,0.0,0.0,0.0,0.0,0.0,0.0,0.0
2012-02-07,0.0,0.0,0.0,0.0,0.0,0.0,0.0,0.0,0.0,0.0,0.0,0.0,0.0,0.0,0.0,0.0,0.0,0.0,0.0,0.0,0.0,0.0,0.0,0.0,0.0,0.0,0.0,0.0,0.0,0.0
2012-02-08,0.0,0.0,0.0,0.0,0.0,0.0,0.0,0.0,0.0,0.0,0.0,0.0,0.0,0.0,0.0,2.8073783,0.0,0.0,0.0,0.0,0.0,0.0,0.0,0.0,0.0,0.0,0.0,0.0,0.0,0.0
2012-02-09,7.295775,0.0,12.363109,0.0,0.0,0.0,5.5464463,0.0,0.0,6.469975,0.0,0.0,5.255447,3.9438493,0.0,10.481773,0.0,6.4055586,0.0,0.0,6.17109,0.0,0.0,11.155515,0.0,5.9384284,0.0,8.218493,0.0,0.0
2012-02-10,8.284659,4.143939,8.094873,0.0,0.0,0.0,9.402496,0.0,0.0,3.3188903,0.0,0.0,0.0,0.0,0.0,12.915349,0.0,3.8492365,0.0,4.582692,8.168687,4.544838,0.0,8.062755,3.6771853,3.5795233,0.74980724,6.6307573,0.0,1.1784508
2012-02-11,13.980135,3.8969297,19.511799,5.069698,6.5106936,0.0,15.589468,0.0,6.7387686,15.808068,0.0,6.05781,12.356101,6.156338,1.9609529,14.725319,0.0,14.385548,0.0,4.74261,31.393885,0.0,0.0,0.0,5.032932,0.0,0.0,21.903019,5.8998346,0.0
2012-02-12,0.0,0.0,0.0,0.0,0.0,0.0,0.0,0.0,0.0,0.0,0.0,0.0,0.0,0.0,0.0,0.0,0.0,0.0,0.0,0.0,9.733974,0.0,0.0,0.0,0.0,0.0,0.0,0.0,0.0,0.0
2012-02-13,0.0,0.0,0.0,0.0,0.0,0.0,0.0,0.0,0.0,0.0,0.0,0.0,0.0,0.0,0.0,0.0,0.0,0.0,0.0,0.0,0.0,0.0,0.0,0.0,0.0,0.0,0.0,0.0,0.0,0.0
2012-02-14,0.0,0.0,0.0,0.0,0.0,0.0,0.0,0.0,0.0,0.0,0.0,0.0,0.0,0.0,0.0,0.0,0.0,0.0,0.0,0.0,0.0,0.0,0.0,0.0,0.0,0.0,0.0,0.0,0.0,0.0
2012-02-15,4.898033,0.0,18.796576,0.0,0.0,0.0,8.619127,0.0,1.1204932,0.0,0.0,0.0,4.714102,0.0,0.0,19.840593,0.0,5.5964394,0.0,0.0,0.0,0.0,0.0,4.2142844,0.0,3.3144522,0.0,7.7471137,0.0,0.0
2012-02-16,0.0,0.0,0.0,0.0,0.0,0.0,0.0,0.0,0.0,0.0,0.0,0.0,0.0,0.0,0.0,0.0,0.0,0.0,0.0,0.0,0.0,0.0,0.0,0.0,0.0,0.0,0.0,0.0,0.0,0.0
2012-02-17,0.0,0.0,0.0,0.0,0.0,0.0,0.0,0.0,0.0,0.0,0.0,0.0,0.0,0.0,0.0,0.0,0.0,0.0,0.0,0.0,0.0,0.0,0.0,0.0,0.0,0.0,0.0,0.0,0.0,0.0
2012-02-18,0.0,0.0,0.0,0.0,0.0,0.0,0.0,0.0,0.0,0.0,0.0,0.0,0.0,0.0,0.0,0.0,0.0,0.0,0.0,0.0,0.0,0.0,0.0,0.0,2.475936,0.0,0.0,0.0,0.0,0.0
2012-02-19,0.0,0.0,0.0,0.0,0.0,0.0,0.0,0.0,0.0,0.0,0.0,0.0,0.0,0.0,0.0,0.0,0.0,0.0,0.0,0.0,0.0,0.0,0.0,0.0,4.166028,0.0,0.0,0.0,0.0,0.0
2012-02-20,0.0,0.0,0.0,0.0,0.0,0.0,0.0,0.0,0.0,0.0,0.0,0.0,0.0,0.0,0.0,0.0,0.0,0.0,0.0,0.0,0.0,0.0,0.0,0.0,0.0,0.0,0.0,0.0,0.0,0.0
2012-02-21,0.0,0.0,0.0,0.0,0.0,0.0,0.0,0.0,0.0,0.0,0.0,0.0,3.2395816,0.0,0.0,0.0,0.0,0.0,3.383154,0.0,0.0,0.0,0.0,0.0,0.0,0.0,0.0,0.0,0.0,3.4750843
2012-02-22,7.232647,3.1440518,8.564447,5.8028703,0.0,7.6589565,6.008955,0.0,5.6652665,7.4339957,0.0,7.4398847,6.8048015,2.8860066,6.1846385,12.689928,3.9414923,0.0,8.002561,0.0,0.0,0.0,2.6964445,6.194585,7.623128,4.56217,4.779875,9.827425,3.516368,8.443197
2012-02-23,0.0,1.3589351,5.286699,5.8217144,8.241942,1.6432545,7.2280326,0.0,1.8722764,12.859817,1.6914318,10.003652,10.639471,11.536906,6.290934,0.0,0.0,7.1865063,2.204516,0.0,14.163877,0.0,1.3071406,0.6979227,2.817143,1.3391788,0.0,11.607618,6.2811084,0.0
2012-02-24,0.0,0.0,0.0,3.6399407,3.3177118,0.0,0.0,0.0,3.6028893,0.0,0.0,2.9037862,0.0,0.0,0.0,0.0,0.0,0.0,0.0,0.0,0.0,0.0,0.0,0.0,0.0,0.0,0.0,0.0,0.0,0.0
2012-02-25,0.0,4.0797777,0.0,2.9908845,0.0,6.207905,3.1903489,4.051595,1.817174,0.0,8.401505,2.9042583,0.6453742,8.080741,0.0,0.0,0.0,2.463755,11.060736,2.458715,7.086576,4.6247334,10.20617,9.586971,6.269291,9.057107,10.033452,0.0,0.0,11.991606
2012-02-26,0.0,0.0,0.0,0.0,0.0,0.0,0.0,0.0,0.0,0.0,0.0,0.0,0.0,0.0,0.0,0.0,0.0,0.0,0.0,0.0,0.0,0.0,0.0,0.0,0.0,0.0,0.0,0.0,0.0,0.0
2012-02-27,3.49209,0.0,10.931542,0.0,0.0,0.0,0.0,0.0,0.0,0.0,0.0,0.0,0.0,0.0,0.0,11.45518,0.0,0.0,0.0,0.0,0.0,0.0,0.0,0.0,0.0,0.0,0.0,0.0,0.0,0.0
2012-02-28,0.0,0.0,0.0,0.0,0.0,0.0,0.0,0.0,0.0,0.0,0.0,0.0,0.0,0.0,0.0,0.0,0.0,0.0,0.0,0.0,0.0,0.0,0.0,0.0,0.0,0.0,0.0,0.0,0.0,0.0
2012-02-29,0.0,0.0,0.0,0.0,0.0,0.0,0.0,0.0,0.0,0.0,0.0,0.0,0.0,0.0,0.0,0.0,0.0,0.0,0.0,0.0,0.0,0.0,0.0,0.0,0.0,0.0,0.0,0.0,0.0,0.0
2012-03-01,0.0,0.0,0.0,0.0,0.0,0.0,0.0,0.0,0.0,0.0,0.0,0.0,0.0,0.0,0.0,0.0,0.0,0.0,0.0,0.0,0.0,0.0,0.0,0.0,0.0,0.0,0.0,0.0,0.0,0.0
2012-03-02,0.0,0.0,0.0,0.0,0.0,0.0,0.0,0.0,0.0,0.0,0.0,0.0,0.0,0.0,0.0,0.0,0.0,0.0,0.0,0.0,0.0,0.0,0.0,0.0,0.0,0.0,0.0,0.0,0.0,0.0
2012-03-03,0.0,0.0,0.0,0.0,0.0,0.0,0.0,0.0,0.0,0.0,0.0,0.0,0.0,0.0,0.0,0.0,0.0,0.0,0.0,0.0,0.0,0.0,0.0,0.0,0.0,0.0,0.0,0.0,0.0,0.0
2012-03-04,0.0,0.0,5.4279866,0.0,0.0,0.0,0.0,0.0,0.0,0.0,0.0,0.0,0.0,0.0,0.0,0.0,0.0,0.0,0.0,0.0,0.0,0.0,0.0,0.0,0.0,0.0,0.0,0.0,0.0,0.0
2012-03-05,3.1801343,0.0,4.377314,0.0,0.0,0.0,0.0,0.0,0.0,0.0,0.0,0.0,0.0,0.0,0.0,6.8718495,0.0,0.0,0.0,0.0,0.0,0.0,0.0,0.0,0.0,0.0,0.0,0.0,0.0,0.0
2012-03-06,0.0,0.0,0.0,0.0,0.0,0.0,0.0,0.0,0.0,0.0,0.0,0.0,0.0,0.0,0.0,0.0,0.0,0.0,0.0,0.0,0.0,0.0,0.0,0.0,0.0,0.0,0.0,0.0,0.0,0.0
2012-03-07,2.3975053,8.18746,1.8679434,0.0,0.0,3.8333814,2.2224028,4.9143143,0.0,0.0,5.9031086,0.0,0.0,0.0,0.0,0.0,6.3663864,0.0,3.3788936,5.639076,0.0,7.786032,0.0,2.4500844,6.082714,1.8485746,0.0,4.7547717,0.0,0.0
2012-03-08,0.0,0.0,0.0,0.0,0.0,0.0,0.0,0.0,0.0,0.0,0.0,0.0,0.0,0.0,0.0,0.0,0.0,0.0,0.0,0.0,0.0,0.0,0.0,0.0,0.0,0.0,0.0,0.0,0.0,0.0
2012-03-09,0.0,0.0,0.0,0.0,0.0,0.0,0.0,0.0,0.0,0.0,0.0,0.0,0.0,0.0,0.0,3.762687,0.0,0.0,0.0,0.0,0.0,0.0,0.0,0.0,0.0,0.0,0.0,6.4703717,0.0,0.0
2012-03-10,0.0,0.0,7.482231,0.0,0.0,0.0,0.0,0.0,0.0,0.0,0.0,0.0,0.0,0.0,0.0,7.5851264,0.0,2.987624,0.0,0.0,0.0,0.0,0.0,0.0,0.0,0.0,0.0,4.414558,0.0,0.0
2012-03-11,0.0,0.0,0.0,0.0,0.0,0.0,0.0,0.0,0.0,0.0,0.0,0.0,0.0,0.0,0.0,0.0,0.0,0.0,0.0,0.0,0.0,0.0,3.0386295,5.805678,0.0,6.5813265,0.0,0.0,0.0,0.0
2012-03-12,4.1671553,14.365743,4.8283067,8.9933605,8.242088,10.786473,1.964204,19.961246,5.2578316,6.2267165,14.104004,10.236333,5.002416,1.9661467,7.3867226,5.181446,3.5307565,2.362735,17.768917,3.481803,4.4071364,19.518707,11.123065,4.8385324,7.7214956,5.613101,15.0471325,1.1795013,4.9673977,16.760225
2012-03-13,7.7918496,4.714661,11.687847,2.9940004,3.001603,3.5186095,8.11525,5.7805567,0.0,10.880387,4.559752,5.8788004,2.5268073,10.156368,1.0638833,20.989508,2.9224114,0.0,5.4617147,4.154271,16.56283,5.097266,9.623976,5.875084,7.4139466,9.432389,5.484845,0.0,1.1454023,5.4101667
2012-03-14,0.0,0.0,1.0776724,0.0,0.0,0.0,0.0,0.0,0.0,0.0,0.0,0.0,0.0,0.0,0.0,1.3280147,0.0,0.0,0.0,0.0,0.0,0.0,0.0,0.0,0.0,0.0,0.0,0.0,0.0,0.0
2012-03-15,7.1771617,0.0,10.534832,0.0,0.0,0.0,0.0,0.0,0.0,0.0,0.0,0.0,0.0,0.0,0.0,13.38519,0.0,0.0,0.0,0.0,0.0,0.0,0.0,1.1224552,0.0,0.0,0.0,0.0,0.0,0.0
2012-03-16,0.0,0.0,4.6761513,0.0,0.0,0.0,0.0,0.0,0.0,0.0,0.0,0.0,0.0,0.0,0.0,3.293036,0.0,0.0,0.0,0.0,0.0,0.0,0.0,0.0,0.0,0.0,0.0,0.0,0.0,0.0
2012-03-17,0.0,0.0,0.0,0.0,0.0,0.0,0.0,0.0,0.0,0.0,0.0,0.0,0.0,0.0,0.0,0.0,0.0,0.0,0.0,0.0,0.0,0.0,0.0,0.0,0.0,0.0,0.0,0.0,0.0,0.0
2012-03-18,0.0,0.0,0.0,0.0,0.0,0.0,0.0,0.0,0.0,0.0,0.0,0.0,0.0,0.0,0.0,0.0,0.0,0.0,0.0,0.0,0.0,0.0,0.0,0.0,0.0,0.0,0.0,0.0,0.0,0.0
2012-03-19,0.0,0.0,0.0,0.0,0.0,0.0,0.0,0.0,0.0,0.0,0.0,0.0,0.0,0.0,0.0,0.0,0.0,0.0,0.0,0.0,0.0,0.0,0.0,0.0,0.0,0.0,0.0,0.0,0.0,0.0
2012-03-20,0.0,0.0,0.0,0.0,0.0,0.0,0.0,0.0,0.0,0.0,0.0,0.0,0.0,0.0,0.0,0.0,0.0,0.0,0.0,0.0,0.0,0.0,0.0,0.0,0.0,0.0,0.0,0.0,0.0,0.0
2012-03-21,0.0,0.0,0.0,0.0,0.0,0.0,0.0,0.0,0.0,0.0,0.0,0.0,0.0,0.0,0.0,0.0,0.0,0.0,0.0,0.0,0.0,0.0,0.0,0.0,0.0,0.0,0.0,0.0,0.0,0.0
2012-03-22,3.3802767,0.0,8.305261,0.0,0.0,0.0,8.521753,0.0,0.0,0.0,0.0,0.0,0.0,0.0,0.0,0.0,0.0,0.0,0.0,0.0,0.0,0.0,0.0,0.0,0.0,0.0,0.0,8.57733,0.0,0.0
2012-03-23,0.0,0.0,0.0,0.0,0.0,0.0,0.0,0.0,0.0,0.0,0.0,0.0,0.0,0.0,0.0,0.0,0.0,0.0,0.0,0.0,0.0,0.0,0.0,0.0,0.0,0.0,0.0,0.0,0.0,0.0
2012-03-24,0.0,0.0,0.0,0.0,0.0,0.0,0.0,0.0,0.0,0.0,0.0,0.0,0.0,0.0,0.0,0.0,0.0,0.0,0.0,0.0,0.0,0.0,0.0,0.0,0.0,0.0,0.0,0.0,0.0,0.0
2012-03-25,0.0,0.0,0.0,0.0,0.0,0.0,0.0,0.0,0.0,0.0,0.0,0.0,0.0,0.0,0.0,0.0,0.0,0.0,0.0,0.0,0.0,0.0,0.0,0.0,0.0,0.0,0.0,0.0,0.0,0.0
2012-03-26,0.0,0.0,0.0,0.0,0.0,0.0,0.0,0.0,0.0,0.0,0.0,0.0,0.0,0.0,0.0,0.0,0.0,0.0,0.0,0.0,0.0,0.0,0.0,0.0,0.0,0.0,0.0,0.0,0.0,0.0
2012-03-27,0.0,8.708708,11.56671,0.0,0.0,0.0,0.0,6.626353,0.0,0.0,0.0,0.0,0.0,0.0,0.0,13.615958,0.0,0.0,0.0,9.32217,0.0,7.662229,0.0,0.0,10.138466,0.0,3.998385,0.0,0.0,3.6124558
2012-03-28,12.075605,0.0,17.728415,0.0,3.9481947,0.0,15.295188,0.0,0.0,27.145485,0.0,4.6932344,24.484756,10.768698,0.0,0.0,6.0789423,13.775135,0.0,0.0,18.329605,0.0,0.0,7.0076985,0.41400808,0.0,0.0,33.34566,0.98892415,0.0
2012-03-29,18.057278,0.0,26.041456,0.0,0.0,0.0,24.81284,0.0,0.0,12.10101,0.0,0.0,18.931568,0.0,0.0,28.920698,0.0,20.320667,0.0,0.0,12.294434,0.0,0.0,11.846451,0.0,12.861479,0.0,27.423058,0.0,0.0
2012-03-30,0.0,0.0,11.386812,0.0,0.0,0.0,0.0,0.0,0.0,4.332387,0.0,0.0,0.0,3.4449925,0.0,15.0852585,0.0,5.230114,0.0,0.0,0.0,0.0,0.0,0.0,0.0,4.079398,0.0,7.1703634,0.0,0.0
2012-03-31,9.645136,7.958087,12.68784,0.0,0.0,0.0,17.670816,6.7650647,0.0,9.70409,3.6596327,6.848607,11.698979,0.0,0.0,10.494048,0.0,14.822604,6.034543,0.0,13.575945,2.9843607,7.355834,8.202613,8.115184,9.768152,7.14483,20.376219,0.0,7.139043
2012-04-01,5.9935217,3.487222,9.695503,0.0,0.0,0.0,5.858573,0.0,0.0,23.978443,0.0,0.0,13.141652,6.6288476,0.0,0.0,4.2718296,7.590999,0.0,1.0520542,9.09345,0.0,0.0,0.0,0.0,2.1139085,0.0,14.122697,0.0,0.0
2012-04-02,11.624426,0.0,20.693203,0.0,0.0,0.0,18.377731,0.0,0.0,0.0,0.0,0.0,0.0,0.0,0.0,8.91834,0.0,11.594517,0.0,0.0,0.0,0.0,0.0,4.689117,0.0,3.9430873,0.0,14.971095,0.0,0.0
2012-04-03,0.0,0.0,0.0,0.0,0.0,0.0,0.0,0.0,0.0,0.0,0.0,0.0,0.0,0.0,0.0,0.0,0.0,0.0,0.0,0.0,0.0,0.0,0.0,0.0,0.0,0.0,0.0,7.2051353,0.0,0.0
2012-04-04,5.746977,0.0,12.416856,0.0,0.0,0.0,5.854654,0.0,0.0,7.4364624,0.0,0.0,11.765396,0.0,0.0,8.845255,0.0,7.1661925,0.0,0.0,0.86033595,0.0,0.0,3.1861706,0.0,0.0,0.0,14.68315,0.0,0.0
2012-04-05,0.0,0.0,0.0,0.0,0.0,0.0,0.0,0.0,0.0,4.0324574,0.0,1.9245632,0.0,5.3951993,0.0,0.0,0.0,0.0,0.0,0.0,8.392961,0.0,0.0,0.0,2.23706,0.0,0.0,0.0,0.0,0.0
2012-04-06,8.447359,0.0,15.503222,0.0,0.0,0.0,12.083895,0.0,0.0,3.6694224,0.0,2.989729,0.0,3.3734498,0.0,6.1559815,0.0,8.978706,0.0,0.0,6.50599,0.0,0.0,2.034923,0.0,0.0,0.0,12.8089485,0.0,0.0
2012-04-07,0.0,0.0,0.0,0.0,0.0,0.0,0.0,0.0,0.0,2.0027976,0.0,2.784863,0.0,6.902576,0.0,0.0,0.0,0.0,0.0,0.0,7.2975183,0.0,0.0,0.0,1.181622,0.0,0.0,0.0,0.0,0.0
2012-04-08,9.776291,0.0,13.991402,0.0,0.0,0.0,8.24811,0.0,0.0,6.288652,0.0,1.7275276,8.0922985,3.4551077,0.0,16.33622,0.0,7.7296615,0.0,0.5148835,4.285132,0.0,0.0,1.4614223,0.0,2.2562482,0.0,10.322057,0.0,0.0
2012-04-09,2.8272452,0.0,7.3773947,0.0,0.0,0.0,6.103981,0.0,0.0,8.995788,0.0,2.9534764,6.9377975,6.9814315,0.0,0.0,0.0,4.8288403,0.0,2.6583614,10.306356,0.0,0.0,1.7350718,2.6318183,0.25239965,0.0,8.187903,0.0,0.0
2012-04-10,7.3799944,0.0,9.442656,0.0,0.0,0.0,6.0419474,0.0,0.0,7.425003,0.0,0.0,10.1043005,3.4907157,0.0,8.935399,0.0,6.3206797,0.0,0.0,4.25812,0.0,0.0,0.0,0.0,0.0,0.0,10.277446,0.0,0.0
2012-04-11,8.448945,3.8638394,16.808434,0.0,0.0,0.0,7.783666,1.7178388,0.0,10.457359,0.0,2.0151367,12.214304,3.64321,0.0,16.33392,3.9217749,5.8793926,0.47594863,1.2206979,3.9385467,0.0,3.8663142,4.9526114,2.3577685,4.5017085,2.9881964,12.069958,0.0,0.55678153
2012-04-12,10.871845,2.9455109,16.160486,1.1949497,0.0,0.0,17.148783,0.0,0.0,5.3328624,0.0,1.2551663,9.248376,2.9851313,0.0,14.650725,2.4477239,10.695871,0.0,1.2766595,0.0,0.0,3.8911712,8.860877,0.0,8.401983,3.2399955,15.401915,0.0,3.595039
2012-04-13,14.640918,0.0,16.419094,0.0,0.0,0.0,7.554553,0.0,0.0,0.0,0.0,0.0,0.0,0.0,0.0,20.255325,0.0,0.0,0.0,0.0,0.0,0.0,0.0,9.085143,0.0,3.2309546,0.0,0.0,0.0,0.0
2012-04-14,9.802558,2.0793285,15.7210045,0.0,0.0,0.9732858,13.435631,1.1841999,0.0,15.74896,1.295604,0.0,14.410685,4.594836,0.0,10.681636,1.7172323,13.712727,7.6656733,0.0,1.6973394,0.3080435,6.1829376,10.253425,0.0,7.909959,4.225135,17.57191,0.0,4.2121167
2012-04-15,19.618792,1.4323509,28.92582,0.55079794,0.0,0.0,22.870504,2.0432167,0.0,5.391759,1.7278115,0.0,11.842261,0.0,0.0,21.363272,1.6010393,16.508617,3.574972,0.0,0.0,1.3267509,5.7031984,16.510725,0.0,12.707332,4.0623145,18.050648,0.0,4.005454
2012-04-16,8.394544,0.0,12.409439,0.0,0.0,0.0,5.8503323,0.0,0.0,4.98939,0.0,3.5518034,4.7270837,5.6738734,0.0,13.789701,0.0,4.937246,0.0,0.0,7.584262,0.0,0.0,5.7631345,2.4438987,0.0,0.0,6.5789204,0.0,0.0
2012-04-17,0.0,0.0,0.0,4.033389,5.822074,1.573962,4.8640265,0.0,0.0,5.8782887,0.0,7.5431457,3.71985,4.1401844,0.0,0.0,0.0,2.91849,0.0,0.9649098,2.043152,0.0,0.0,0.0,3.8922338,0.0,0.0,6.841391,0.0,0.0
2012-04-18,2.6426723,0.0,4.2901387,0.0,1.6222187,0.0,4.2437215,0.0,0.0,4.0477667,0.0,6.9523325,4.3984795,4.880802,0.0,0.0,0.0,2.5366209,0.0,0.0,10.981218,0.0,0.6514558,0.0,0.0,0.0,0.2246854,6.142523,0.0,0.8560458
2012-04-19,2.7397165,1.5294023,0.6836511,1.944581,1.6343611,2.512019,3.0397947,1.6975456,2.8618414,3.5049276,2.4695363,0.0,2.430264,0.5406274,2.5958061,0.0,1.0929773,2.2763045,1.6295165,0.0,3.638997,1.4990143,1.3556052,2.0260916,0.42239243,2.0194101,1.6236036,3.037712,2.0109372,2.0191374
2012-04-20,3.7209034,1.0416267,14.643128,1.0947204,1.2113134,0.0,3.1082897,1.0503052,1.91884,6.9769125,0.53289145,0.0,1.3973315,2.096293,1.5210195,15.081992,0.0,2.5048122,3.3334603,0.0,11.214932,0.0,1.6627176,0.0,0.0,0.0,2.303638,5.754053,2.051236,3.0289595
2012-04-21,0.0,0.0,0.0,0.0,0.0,0.0,0.0,0.0,0.0,0.0,0.0,0.0,0.0,0.0,0.0,0.0,0.0,0.0,2.9952688,0.0,0.0,0.0,2.341599,0.0,0.0,0.0,2.307351,0.0,0.0,2.9952688
2012-04-22,10.953922,0.0,20.739506,0.0,0.0,0.0,8.160154,0.0,0.0,4.426093,1.3167924,5.0997167,0.0,12.549299,0.0,14.578682,0.0,6.160203,5.9741697,0.0,22.66341,0.0,0.0,4.0447454,3.465024,2.6374247,0.0,9.032048,0.0,3.4547906
2012-04-23,16.16413,10.804529,41.4512,0.0,1.7960899,2.0638597,23.965399,2.8671458,2.077625,26.149166,2.0264144,11.676028,20.1726,20.199974,2.5853639,36.359303,8.389272,20.881538,8.276707,8.946541,34.791576,4.650335,10.6416025,8.709379,9.412597,10.111337,7.0709143,27.096146,2.310688,7.105447
2012-04-24,39.699726,19.050756,68.95819,9.837445,9.596961,10.489766,44.99554,14.4425125,0.0,42.42691,9.515204,14.067612,42.50839,20.756807,4.9982524,57.83847,19.992336,39.06569,22.735456,12.271329,33.95677,10.745063,16.68298,25.663134,12.744099,23.069927,16.173473,49.40706,4.018423,19.256184
2012-04-25,14.579425,2.5724797,23.404705,9.483023,14.426736,4.351927,18.34547,2.809754,5.6191154,15.057582,0.0,20.5299,9.517873,14.087127,5.4728546,30.339453,0.0,16.415983,5.5303073,5.1631,27.986656,0.0,5.294034,6.62085,9.266003,5.3799586,4.939389,19.495272,8.816769,5.329862
2012-04-26,24.390034,7.3914113,41.066444,4.7644234,4.509507,3.7371392,33.030846,3.9482098,4.93072,24.901329,2.620264,7.0419297,31.503658,13.107632,2.3302622,36.23785,9.567565,26.984146,0.0,7.093478,31.476376,6.7182803,8.633752,12.37237,7.5074873,13.160044,9.087116,37.40447,2.1983118,4.6003695
2012-04-27,0.0,4.386109,13.196189,4.4566584,6.5020404,7.002145,4.3471904,4.0563684,0.0,26.35132,5.8200836,9.818699,18.094591,13.300024,0.0,21.2672,9.784755,6.1756186,1.7128264,10.737907,20.180075,8.384462,2.7194324,5.7531934,10.651348,5.786529,0.0,22.994398,3.3685274,0.0
2012-04-28,0.0,0.0,0.0,3.0682154,3.8289127,0.0,0.0,0.0,0.0,2.0782917,0.0,4.0465913,0.0,5.4768023,0.0,0.0,0.0,0.0,0.0,2.7607849,5.5589304,0.0,0.0,0.0,3.3816886,0.0,0.0,0.0,0.0,0.0
2012-04-29,7.680399,8.412526,22.326214,14.499861,14.09268,9.219908,23.12527,0.0,2.86776,20.6868,0.0,13.276111,21.233057,9.435783,5.90915,28.018896,6.182214,18.455452,4.412844,6.288116,12.2278805,0.0,8.856953,5.2766066,7.867457,9.255255,4.7366667,28.214346,6.6594253,5.6004357
2012-04-30,7.598376,16.404255,22.420954,8.620258,8.016967,8.662431,23.601631,9.523672,0.0,22.087345,8.312888,12.682092,21.335499,17.078533,3.2623484,27.738003,14.290579,23.580933,4.2697887,13.475634,16.437054,17.335865,8.825504,8.9997635,15.173561,8.406974,6.9480743,26.0146,3.463616,4.5442276
2012-05-01,2.6779964,8.496125,16.502136,8.02864,9.815568,7.0775847,17.841711,4.211525,0.0,23.711536,3.1913993,18.931082,15.908158,26.372408,2.3007917,0.0,14.539864,15.398891,5.876906,18.60604,27.310478,7.00425,4.5983124,3.6240735,21.594591,4.715782,6.077347,22.298992,2.5248785,6.283607
2012-05-02,0.0,2.380259,4.762081,7.4113545,8.709389,0.0,6.508025,0.0,0.0,10.540599,0.0,17.914564,6.374866,22.09278,0.0,7.0493455,2.8660266,3.924544,0.0,3.4365668,19.814438,0.0,2.1118217,2.4068053,10.480885,3.0981889,0.0,8.768509,2.904987,0.0
2012-05-03,0.0,4.00877,0.0,4.6051846,3.3187072,4.685459,7.519923,2.4684067,1.1528435,0.0,4.5461893,8.97662,4.652129,5.711139,0.96208304,0.0,0.0,5.1939187,0.0,5.529448,0.0,6.2699637,0.0,0.0,6.3865824,2.174835,0.0,9.521682,1.9409099,0.0
2012-05-04,4.2923484,7.8838463,17.305,5.881728,0.0,9.8141165,9.794309,6.3573084,0.0,13.258871,6.277752,5.2238393,9.424569,17.151447,1.5264263,0.0,8.716758,11.514788,0.0,6.970874,7.01396,7.4677444,6.9750443,0.0,11.447343,6.244031,5.4233265,15.913987,0.0,0.0
2012-05-05,0.0,9.185262,22.239264,4.993539,0.0,7.5845933,8.387833,8.740063,0.0,7.9164786,9.341617,3.0114856,15.13733,13.557193,3.702393,28.272717,6.256825,10.53674,8.334093,11.403307,0.0,9.594659,8.892292,5.919217,9.65536,8.486365,9.317585,13.438264,0.0,8.023631
2012-05-06,3.2778344,0.0,0.0,0.0,0.0,0.0,0.5218211,0.0,0.0,2.0699918,0.0,7.506306,2.6560328,6.321063,0.0,0.0,3.9108264,0.0,0.0,6.3485703,0.0,0.0,0.0,0.0,6.557958,0.0,0.0,2.6469812,0.0,0.0
2012-05-07,5.0692835,0.0,8.258605,0.0,0.0,0.0,10.400603,0.0,0.0,2.6108887,0.0,0.0,6.149358,3.1247807,0.0,0.0,0.0,8.375296,0.0,0.0,0.0,0.0,0.0,5.232126,0.0,6.1950197,0.0,8.510656,0.0,0.0
2012-05-08,6.019621,15.781464,10.892873,10.882695,3.8316746,12.745725,12.599992,7.1501365,0.0,9.61865,8.400282,18.815376,11.616941,13.860015,1.3366759,0.0,13.65734,12.666188,0.91300136,16.90763,11.06101,18.043344,11.657132,8.393684,16.963917,10.210967,11.807293,12.370734,1.9414617,10.40624
2012-05-09,7.1297793,2.9130363,8.245129,0.0,0.0,0.0,7.769202,2.7261407,0.0,3.641326,0.0,5.777143,3.8505728,6.834093,0.0,6.241473,0.0,4.738426,4.522366,2.9189346,5.107698,0.0,3.4876325,3.7807517,6.425688,3.1591046,4.0200567,7.451123,2.188388,5.7150955
2012-05-10,3.1664078,15.5035305,5.4332914,19.343452,19.546692,16.016697,5.9694986,9.872241,1.7742159,14.922531,10.553654,21.968538,10.777624,20.741234,4.9778976,1.9942714,11.580582,8.43283,5.242531,18.190926,15.878508,17.55016,6.90317,0.0,19.757832,5.9990077,8.47138,8.659295,5.3580914,4.391316
2012-05-11,19.377127,29.278654,41.982685,9.210268,7.690028,7.920297,29.700624,4.7869415,0.0,30.374733,0.0,22.09773,33.26098,35.308537,0.0,30.84695,38.227566,21.132572,0.0,36.982365,24.104416,21.66531,12.964564,12.104429,21.917007,19.201902,0.0,31.295713,0.0,0.0
2012-05-12,7.2536497,11.599458,9.869975,7.0947466,6.369663,10.909866,21.11661,8.483666,0.0,13.719439,11.359768,16.122131,17.08311,24.878977,0.0,0.0,7.6034274,21.868895,0.0,11.755338,15.117553,10.732706,17.327671,8.700161,17.640823,17.794533,12.724775,25.380268,2.8005679,0.0
2012-05-13,0.0,23.664316,0.0,3.5915294,3.026468,10.37262,0.0,14.201289,7.4993014,7.5995646,8.243328,21.366499,0.0,15.62044,6.7467275,0.0,14.26513,0.0,0.0,24.705238,6.9420667,25.282074,0.0,0.0,22.55542,0.0,8.179461,5.686542,4.368823,5.3158584
2012-05-14,4.037996,21.4463,5.7127824,21.434864,12.298528,19.602629,12.672506,22.173662,0.0,14.514679,18.13126,22.122429,18.04937,20.346428,0.0,0.0,21.184057,17.25504,20.24147,20.310326,13.70699,19.503832,17.669872,9.528289,19.932625,13.077293,22.5817,13.228332,0.0,20.88306
2012-05-15,4.31023,10.314464,7.778496,8.717775,10.048133,8.512948,0.0,11.677969,0.0,7.90084,7.703102,19.903128,8.522642,22.019606,0.0,13.081014,7.7961507,5.946702,0.0,10.573649,13.936456,10.340695,6.9393697,0.0,18.408028,0.0,10.925147,8.461281,1.9272199,0.0
2012-05-16,0.0,0.0,0.0,3.4791088,4.995907,0.0,0.0,0.0,0.0,0.0,0.0,13.456862,0.0,0.0,0.0,0.0,0.0,0.0,0.0,0.0,7.5232553,0.0,0.0,0.0,0.0,0.0,0.0,0.0,0.0,0.0
2012-05-17,0.0,15.064855,3.4152184,9.1044235,9.374755,11.867852,6.696506,7.8522005,3.0770009,9.293319,9.545023,12.307971,11.12177,12.100512,5.291827,0.0,13.249094,7.63985,0.0,17.71256,9.217347,14.848117,2.9538834,0.0,14.957415,4.1317863,5.4920845,10.050408,5.5083513,2.9013143
2012-05-18,0.0,6.0413785,4.006136,5.658799,5.648597,4.844656,2.7968912,0.0,0.0,13.430104,0.0,14.810589,0.0,18.259306,0.0,0.0,9.186086,0.0,0.0,11.281518,17.028126,5.6209755,0.0,0.0,16.420582,0.0,0.0,0.0,0.0,0.0
2012-05-19,0.0,0.0,7.45562,9.373159,8.797008,6.5693097,5.798811,0.0,0.0,0.0,3.3676786,11.606378,0.0,0.0,0.0,6.794476,0.0,6.0218596,0.0,2.7781172,0.0,0.0,0.0,0.0,7.60208,1.6471939,0.0,4.943262,2.3919218,0.0
2012-05-20,0.0,6.8872886,3.7060409,4.250853,5.7958846,2.6284566,6.0916195,0.0,0.0,10.035785,0.0,11.578261,6.710617,17.88386,0.0,0.0,6.047323,6.176066,0.0,9.876383,8.996739,5.812753,4.5595603,3.2525895,18.25605,5.7582173,0.0,11.971708,0.0,0.0
2012-05-21,7.464905,11.949227,16.186256,5.5047674,6.768099,7.4786367,17.019653,2.218683,0.0,11.712569,5.617527,13.927895,12.114876,13.6466255,0.0,0.0,11.088264,14.126733,0.0,13.619419,10.317047,11.3456745,5.747605,1.8087018,13.054646,6.0475955,5.79006,20.936424,0.0,0.0
2012-05-22,0.0,0.0,0.0,1.6081659,4.5656023,2.688538,0.0,2.6658242,0.0,2.5097501,2.4678023,3.874381,1.6051986,3.8764775,0.0,0.0,0.0,0.16085307,0.0,3.2729971,2.4910219,2.9688978,0.0,0.0,3.533185,0.0,0.0,0.0,1.6252354,0.0
2012-05-23,0.0,0.0,0.0,0.0,0.0,3.6093173,5.9194403,3.1909926,0.0,2.6028707,2.6122477,4.3860173,3.8230762,1.9761453,0.0,0.0,0.0,5.56596,0.0,3.3727512,0.0,3.8854816,0.0,0.0,4.2805486,0.0,0.0,5.7365813,0.0,0.0
2012-05-24,0.0,0.0,0.0,0.0,0.0,0.0,0.0,0.0,0.0,0.0,0.0,0.0,0.0,0.0,0.0,0.0,0.0,0.0,0.0,0.0,0.0,0.0,0.42715138,0.0,0.0,0.0,0.0,0.0,0.0,0.0
2012-05-25,2.209327,0.0,0.0,0.0,0.0,0.0,0.0,0.0,0.0,0.0,0.0,0.0,0.0,0.0,0.0,0.0,0.0,0.0,0.0,0.0,0.0,0.0,0.0,0.0,0.0,0.0,0.0,0.0,0.0,0.0
2012-05-26,0.0,0.0,4.6009445,0.0,0.0,0.0,0.0,5.753456,0.0,0.0,4.479626,0.0,0.0,0.0,0.0,8.247507,0.0,0.0,7.8237886,0.0,0.0,3.6706116,0.0,0.0,0.0,0.0,6.88589,0.0,0.0,7.5282626
2012-05-27,0.0,0.0,7.3796372,0.0,0.0,0.0,15.095255,0.0,0.0,0.0,0.0,0.0,0.0,0.0,0.0,0.0,0.0,0.0,0.0,0.0,0.0,0.0,0.0,0.0,0.0,0.0,0.0,14.099253,0.0,0.0
2012-05-28,0.0,11.282908,0.0,7.579651,0.0,6.0474324,0.0,9.770254,0.0,0.0,6.437085,7.3522944,0.0,7.451546,0.0,0.0,6.054109,0.0,12.0198145,11.117813,0.0,11.311653,3.7351778,0.0,9.816435,0.0,9.728615,0.0,0.0,11.069567
2012-05-29,0.0,0.0,0.0,0.0,0.0,0.0,0.0,0.0,0.0,0.0,0.0,0.0,0.0,0.0,0.0,0.0,0.0,0.0,0.0,0.0,0.0,0.0,0.0,0.0,0.0,0.0,0.0,0.0,0.0,0.0
2012-05-30,0.0,0.0,0.0,0.78193706,0.0,0.0,0.0,0.0,0.0,0.0,0.0,0.0,0.0,0.0,0.0,0.0,0.0,0.0,5.8536816,0.0,0.0,0.0,0.0,0.0,0.0,0.0,0.0,0.0,0.0,0.0
2012-05-31,0.0,11.499834,0.0,14.951492,7.013252,15.078842,0.0,13.137947,3.2474928,0.0,11.780929,9.568408,7.8941507,0.0,4.100714,0.0,7.44047,5.807062,11.761963,10.416867,0.0,11.639301,9.341189,1.9824593,10.036639,6.217663,14.314477,8.276325,2.0517836,12.662298
2012-06-01,0.0,0.0,0.0,0.0,1.8965067,0.0,0.0,0.0,4.432067,0.0,0.0,4.43617,0.0,0.0,4.2381296,0.0,0.0,0.0,0.0,0.0,0.0,0.0,0.0,0.0,0.0,0.0,0.0,0.0,4.3925433,0.0
2012-06-02,0.0,0.0,0.0,0.0,0.0,0.0,0.0,0.0,0.0,4.0203094,0.0,0.0,0.0,0.0,0.0,0.0,0.0,0.0,0.0,0.0,0.0,0.0,0.0,0.0,0.0,0.0,0.0,0.0,0.0,0.0
2012-06-03,0.0,0.0,0.0,4.3083143,4.232135,0.0,3.6618812,0.0,0.0,11.261789,0.0,5.959435,4.1463833,0.0,0.0,0.0,0.0,5.500569,0.0,0.0,0.0,0.0,0.0,0.0,5.1141214,4.6843233,0.0,9.268909,0.0,0.0
2012-06-04,0.0,3.1715655,0.0,0.0,0.0,0.0,2.229467,0.0,0.0,18.130177,0.0,0.0,7.5196633,2.664474,0.0,0.0,3.0844617,3.427881,0.0,0.0,0.0,0.0,0.0,0.0,0.0,0.9389847,0.0,7.987004,0.0,0.0
2012-06-05,0.0,3.7095544,0.0,0.0,0.0,0.0,0.0,0.0,0.0,0.0,0.0,0.0,0.0,0.0,0.0,0.0,0.0,0.0,0.0,0.0,0.0,0.0,5.9330463,0.0,0.0,0.0,0.0,0.0,0.0,0.0
2012-06-06,0.0,10.854794,16.177166,0.0,0.0,0.0,0.0,0.0,0.0,18.314562,0.0,0.0,9.431588,3.4768558,0.0,0.0,5.3674293,0.90160674,0.0,0.0,5.851801,0.0,13.786376,0.0,0.0,7.488307,11.770508,14.033922,0.0,10.127188
2012-06-07,0.0,0.0,16.680315,6.77433,7.292478,0.0,0.0,0.0,3.097087,24.707634,0.0,9.618659,4.3166785,2.5845656,5.4412594,25.990274,0.0,0.0,0.0,0.0,36.769543,0.0,0.0,0.0,7.960617,0.0,0.0,13.575986,6.340991,0.0
2012-06-08,15.013649,0.0,34.014362,18.392784,17.487667,10.487722,4.594724,0.0,4.1614714,0.0,5.598422,10.2032385,0.0,0.0,6.2324877,28.827381,0.0,0.0,0.0,0.0,0.0,0.0,0.0,0.038869683,0.0,0.0,0.0,2.6877391,4.1811743,0.0
2012-06-09,8.04001,1.4366459,7.8305845,10.924966,8.539813,5.2403297,0.0,4.5125165,6.9481907,0.0,4.2325435,6.3014097,0.0,2.1452332,6.757463,10.098979,0.0,0.0,2.0861614,2.0730855,16.831886,5.569402,0.0,0.0,4.288637,0.0,0.0,0.0,8.126086,2.3923893
2012-06-10,5.0731626,8.489716,19.910578,12.344952,8.489223,12.622965,14.656435,6.746112,13.495871,19.707394,7.913743,8.493311,3.7497287,8.729358,10.879681,11.586581,2.4798641,8.573043,5.794585,11.206792,22.817307,8.154719,6.47391,7.8536086,12.023555,9.815857,7.6597366,15.2492285,9.630517,6.6930585
2012-06-11,19.805187,0.0,44.30424,0.0,0.0,0.0,3.832882,2.480496,0.0,25.353083,0.0,0.0,0.0,0.0,0.0,20.282804,0.0,3.178063,0.0,0.0,0.0,0.0,0.0,2.7288363,0.0,3.1816633,0.0,9.273028,0.0,0.0
2012-06-12,0.0,8.115546,0.0,0.0,0.0,0.0,0.0,0.0,0.0,0.0,0.0,0.0,3.5734704,0.0,0.0,0.0,4.5581827,0.0,0.0,0.0,0.0,0.0,10.994244,0.0,0.0,0.0,0.0,0.0,0.0,0.0
2012-06-13,0.0,5.5238776,0.0,14.043759,15.256477,6.58187,2.875451,0.0,0.0,4.6307616,4.673191,14.103111,14.242437,15.201498,0.0,0.0,1.7456938,3.6672091,1.7016685,10.421596,33.544304,4.1561713,4.680175,0.0,16.363556,3.6213253,3.8424373,18.479555,4.4358964,3.5226676
2012-06-14,0.0,4.7084336,0.0,0.0,0.0,0.0,0.0,0.0,0.0,3.2843602,0.0,4.419406,2.1612635,3.3563192,0.0,0.0,2.5944314,0.0,0.0,3.8592248,40.707623,4.582217,0.0,0.0,0.0,0.0,0.0,3.06845,0.0,0.0
2012-06-15,0.0,0.0,8.517674,0.0,2.8029993,0.0,0.0,0.0,0.0,18.201916,0.0,3.4010713,10.721174,3.8009841,0.0,0.0,0.5309106,0.0,0.0,0.0,23.562366,0.0,0.0,0.0,0.0,0.0,0.0,0.0,0.0,0.0
2012-06-16,0.0,13.03163,0.0,7.3468933,11.012326,6.6260076,0.0,11.166515,4.353931,7.701252,8.897944,12.1887865,8.688658,5.8861146,5.1520796,0.0,10.308446,0.0,7.939141,7.1924696,9.850106,12.237718,14.003817,0.0,11.00861,0.0,12.009825,0.0,5.5097036,9.517464
2012-06-17,22.58044,38.59056,64.35117,24.509035,18.94155,15.722616,43.659966,20.134039,3.1097178,68.23864,11.705442,16.807022,30.276588,20.461983,5.2503033,48.46145,23.207022,36.00475,10.923301,27.899574,104.35657,20.4206,42.316933,13.865263,29.109724,37.616055,24.827984,55.56537,6.561681,19.488123
2012-06-18,35.55068,19.716656,52.196274,12.378823,10.825948,12.329563,41.198063,10.081607,10.6675,52.71671,5.2909384,10.807982,26.33037,9.951559,9.568921,53.174515,11.499276,43.624947,6.042357,8.079037,49.436607,4.660767,31.678331,30.750317,12.020706,50.150776,16.652073,45.643124,10.324883,9.943053
2012-06-19,0.0,0.0,0.0,0.0,0.0,0.0,0.0,0.0,5.3424516,0.0,0.0,0.0,0.0,0.0,4.0760393,0.0,0.0,0.0,0.0,0.0,0.0,0.0,0.0,0.0,0.0,0.0,0.0,0.0,4.610577,0.0
2012-06-20,18.809877,10.913266,62.0513,10.334221,14.109247,5.8846536,48.058,6.496175,6.4686136,36.80238,4.6040835,5.369479,16.61875,2.7948403,5.5188284,26.048254,0.3537066,40.818844,5.0210934,0.0,13.305261,8.172239,14.500258,20.811249,0.0,34.870426,10.805365,44.806686,3.3732717,7.3594804
2012-06-21,13.577469,8.434596,29.27975,5.984375,4.758767,4.8414764,9.624096,7.5460563,2.328736,36.920353,3.751993,2.3484159,13.591638,5.397346,3.6960447,33.84684,4.1308117,10.458434,0.0,10.893615,22.571959,9.120434,8.552068,4.89587,10.630353,10.13904,8.546469,20.76325,5.3070083,3.188003
2012-06-22,11.5920315,4.6941514,26.038134,14.759636,13.365923,8.733728,18.231346,0.0,6.23114,31.919039,2.7701619,9.837768,5.9519963,5.3311515,5.8278813,18.576519,0.0,8.3965435,0.0,5.4615364,69.11525,1.5792031,11.982851,5.3407927,7.715017,10.597236,0.0,3.796012,6.3962536,0.0
2012-06-23,0.0,0.0,0.0,0.0,0.0,0.0,0.0,0.0,0.0,0.0,0.0,0.0,0.0,0.0,0.0,0.0,0.0,0.0,0.0,0.0,0.0,0.0,0.0,0.0,0.0,0.0,0.0,0.0,0.0,0.0
2012-06-24,0.0,0.0,0.0,0.0,0.0,0.0,0.0,0.0,0.0,0.0,0.0,0.0,0.0,0.0,0.0,0.0,3.3819876,0.0,0.0,0.0,0.0,0.0,0.0,0.0,0.0,0.0,0.0,0.0,0.0,0.0
2012-06-25,0.0,9.191634,0.0,13.516018,10.714522,10.299687,0.0,5.8261895,7.5973306,13.588917,9.373433,7.6574945,6.148575,5.0273986,5.3692064,7.3636155,4.389502,0.0,0.6206076,6.7518663,31.055279,8.454966,9.100043,0.0,10.209345,0.0,0.0,0.0,4.1171,0.0
2012-06-26,4.5471196,9.752823,6.9791694,34.78781,26.68372,18.732378,10.353848,10.07549,5.728646,37.19126,12.090928,18.49376,17.225126,7.284721,8.04493,8.009522,6.110394,18.030949,6.2231092,13.99415,47.428238,12.298751,11.648173,7.20218,15.510193,16.169025,11.593846,26.403091,13.890396,11.104678
2012-06-27,14.233976,13.172819,47.45793,34.19758,24.69229,18.801825,30.13562,8.085107,26.933634,33.534622,17.519463,11.242187,14.162202,4.699506,23.45354,30.571402,10.348907,20.880625,5.7264166,4.4267836,30.12917,7.861407,16.562666,4.5636306,6.2411556,10.925725,8.27483,33.16301,23.402096,5.9558477
2012-06-28,0.0,10.717314,0.0,13.624983,20.01542,6.170301,0.0,2.2335413,3.5964103,3.6803222,0.0,6.9686794,10.706504,2.0158677,6.5933194,0.0,0.0,10.835927,3.9346771,4.1655602,11.812642,1.1935685,11.059267,0.0,6.994176,10.45852,9.418806,0.0,6.7681513,5.7075076
2012-06-29,0.0,0.0,0.0,0.0,3.8979769,0.0,0.0,0.0,0.0,0.0,0.0,0.0,0.0,0.0,4.3834343,0.0,0.0,0.0,0.0,0.0,0.0,0.0,0.0,0.0,0.0,0.0,0.0,0.0,4.9109735,0.0
2012-06-30,0.0,0.0,0.0,7.8652344,8.564334,6.8169584,0.0,0.0,7.0363197,0.0,0.0,0.0,0.0,0.0,11.038206,0.0,0.0,0.0,0.0,0.0,0.0,0.0,0.0,0.0,0.0,0.0,0.0,0.0,9.601391,0.0
2012-07-01,0.0,8.577935,34.581356,12.954706,15.784204,8.182338,0.0,6.348449,8.734786,29.662716,4.8625,7.815728,0.0,0.0,12.463808,31.849052,3.0808563,0.0,3.97237,7.4618187,0.0,6.9133606,9.168988,0.0,8.534935,0.6124829,8.931265,33.802383,15.469836,4.6697073
2012-07-02,10.993526,9.747789,48.952785,14.819067,11.444362,14.201447,19.385452,4.7129025,13.040552,54.21412,11.891384,15.751557,2.8771148,6.4389124,12.987384,53.740643,2.8731089,9.32711,3.9685555,13.5754,87.79214,9.722329,5.1830926,0.64528525,18.177813,7.3147073,4.596944,24.691494,11.698713,4.2836537
2012-07-03,0.0,0.0,30.838985,0.0,0.0,3.0936427,27.64131,0.0,0.0,0.0,3.309093,0.0,0.0,0.0,0.0,0.0,0.0,13.39066,0.0,0.0,0.0,3.9867136,0.0,0.0,3.471684,0.0,0.0,24.237549,3.051594,0.0
2012-07-04,0.0,0.0,0.0,0.0,0.0,0.0,0.0,0.0,0.0,0.0,0.0,0.0,0.0,0.0,0.0,0.0,0.0,0.0,0.0,0.0,0.0,0.0,0.0,0.0,0.0,0.0,0.0,0.0,0.0,0.0
2012-07-05,0.0,0.0,0.0,0.0,0.0,0.0,0.0,0.0,0.0,0.0,0.0,0.0,0.0,0.0,0.0,0.0,0.0,0.0,0.0,0.0,0.0,0.0,0.0,0.0,0.0,0.0,0.0,0.0,0.0,0.0
2012-07-06,0.0,0.0,0.0,0.0,0.0,0.0,0.0,0.0,0.0,0.0,0.0,0.0,0.0,0.0,0.0,0.0,0.0,0.0,0.0,0.0,0.0,0.0,0.0,0.0,0.0,0.0,0.0,0.0,2.1373222,0.0
2012-07-07,0.0,0.0,0.0,15.569851,14.825602,13.315889,0.0,4.6129885,7.3328648,0.0,7.9673276,14.268067,0.0,5.1796722,11.297236,0.0,0.0,0.0,0.0,12.675171,14.190254,5.4026356,0.0,0.0,14.294153,0.0,0.0,0.0,5.2886395,0.0
2012-07-08,0.0,5.8751264,0.0,8.117916,6.4544454,10.302351,0.3546946,5.148542,0.0,6.059209,11.045334,5.289456,0.0,1.1132342,8.570683,0.0,2.0324643,10.238135,1.321085,4.792731,0.0,7.6402936,0.0,0.27389175,7.5396147,8.387257,0.0,0.0,4.9167256,0.0
2012-07-09,0.0,23.62108,0.0,21.372204,23.730656,12.674502,16.347698,4.83626,10.652845,57.52464,6.898995,20.620872,29.02355,10.064432,11.093655,0.0,13.041687,28.941177,0.0,12.725288,103.46348,9.925414,20.37034,0.0,18.634731,25.193403,6.4728336,49.15674,18.053957,3.6218235
2012-07-10,0.0,9.226351,0.0,11.714045,19.367004,12.5077305,0.19906904,17.308002,0.0,0.0,13.511248,18.520658,19.313261,6.7807865,6.8297477,0.0,5.765724,22.089968,5.4948626,13.39854,31.76099,14.157104,6.920209,0.0,20.511728,20.47627,5.994829,17.135492,9.882069,2.8311195
2012-07-11,0.0,0.0,0.0,8.085257,10.203071,5.169748,0.0,0.0,0.0,2.9476173,5.531668,8.073081,0.0,2.0287058,7.2089276,0.0,0.0,0.0,0.0,0.0,6.8854713,0.0,0.0,0.0,0.0,0.0,0.0,0.0,10.121716,0.0
2012-07-12,0.0,4.4848647,0.0,21.341545,26.557423,12.1777525,0.0,0.0,18.537605,0.0,6.4740715,9.498765,0.0,0.0,22.469738,0.0,0.0,0.0,0.0,10.552312,0.0,8.389,0.0,0.0,13.902409,0.0,2.7406993,0.0,16.059122,3.667987
2012-07-13,3.0596917,17.939459,15.579665,28.615341,28.593544,33.730797,15.194146,12.730042,0.0,13.850842,22.002989,49.078342,14.393928,11.542427,13.586982,0.0,8.216355,26.38459,12.155283,42.438156,24.346771,25.241121,17.133339,1.7010357,53.59159,22.825954,12.400133,20.731112,8.377882,11.270512
2012-07-14,13.197096,31.967382,49.62175,34.5831,28.593544,36.40981,50.801025,22.86205,24.979767,34.925987,22.386103,43.88025,39.130535,13.267796,26.234808,42.503887,21.29579,61.42608,10.639161,27.723146,56.644745,23.828873,51.761703,3.4234126,47.498024,61.42608,23.303513,62.341125,19.918846,11.431954
2012-07-15,11.979782,50.12044,60.578377,16.096321,16.65629,18.898321,57.78804,14.558795,20.928797,48.45345,14.937713,24.130116,58.09729,11.590255,17.59534,30.897867,22.875704,58.076805,6.846353,20.295944,61.486565,19.083313,47.54165,0.0,28.727562,47.963192,17.126984,59.983326,18.613464,8.675345
2012-07-16,6.7166457,19.500803,34.589886,6.05056,0.0,6.784573,16.199673,5.6821694,0.0,23.167992,3.7366843,6.925389,19.487972,4.1840076,0.0,21.072964,12.599123,19.990267,2.8762643,8.482364,31.395588,5.600924,19.530916,0.6010158,8.526978,17.202335,10.168089,27.900854,6.1864085,3.0560849
2012-07-17,0.0,9.012651,13.051402,12.722101,18.449942,7.409831,7.87566,4.796434,4.5404367,35.651123,3.4172618,14.275746,11.0100565,8.897026,10.219641,17.585697,4.9129972,11.704343,1.1997306,10.487781,59.415855,6.0420904,9.460319,0.0,14.459479,10.465522,0.0,16.12923,12.15206,0.0
2012-07-18,0.8195748,13.355248,12.994905,15.57692,23.86698,12.223293,18.07836,2.8580549,14.554998,20.392181,7.4924974,13.295656,16.688524,7.2709126,14.794865,10.435128,3.8526304,17.23106,1.40142,6.633144,44.278255,7.336245,12.830661,0.0,12.123713,13.666272,5.7045717,18.061298,18.291857,1.6282259
2012-07-19,0.0,0.0,0.0,9.790329,9.314398,8.47407,0.0,2.5781946,12.718073,0.0,8.545057,6.846575,0.0,0.92003125,8.288232,10.658133,1.0836594,0.0,0.0,0.80296844,0.0,3.0670748,0.0,0.0,2.0267506,0.0,0.0,0.0,13.110875,0.0
2012-07-20,11.762038,14.156781,42.039337,7.8349943,12.950416,11.479835,14.226734,1.5387049,24.262491,18.227787,4.8576813,7.6923575,12.498623,2.4357002,16.05405,20.42214,4.0084667,18.757526,6.6860123,10.189148,31.078733,8.726064,19.203142,0.50927144,10.99477,19.079475,9.488876,29.899261,15.728939,7.8940787
2012-07-21,8.415028,15.808686,58.88835,10.857018,18.205885,8.404277,43.696056,3.7181244,7.3881164,20.475931,3.8606677,9.658054,21.760586,0.0,7.558575,0.0,2.4043822,28.216782,3.770059,0.21472362,12.994772,6.1340146,18.900448,1.4753318,6.6654725,19.959078,7.348216,44.540604,11.095569,3.8173237
2012-07-22,0.9168529,9.300894,5.7768707,3.8079882,1.7248645,5.3226447,0.9969796,6.198712,0.0,57.585213,5.207317,5.1542864,14.3306875,5.865699,3.383447,0.0,9.82851,2.2918172,2.6138444,9.81861,21.964542,6.5797567,6.8279405,0.0,9.808496,0.0,5.168297,7.0426364,1.5959673,1.1143318
2012-07-23,0.0,0.0,0.0,0.0,0.0,0.0,0.0,0.0,0.0,0.0,0.0,0.0,0.0,0.0,1.2753168,0.0,0.0,0.0,0.0,0.0,0.0,0.0,0.0,0.0,0.0,0.0,0.0,0.0,1.1009755,0.0
2012-07-24,0.0,0.0,0.0,0.0,0.0,0.0,0.0,0.0,0.0,0.0,0.0,0.0,0.0,0.0,0.0,0.0,0.0,0.0,0.0,0.0,0.0,0.0,0.0,0.0,0.0,0.0,0.0,0.0,2.4461432,0.0
2012-07-25,0.0,0.0,12.541643,10.253237,13.934847,0.35176125,19.47064,0.0,10.080821,0.0,0.0,6.9756646,13.149708,4.2229013,7.6417484,0.0,0.0,18.824322,0.0,0.0,0.0,0.0,0.90805495,1.2064978,4.4518776,6.438982,0.0,31.918688,10.656188,0.0
2012-07-26,0.0,9.8736,0.0,7.569237,12.542309,5.1144295,0.0,1.8364892,8.560526,11.030456,0.0,12.191501,7.8440895,4.897148,7.473279,0.0,7.8555427,0.0,0.95682037,1.5984589,28.9102,0.0,9.389111,0.0,5.425404,0.0,4.2767715,7.696804,8.50532,1.9733338
2012-07-27,0.0,14.540581,0.0,8.801964,8.806359,6.7320023,0.0,7.7303176,8.431093,27.677011,5.425036,8.341021,15.739412,5.7113514,7.0915294,0.0,13.04919,13.407195,5.364203,6.967115,8.536945,9.032017,17.679419,0.0,7.7422037,12.359813,10.996347,30.068594,7.277935,6.357077
2012-07-28,0.0,7.4790783,0.0,8.378465,6.2377005,10.234946,0.0,10.534607,6.4203944,16.109413,10.523121,11.978117,6.062199,6.1720266,5.9419622,0.0,6.322894,4.6194396,4.6785617,5.603195,27.980577,10.876167,8.277258,0.0,13.042961,9.741013,8.146515,8.014397,6.545556,6.1449323
2012-07-29,0.0,0.0,0.0,0.0,1.5719095,3.0447521,0.0,0.0,2.1574306,9.48474,3.2436182,0.0,2.5327842,1.5522875,1.8625681,0.0,0.0,0.0,0.79290235,3.4966865,12.780915,2.1991673,0.0,0.0,3.646374,0.0,0.0,0.0,2.1619887,1.9652671
2012-07-30,0.0,10.851952,0.0,3.182619,3.0023146,0.0,0.0,0.0,2.1077733,27.384138,0.0,3.594428,11.884549,5.103357,1.9596844,0.0,2.1789932,11.568625,0.69272083,0.0,0.0,0.0,10.475628,0.0,2.8286207,7.919199,7.463867,0.0,2.8856914,4.328143
2012-07-31,0.0,7.859129,0.0,10.041312,10.040274,7.9146957,0.0,0.0,8.591734,13.787583,1.8472751,13.1650305,10.076807,8.299353,8.500617,0.0,3.6293526,9.553364,0.0,6.1875296,82.37054,0.0,7.908652,0.0,10.073163,7.919199,0.0,0.0,6.993106,0.0
2012-08-01,0.0,6.9371734,0.0,19.776817,7.370363,19.174473,0.0,3.537329,6.4913297,10.508447,6.7531476,22.849606,3.129066,14.616824,7.2567744,0.0,4.2280293,0.0,0.7481997,14.091007,25.802292,8.52061,0.0,0.0,21.814785,0.0,0.0,0.0,5.693384,0.0
2012-08-02,0.29609448,0.0,1.6851834,0.0,0.0,0.0,0.0,0.0,0.0,2.777169,0.0,0.0,0.0,0.0,0.0,2.460655,0.0,0.0,0.0,0.0,0.0,0.0,0.0,0.0,0.0,0.0,0.0,0.0,0.0,0.0
2012-08-03,0.0,0.0,3.2661307,0.60181594,0.0,3.1282759,0.0,3.7879086,2.6933384,2.9689393,7.7539144,0.0,0.0,0.17527959,1.8289495,3.0698469,0.0,0.0,4.25854,0.0,12.095409,4.4093747,0.0,0.0,0.0,0.0,0.0,0.0,2.7198308,4.25854
2012-08-04,8.679735,21.910454,17.788956,2.5211349,4.900382,10.663274,14.782814,11.000916,0.0,14.80718,11.608626,0.0,20.316593,4.12421,4.6860504,15.835719,11.290066,22.881895,9.364377,5.792018,0.0,9.970361,22.263132,6.868685,4.383335,22.821323,19.149265,19.326572,2.630344,13.747576
2012-08-05,3.124883,0.0,10.012927,4.1880207,9.426533,2.0511377,5.292516,2.4267988,3.182786,0.0,2.4080112,16.912186,0.0,0.0,2.7846394,3.2065105,0.0,2.9956975,1.9805552,0.0,0.0,0.0,2.376951,1.1541256,0.0,3.9323745,0.0,5.4444356,7.4210386,0.0
2012-08-06,0.0,6.651428,0.0,9.92231,10.022012,8.584947,0.0,4.78642,6.5162616,2.7020466,8.344805,14.527232,8.536884,16.823015,11.329201,0.0,7.015325,0.0,4.457197,0.0,52.57084,5.4204445,5.976667,0.0,8.066588,0.0,4.9990926,9.832082,8.128385,3.2978132
2012-08-07,0.0,6.827867,12.599797,3.952888,3.011514,5.930449,13.189076,3.9183815,0.0,13.733676,4.851662,0.0,24.476206,6.337111,4.507629,0.0,6.0586276,24.719927,0.0,5.572827,21.16303,4.6373973,7.0251637,0.0,8.520605,7.316297,0.0,26.968542,2.2000086,0.0
2012-08-08,6.5005608,26.098846,13.554619,20.47005,16.009268,21.2386,13.92044,15.845956,12.407808,21.300776,13.286838,20.942564,20.475872,24.561596,15.770156,0.0,20.755625,22.46195,12.691992,27.22756,45.695732,17.957024,25.91055,3.8300867,26.359468,25.205475,17.202847,17.450043,12.586857,13.321295
2012-08-09,23.680475,6.7933655,35.581917,9.888733,12.668888,11.055046,19.687054,5.3973575,9.620529,38.99444,10.651596,12.080734,17.285948,8.483769,8.04352,14.943065,8.112459,19.73498,6.1970296,0.0,19.444689,4.78642,10.4558115,6.311717,6.3576655,9.832836,9.336697,26.159805,10.432601,6.6470037
2012-08-10,0.0,2.5118194,0.0,21.088192,16.270222,16.053429,0.0,5.4081926,15.000116,0.77071047,9.814298,24.976646,0.0,12.088136,13.397214,0.0,0.0,0.0,4.13845,6.94843,17.372807,5.1964,0.0,0.0,19.072437,0.0,0.0,0.0,13.513759,0.0
2012-08-11,0.0,10.616269,0.0,35.950108,38.994057,19.233429,10.4895315,8.016564,51.185085,8.647839,14.671471,33.31138,13.446882,23.960327,47.065384,0.0,6.019258,23.146267,0.0,6.88458,45.75339,9.487346,11.441095,0.0,24.651905,12.557173,7.5927124,19.813528,51.32491,0.0
2012-08-12,0.0,5.905653,0.0,0.0,7.27855,11.454631,0.0,0.0,0.0,19.93949,0.0,9.867749,12.854745,8.313952,0.0,0.0,6.69984,13.140391,0.0,7.845617,8.649145,0.0,5.9119415,0.0,10.695106,7.1640177,0.0,17.540028,8.59926,0.0
2012-08-13,0.0,0.0,0.0,26.527897,19.564196,28.457573,11.512396,8.331628,0.0,0.0,22.272505,20.816662,10.839042,5.6333427,10.149841,0.0,7.806601,13.8424635,0.0,6.8751793,0.0,10.350309,0.0,0.0,21.827904,5.978336,0.0,17.86502,16.30478,0.0
2012-08-14,0.0,21.134964,8.94847,40.17762,24.106182,41.98448,16.282537,21.204342,15.383179,25.893242,40.97039,38.2944,32.170815,16.164122,33.11553,5.701059,18.580372,26.309351,13.522345,14.835851,20.077084,22.201471,18.824966,1.8037071,25.39181,18.519224,20.16846,32.349167,17.105072,17.177929
2012-08-15,14.555172,28.54633,38.976482,14.548619,17.474886,6.6323104,35.612827,17.605572,9.682471,38.635307,10.599018,17.349237,35.863415,17.189281,8.719707,26.020384,20.790834,35.859962,11.681881,13.587367,11.4974,21.240347,28.176315,12.536739,14.625246,26.782759,25.998468,38.959946,8.441928,19.493597
2012-08-16,3.311243,18.79754,26.155243,19.24094,14.480759,21.39462,42.367146,16.23225,7.5893655,56.076866,16.988735,24.613382,40.68175,21.552916,6.3086104,0.0,12.911849,44.103096,5.885281,22.581524,44.677532,17.89351,17.604176,6.575994,23.364388,19.682848,13.660246,60.218987,4.6788335,0.0
2012-08-17,0.0,8.043281,0.0,10.798885,12.346595,6.3354225,0.0,8.956865,8.800737,2.0742242,5.5939183,11.409024,3.4902928,8.594544,10.727232,5.7672443,8.216783,0.0,3.810575,7.534247,0.0,7.2909007,4.809381,0.0,9.550582,0.0,8.448644,0.0,11.810893,7.85526
2012-08-18,0.0,0.0,0.0,9.377378,6.5651765,9.664451,0.0,0.0,0.0,11.751458,7.51852,9.372576,11.495765,0.0,6.6732883,0.0,0.0,6.40102,0.0,0.0,4.120968,0.0,0.0,0.0,0.0,0.0,0.0,14.653469,4.837399,0.0
2012-08-19,0.0,0.0,0.0,0.0,0.0,0.0,0.0,0.0,0.0,0.0,0.0,0.0,0.0,0.0,0.0,0.0,0.0,0.0,0.0,0.0,0.0,0.0,0.0,0.0,0.0,0.0,0.0,0.0,0.0,0.0
2012-08-20,0.0,0.0,0.0,0.0,0.0,0.0,0.0,0.0,0.0,0.0,0.0,0.0,0.0,0.0,0.0,0.0,0.0,0.0,0.0,0.0,0.0,0.0,0.0,0.0,0.0,0.0,0.0,0.0,0.0,0.0
2012-08-21,0.0,11.8446455,3.3317997,2.0578663,24.846745,13.128173,5.4250817,10.9484005,0.0,9.805056,16.978703,35.841667,11.875882,17.173084,0.0,0.0,9.849709,10.525666,4.590837,18.417362,21.789537,17.929731,8.2114725,0.0,18.897583,7.3547606,5.1633673,8.0176,0.0,0.0
2012-08-22,3.434491,7.1825395,2.8856208,8.406658,10.32204,19.046494,2.396768,7.386568,0.0,8.594242,8.357764,27.37582,7.898593,19.506737,0.0,0.0,4.4885144,0.0,8.065747,15.422845,23.356092,9.019442,0.0,1.6236647,27.104462,0.9182753,7.0583944,6.1306553,10.87466,7.8657923
2012-08-23,3.071238,0.0,7.6290927,0.0,9.495361,0.0,6.177382,0.0,0.0,20.426756,0.0,17.307913,8.95136,8.129797,0.0,0.0,2.5118735,7.6262,0.0,5.5374613,10.043104,0.0,0.0,0.0,10.010654,0.0,0.0,14.949134,0.0,0.0
2012-08-24,4.931374,18.107843,11.721882,24.101429,17.707989,20.56394,12.398121,14.441031,0.0,22.643778,8.436678,33.937687,17.8139,20.262106,0.0,5.224259,16.564308,16.11067,7.15919,20.95464,34.13415,11.124379,18.21197,2.5797663,21.804012,14.709521,14.409979,20.871529,0.0,13.361994
2012-08-25,0.32698745,8.061757,7.101963,30.340601,37.372143,27.482405,12.5586405,14.843047,18.40161,16.53751,20.966621,46.24998,29.235529,21.839048,21.276594,0.0,7.617057,24.156065,10.509602,18.105537,24.676266,13.36976,13.502078,2.6980016,23.877407,15.027905,5.8777695,36.424538,25.798132,0.0
2012-08-26,6.9891,8.508299,39.101875,20.265808,16.022871,20.421686,30.440313,6.426851,8.377964,31.31319,5.9446554,32.21204,18.145378,21.334923,8.980775,24.809427,13.997457,19.261166,6.305617,23.433886,21.125496,9.28945,11.898528,7.2640944,25.908964,11.590255,10.802437,20.823174,12.862885,6.7454715
2012-08-27,13.713827,4.924338,17.3797,5.3344116,7.3516035,4.1259017,3.635559,3.9553783,2.835163,12.524763,3.3042881,22.521059,6.9683003,19.807356,4.23174,5.807502,0.0,7.105531,2.8469834,5.747814,25.73307,4.650274,7.290964,6.6576734,20.15101,6.895134,5.482642,7.1536336,5.077718,0.0
2012-08-28,0.0,5.7392983,0.0,4.5945234,7.55753,4.6805787,3.5787601,1.3764169,2.326999,6.4169846,1.9809732,9.366613,5.740567,5.9268694,3.9051383,0.0,5.6032124,10.295161,5.055367,5.615354,7.514402,0.0,7.0843196,3.6747723,6.4405103,7.877753,6.2897463,29.793098,5.3468847,6.6705875
2012-08-29,0.0,16.351053,0.0,12.908825,12.207908,10.24975,14.849742,11.84586,8.687404,51.97444,8.204692,20.592257,30.067764,18.507055,7.352425,40.181744,9.973934,29.025305,10.763835,11.633581,33.152893,8.448747,16.42077,6.8300347,15.130564,17.639242,14.787981,40.91076,7.1107936,16.019243
2012-08-30,15.257943,5.8474245,40.757294,8.818932,11.899753,7.462415,23.36028,5.854228,4.2177362,13.139927,5.3519387,20.709862,15.827318,14.950962,5.7068815,49.28088,7.8370156,13.262179,6.0163937,5.5193334,41.834095,5.9384527,12.5615,5.3148103,14.82914,12.52796,11.110786,17.255302,17.619719,7.8650255
2012-08-31,16.66008,10.747447,27.228258,0.0,0.0,3.7399576,11.435162,5.284759,1.8092355,14.549346,3.0769262,4.923505,20.417671,9.969779,0.0,60.209385,8.967868,17.80721,4.1376204,4.3830757,12.680995,0.0,11.146659,0.0,5.352233,11.71043,8.005093,26.242805,3.6474044,5.190365
2012-09-01,0.0,0.0,0.0,0.0,0.0,0.0,0.0,0.0,0.0,0.0,0.0,0.0,0.0,0.0,0.0,0.0,0.0,0.0,0.0,0.0,0.0,0.0,0.0,0.0,0.0,0.0,0.0,0.0,0.0,0.0
2012-09-02,0.0,3.217228,0.0,6.7841287,9.174559,5.927246,0.0,3.4036212,7.1177564,1.8870269,4.047515,6.6302648,0.0,8.60219,6.9858537,0.0,2.1320693,0.0,3.583818,7.5374846,10.686788,4.198358,4.985855,0.0,7.5364437,0.0,0.0,0.0,7.7381477,0.0
2012-09-03,25.630072,14.521457,49.209076,16.516771,14.484683,17.07703,9.883764,18.052896,11.751505,22.622967,18.699873,17.307419,17.411348,14.524531,11.281565,67.08455,9.562649,14.283739,17.388659,12.97627,29.01056,13.368993,14.835937,5.6028295,17.52547,14.521898,16.753716,20.809952,11.959307,13.281864
2012-09-04,5.1397796,26.988722,27.623938,3.3270278,2.545944,8.923687,27.121464,13.454181,5.294632,21.39156,12.893818,3.392955,33.197994,8.5947695,5.2869678,27.639719,24.783104,29.326181,11.021155,8.991407,13.900705,11.516818,18.400509,9.3372755,9.113138,19.610996,12.025339,37.330746,3.5745957,10.525569
2012-09-05,0.0,0.0,0.0,0.0,0.0,0.0,0.0,0.0,0.0,0.0,0.0,3.2589657,0.0,2.8971536,0.0,0.0,0.0,0.0,0.0,0.0,0.0,0.0,0.0,0.0,4.1141357,0.0,0.0,0.0,0.0,0.0
2012-09-06,0.0,10.23768,0.0,4.011277,4.2202024,0.0,4.887436,0.0,4.5158763,7.8814116,0.0,7.039119,9.465325,6.6827574,4.30692,0.0,7.6603546,8.424435,0.0,0.0,5.6719017,0.0,8.3955965,0.0,6.3441515,8.673601,0.0,9.051526,4.4907713,0.0
2012-09-07,6.8906646,31.530762,15.820671,8.591558,10.656404,12.792309,16.468784,26.951574,18.460083,21.299475,29.590757,6.99112,30.58816,11.463773,17.665873,0.0,25.567114,30.614876,31.85501,14.343065,9.995732,23.05802,31.108818,17.605955,15.388689,29.151728,27.037678,27.38218,15.781838,26.535912
2012-09-08,18.833284,16.560745,22.283485,16.98584,14.858,16.453884,24.276382,16.44169,20.429632,7.3152876,17.833021,15.059439,17.043102,14.276426,18.627085,19.172962,9.64891,18.789324,20.124842,12.240276,9.809921,11.228872,16.020674,10.41876,14.369415,16.145641,20.784998,25.903141,18.811575,21.597118
2012-09-09,11.685083,27.41162,44.373966,11.502618,12.05794,11.521449,34.78966,27.274162,15.616138,15.94252,22.263935,9.977094,25.937555,10.86568,14.815569,25.2402,20.138721,30.898932,27.613607,11.135061,22.734941,13.506194,25.146736,13.7576275,11.568611,26.43764,27.32708,45.526604,14.802272,26.640373
2012-09-10,0.0,0.0,8.430466,7.469004,7.842362,0.0,3.735764,0.0,5.2385116,0.0,0.0,3.0090008,0.0,0.0,4.6062503,0.0,0.0,7.0894837,0.0,0.0,0.0,0.0,0.0,4.5564985,0.0,5.974268,0.0,0.0,7.86457,0.0
2012-09-11,0.0,0.0,0.0,0.0,0.0,0.0,0.0,0.0,0.0,0.0,0.0,0.0,0.0,0.0,0.0,0.0,0.0,0.0,0.0,0.0,0.0,0.0,0.0,2.7965806,5.847398,0.0,0.0,6.1005177,6.1019235,0.0
2012-09-12,0.0,7.078539,0.0,0.0,4.8558745,0.0,0.0,8.755679,0.0,0.0,9.322963,0.0,11.00932,6.4910088,0.0,0.0,3.9225907,11.573545,9.980258,6.9126763,6.289139,8.909536,0.0,0.0,7.545623,0.0,0.0,7.160425,0.0,0.0
2012-09-13,0.0,11.434191,0.0,17.30874,20.032759,8.851224,0.0,0.0,7.39115,12.80016,6.371897,20.023737,15.190491,9.232403,13.073408,0.0,9.811892,9.629315,0.0,15.202872,10.416044,9.300494,9.076869,0.0,15.618387,0.0,0.0,14.0710335,14.838587,0.0
2012-09-14,0.0,15.84482,0.0,15.558048,16.16369,10.01596,0.0,16.421057,14.7823,14.670685,17.784859,16.780037,15.519854,10.7627125,14.682933,0.0,13.9143505,12.671175,11.262111,15.873936,15.927856,21.997555,14.347313,0.0,18.244255,13.167818,8.97036,14.6868515,15.584179,6.02713
2012-09-15,5.995946,40.30695,15.068699,22.969362,11.897657,26.30363,19.482641,35.85905,7.645761,18.321262,35.391956,17.245607,39.379692,16.709257,8.7201805,0.0,22.112707,37.287697,49.792866,17.56129,28.168142,27.031557,39.557842,26.422964,18.83405,40.8464,44.056202,26.659098,11.343522,47.919483
2012-09-16,0.0,0.0,0.0,0.0,0.0,0.0,4.562307,0.0,0.0,7.745768,0.0,0.0,9.661555,0.0,0.0,0.0,0.0,8.921746,0.0,0.0,5.8418326,0.0,0.0,4.8487144,0.0,7.092068,0.0,10.34869,0.0,0.0
2012-09-17,0.0,8.128986,0.0,0.0,0.0,0.0,4.8900237,9.41549,0.0,7.8035536,0.0,0.0,9.862662,4.991933,0.0,0.0,6.0884356,10.025305,0.0,6.4952316,3.6547413,4.30215,1.4947066,0.0,4.290976,7.28493,9.374953,12.540569,0.0,0.0
2012-09-18,1.1012387,16.527912,0.0,4.3028855,4.8484683,0.0,5.652157,11.629106,4.892551,8.623791,5.4069667,8.52215,13.049794,9.56865,6.439232,0.0,10.231018,10.629709,0.0,10.9797125,10.044923,10.404102,15.961383,6.5989747,10.6132965,17.041605,10.471305,9.999102,5.3914104,0.0
2012-09-19,0.0,7.911351,0.0,5.721469,0.0,3.813229,10.19523,5.3725758,0.0,7.8035536,0.0,0.0,9.585491,3.4600952,4.402182,0.0,9.69561,8.70419,7.462659,4.7148786,0.0,0.0,0.0,0.0,4.624337,0.0,9.879366,10.741808,0.0,11.466767
2012-09-20,2.485688,13.607196,3.238306,15.226667,17.603542,9.960006,2.5465791,7.279426,8.696684,0.0,0.0,9.247643,8.129261,0.0,11.267785,13.477866,11.8214,12.010502,0.0,4.9404325,0.0,6.1730227,13.973162,2.6058533,0.0,10.563988,9.347824,6.733369,9.972276,0.0
2012-09-21,1.5444909,3.483744,4.118408,16.42923,10.234581,9.073597,6.932794,0.0,15.992459,4.3503594,0.0,0.0,4.6666355,0.0,20.720312,0.0,0.0,7.375218,0.0,0.0,0.0,0.0,4.961828,2.2010314,0.0,7.6524377,0.0,6.204014,15.363342,0.0
2012-09-22,3.6547701,0.0,15.376584,12.062385,12.190696,0.0,5.2910123,0.0,0.0,6.992653,0.0,9.250664,6.3192163,3.2190278,0.0,22.853418,3.7646077,5.3155074,0.0,3.3374248,0.0,0.0,0.0,6.0074563,2.6263657,4.9531827,0.0,7.7978854,0.0,0.0
2012-09-23,4.895633,14.860336,8.229806,12.084061,8.76556,16.132698,13.86485,14.37166,0.0,4.363481,13.748997,7.039925,9.478044,4.801776,11.486062,6.513583,7.495003,11.84023,9.093768,5.1048036,4.7722797,8.2139225,11.866785,5.634484,7.019652,8.025703,16.622627,18.93509,4.5219812,11.244224
2012-09-24,0.0,8.1032505,0.0,9.366343,0.0,7.35602,0.0,8.445652,0.0,0.0,5.175125,0.0,4.1476865,0.0,0.0,0.0,6.3010907,0.0,0.0,6.7159753,0.0,7.9800467,7.1956453,0.0,5.9273353,0.0,8.0317,4.5767326,0.0,6.065344
2012-09-25,10.493347,3.2651598,2.437937,5.908535,0.0,0.0,3.7237852,16.148298,0.0,0.0,13.519598,1.4364231,0.0,0.0,4.4335628,0.0,0.0,3.4658852,18.452654,0.0,0.0,5.180828,3.9917884,3.2809186,0.0,0.0,17.749166,3.4714189,0.0,17.365412
2012-09-26,0.0,27.919064,0.0,16.488228,12.883933,20.641203,7.2701607,23.777267,5.32333,11.130546,24.470419,14.554972,27.670416,7.9628344,13.66693,0.0,22.172674,32.235497,29.042486,10.96132,10.93604,16.545822,29.923258,16.88093,13.325988,31.366629,28.978432,16.538866,6.076094,28.91674
2012-09-27,24.7383,23.163683,24.407124,9.635269,9.518749,9.32796,22.215668,18.767395,0.0,6.1427145,10.481187,12.785087,19.978785,8.399851,5.1633573,25.117508,15.29753,24.964724,12.664435,10.1240635,9.580148,15.142678,32.231544,31.081758,11.25111,32.6854,22.50807,19.643911,3.8505752,22.899508
2012-09-28,0.0,13.963397,3.5204983,12.372377,13.490822,11.21025,5.9793353,11.994579,6.4414873,5.352842,10.195534,10.69437,10.986278,6.394175,9.360852,0.0,13.029705,11.357914,20.63105,8.8636,7.3848486,7.481993,25.584854,9.160078,8.800316,11.94323,28.176111,7.7458735,5.424125,24.886982
2012-09-29,0.0,9.392186,0.0,9.121716,10.16568,6.996608,7.6787505,8.758679,10.64666,7.6857147,11.205448,5.315377,16.240597,3.8892546,11.714872,0.0,5.6717725,18.573666,31.501566,5.394498,5.304134,6.451426,12.628438,0.0,3.9129853,18.406801,22.774113,11.670937,11.068615,27.785448
2012-09-30,0.0,29.617985,0.0,20.66267,17.576197,25.639992,0.0,41.637245,11.880038,6.9019513,44.77693,18.578222,15.414729,9.125779,17.219881,0.0,17.592337,9.248961,44.10608,23.82667,11.17596,37.832733,23.469217,13.980635,25.832813,17.859745,33.16254,6.0807376,9.365124,33.39572
2012-10-01,0.0,0.0,0.0,5.6234727,14.491128,5.2816057,0.0,0.0,9.034866,0.0,0.0,6.3195066,0.0,0.0,6.651619,0.0,0.0,0.0,3.3176253,0.0,2.7848697,0.0,2.1304526,0.0,0.0,0.0,3.1054053,0.0,39.440548,3.043182
2012-10-02,0.0,0.0,0.0,0.0,13.593491,0.0,0.0,0.0,22.626074,0.0,0.0,4.521919,0.0,0.0,11.146566,0.0,0.0,0.0,0.0,0.0,5.8888655,0.0,0.0,0.0,0.0,0.0,0.0,0.0,22.14062,0.0
2012-10-03,0.0,0.0,0.0,0.0,0.0,0.0,0.0,0.0,0.0,0.0,0.0,0.0,0.0,0.0,0.0,0.0,0.0,0.0,0.0,0.0,0.0,0.0,0.0,0.0,0.0,0.0,0.0,0.0,0.0,0.0
2012-10-04,0.0,0.0,0.0,0.0,0.0,0.0,0.0,0.0,0.0,0.0,0.0,0.0,0.0,0.0,0.0,0.0,0.0,0.0,0.0,0.0,0.0,0.0,0.0,0.0,0.0,0.0,0.0,0.0,0.0,0.0
2012-10-05,0.0,0.0,0.0,0.0,0.0,0.0,0.0,0.0,0.0,0.0,0.0,0.0,0.0,0.0,0.0,0.0,0.0,0.0,0.0,0.0,0.0,0.0,0.0,0.0,0.0,0.0,0.0,0.0,0.9334584,0.0
2012-10-06,0.0,0.0,3.0321124,10.728018,27.798521,6.4604774,0.0,0.0,0.0,6.693086,4.962553,27.06632,5.6539087,4.1925325,8.911901,0.0,0.0,0.0,0.0,0.0,0.0,0.0,0.0,0.0,0.0,0.0,0.0,7.15499,18.620054,0.0
2012-10-07,4.2905216,13.230667,7.241774,26.244139,25.32482,25.60351,9.387804,8.555257,15.811053,20.557182,22.589777,31.67134,15.401125,19.896158,23.810272,0.0,16.122551,9.991712,12.157701,20.312439,24.612492,13.509089,7.517573,0.0,21.73909,5.728733,8.785119,10.650592,15.906011,10.160405
2012-10-08,6.7758265,24.103449,16.524006,0.0,0.0,0.0,12.4963875,8.674604,0.0,19.039843,3.3544147,16.261168,16.959072,32.127647,0.0,23.409145,24.075008,9.387604,7.000978,29.565033,26.063082,15.220482,12.105397,9.296979,26.072826,8.756489,7.681929,13.252421,0.0,8.330205
2012-10-09,13.491783,20.626976,18.467672,0.0,0.0,0.0,22.569511,11.735565,0.0,26.276285,0.0,0.0,22.634829,25.420794,0.0,12.591129,22.064045,22.838202,13.511795,18.441866,30.246311,11.900198,19.60624,22.131712,9.739546,22.707354,19.682386,27.081226,0.0,20.154589
2012-10-10,4.8932867,12.952673,10.503639,0.0,0.0,0.0,10.02234,12.605718,0.0,7.9079695,5.276332,0.0,7.4970627,0.0,0.0,14.60924,10.401155,10.5113735,17.402292,0.0,8.223982,11.043001,17.823814,14.529879,0.0,15.525219,16.93853,12.419357,0.0,17.88851
2012-10-11,3.896263,0.0,9.233074,0.0,0.0,0.0,4.727893,10.378433,4.370765,14.2482395,8.911574,0.0,4.1803675,7.537356,0.0,6.805508,0.0,3.958117,9.315847,0.0,23.097591,7.9260364,0.0,3.2529545,0.0,2.8405995,9.369978,10.040017,0.0,9.436599
2012-10-12,5.2503257,16.725697,12.080927,12.09671,8.552321,10.536042,8.545786,8.462389,11.687189,18.11331,11.409219,16.718307,8.77474,26.753237,13.361159,8.517767,5.931221,7.3858976,10.791529,19.001263,28.282797,15.654844,7.5890446,12.112289,20.602476,7.3862348,9.328706,10.381689,0.9560911,10.351282
2012-10-13,6.2301226,13.936247,11.327477,12.955961,16.09762,15.329524,11.926155,14.8037195,21.54442,28.788403,16.841568,20.633339,15.38494,32.655262,15.292425,14.418921,11.969156,13.848876,17.10666,15.266129,33.50083,15.019434,9.890775,6.611271,27.676132,7.5327735,14.885456,13.776341,16.790499,16.967289
2012-10-14,9.595883,29.587303,18.799751,34.4573,27.211388,33.991436,17.091162,25.836859,8.60374,24.833786,29.644875,33.78106,19.108856,26.383093,19.51145,17.472,22.49915,15.905194,28.248095,29.6408,35.786564,29.81789,17.824495,10.0767,33.55484,13.734465,24.533886,19.231625,23.154985,24.12018
2012-10-15,20.259634,10.809503,19.59877,21.800827,17.459812,22.835812,19.814436,20.11644,18.996058,9.195478,21.45874,21.131979,9.103941,18.643147,23.398987,19.241144,11.717737,17.776508,30.926613,18.22432,7.499671,8.674424,17.46699,20.217142,20.44522,16.657589,23.493061,19.901648,16.938524,29.10619
2012-10-16,9.6364765,22.809698,19.08831,20.31408,19.72101,18.75883,20.992039,14.339316,9.589335,17.80095,22.810364,16.837814,22.070507,18.021341,13.508209,17.0681,22.151718,20.264921,28.12991,23.638535,20.72416,23.169252,14.744783,20.41535,22.732769,18.791042,21.16695,21.062662,9.743839,27.307419
2012-10-17,15.713984,24.042034,18.21097,20.126877,7.7723804,25.985777,12.969124,30.18568,30.067884,5.1805964,30.37237,13.0873575,14.565119,11.577873,27.190023,17.884706,16.467422,15.217263,29.382095,16.115932,0.0,30.2038,24.139042,19.976704,19.485077,20.495096,27.614845,9.92936,25.16131,28.14087
2012-10-18,17.45545,15.8751,21.645426,28.754139,17.221176,27.14404,16.816677,21.434395,57.839783,10.784991,19.564175,11.057739,14.242683,9.654748,49.82302,22.938261,12.666622,14.103313,22.16967,11.171152,7.903936,18.472002,20.257158,20.392832,11.957727,20.33976,19.509289,14.276562,46.80638,21.238598
2012-10-19,19.704037,34.755074,21.482342,55.648064,53.375565,56.72948,22.944239,58.610874,67.12534,14.510096,67.28967,53.364883,27.83617,23.492535,63.932934,25.080189,32.605675,26.680708,60.672195,39.85572,9.217314,40.884968,36.391293,33.775272,49.78328,33.765232,54.244118,19.746181,60.577053,50.946915
2012-10-20,25.075417,45.867832,38.30229,52.49968,46.26559,52.9332,37.602108,51.31145,47.00499,21.10566,57.13626,45.64599,37.70311,36.30288,53.66312,28.439724,43.26657,37.69904,56.95086,43.130493,14.975624,48.1365,45.277534,39.332016,44.827774,41.282074,48.19479,34.727547,54.027264,55.152607
2012-10-21,19.10251,44.23111,30.626846,60.4386,57.837708,64.24201,26.552202,57.04845,66.86045,16.221476,82.261894,29.615137,22.942633,17.7517,71.77147,34.070805,23.191866,23.90223,60.687172,34.665646,19.086765,51.271576,28.047338,22.503735,43.18148,22.848822,48.88533,24.452482,67.63419,52.874416
2012-10-22,8.551455,52.142303,18.54694,33.35344,32.318455,35.359604,10.762737,38.509804,34.993645,12.989763,34.541348,23.758976,34.510487,16.685656,34.105873,13.452252,52.444153,36.560925,38.842655,23.215984,33.51682,33.607494,48.74793,39.675636,22.920704,41.24952,48.88775,15.633274,32.80817,48.163742
2012-10-23,20.719864,56.513454,27.457048,49.4308,31.672802,56.6306,27.260612,52.910015,33.6948,9.297274,58.056618,51.86651,46.547195,30.719406,39.86832,30.082867,54.57769,37.468544,55.86584,51.13885,12.775987,58.591183,50.772545,43.14081,56.438087,43.862457,52.505272,23.799887,30.857473,50.62327
2012-10-24,27.675802,42.686504,42.794216,41.504925,28.780905,45.756927,28.156775,51.29031,34.993645,13.368133,50.935875,41.420467,30.994352,25.017233,39.85618,44.93266,40.83309,27.286642,58.763462,41.68952,6.359651,47.700787,37.967907,24.06229,44.60841,28.413965,46.238586,28.253048,26.421465,55.11261
2012-10-25,24.441626,29.857685,28.88913,18.334557,11.124466,15.039801,27.443752,0.0,0.0,8.209528,0.0,27.44494,23.776075,21.546356,13.355442,22.449024,34.333553,25.292992,0.0,36.972145,15.897472,16.593655,14.925167,12.759356,35.668686,14.580189,4.2568316,23.868855,9.065495,0.0
2012-10-26,9.096338,11.717782,9.394702,0.0,0.0,0.0,9.66893,2.7812114,0.0,4.113168,0.0,0.0,12.077144,0.0,0.0,9.179272,11.487473,14.516218,0.0,0.0,10.355785,8.63564,5.590331,6.8134604,0.0,4.8546624,5.411619,9.891724,0.0,0.0
2012-10-27,13.888805,0.0,17.724178,0.0,0.0,0.0,14.454398,5.941049,0.0,6.1430793,6.5438604,0.0,3.9512675,0.0,0.0,22.588362,0.0,7.291809,22.418982,0.0,4.2682486,0.0,10.766624,8.846725,0.0,8.362007,10.886895,8.5127735,0.0,14.4727125
2012-10-28,17.632467,14.895601,22.963737,6.920288,0.0,28.366419,16.07112,41.370285,8.830494,8.325436,45.804115,3.860811,16.004873,8.058454,16.027239,23.971573,10.978662,17.889582,53.259426,9.389664,4.5518355,20.689655,30.999527,29.647572,4.7742906,26.455223,42.75502,11.753893,7.9112206,53.093067
2012-10-29,31.37815,36.205734,40.775288,36.558365,23.815983,42.96611,35.891487,44.588203,41.45055,26.714752,49.07113,24.960573,33.33767,23.50862,42.586475,45.630108,30.940022,33.311623,56.901608,35.789093,15.9013815,37.621628,44.657497,46.540714,34.472977,43.280704,48.821564,35.6783,28.06966,54.489414
2012-10-30,34.83239,45.31538,34.529316,55.585335,51.61379,58.81368,35.109516,51.302887,64.207794,36.394337,58.282433,50.450176,39.245625,38.0688,65.58422,26.95298,35.26656,37.253952,58.25563,41.39188,34.276394,51.760963,45.08887,46.540714,51.779655,43.55184,49.438972,41.152866,67.46856,54.80957
2012-10-31,25.760935,38.731083,34.56695,50.62428,43.193478,52.524166,31.19976,40.28958,57.28592,34.839718,50.902878,44.590054,27.991472,42.953255,56.5597,35.428055,29.41319,27.501549,49.063976,36.175438,38.004246,42.629242,35.28691,30.59382,45.17656,29.82257,41.79503,29.215263,55.30897,46.99212
2012-11-01,68.688126,11.908092,89.920006,16.11677,17.26472,0.0,59.25351,5.6772995,49.231216,31.599985,0.0,8.958351,17.807526,11.191936,39.494865,81.70422,9.5653715,48.84599,2.9746885,6.3277726,51.38532,8.16406,17.03921,39.39113,6.6643353,23.120518,10.069155,55.66837,43.459236,8.371999
2012-11-02,28.204742,0.0,42.97955,8.313637,15.170439,0.0,0.0,0.0,17.41214,0.0,0.0,12.203183,0.0,0.0,17.207088,47.36057,0.0,0.0,0.0,0.0,0.0,0.0,0.0,4.870587,0.0,0.0,0.0,0.0,20.971558,0.0
2012-11-03,0.0,0.0,0.0,25.980553,25.993093,11.126756,0.0,0.0,29.27391,0.0,0.0,11.824362,0.0,0.0,28.969952,0.0,0.0,0.0,0.0,0.0,0.0,0.0,0.0,0.0,0.0,0.0,0.0,0.0,42.258427,0.0
2012-11-04,10.745625,8.05045,0.0,0.0,8.527257,0.0,11.580255,0.0,0.0,0.0,0.0,8.44557,10.355199,0.0,8.88469,0.0,9.622675,13.518807,0.0,0.0,0.0,0.0,12.467544,14.032455,0.0,14.961912,12.279321,0.0,16.81676,0.0
2012-11-05,0.0,0.0,0.0,0.0,0.0,0.0,0.0,0.0,0.0,0.0,0.0,0.0,0.0,0.0,0.0,0.0,0.0,0.0,0.0,0.0,0.0,0.0,0.0,7.1020803,0.0,0.0,0.0,0.0,0.0,0.0
2012-11-06,20.541882,8.28306,21.151546,0.0,0.0,8.201438,14.230206,18.076393,0.0,15.314954,12.874343,6.193867,1.7614645,0.0,0.0,18.557438,0.0,0.0,10.700791,4.610023,20.275501,14.936025,13.641323,21.496073,13.023337,8.653961,17.851128,16.186705,0.0,17.392296
2012-11-07,46.698994,17.908411,46.266933,0.0,0.0,8.096455,42.64058,17.076363,0.0,66.515175,10.385106,0.0,65.55672,31.56009,0.0,39.312107,10.40409,36.94283,8.70744,5.8657765,69.31496,18.951052,17.473198,20.131828,8.712221,17.45965,18.250645,74.205,0.0,16.328362
2012-11-08,50.898605,22.098896,53.19295,0.0,0.0,0.0,48.142838,6.080917,0.0,32.27959,0.0,0.0,38.99453,28.855526,0.0,46.0356,23.262356,42.733543,14.183047,5.974682,25.885624,6.893506,21.746096,31.730442,5.216564,26.526209,14.856285,45.007263,0.0,12.836578
2012-11-09,35.832203,10.527832,38.57253,0.0,0.0,0.0,31.054853,0.0,0.0,14.074404,0.0,0.0,21.022545,17.149141,0.0,34.133366,23.093966,25.770395,0.0,0.0,0.0,0.0,10.902939,13.000152,0.0,13.813761,0.0,35.57487,0.0,0.0
2012-11-10,22.959688,0.0,21.159885,0.0,0.0,0.0,0.0,0.0,0.0,0.0,0.0,0.0,0.0,0.0,0.0,21.21237,0.0,0.0,0.0,0.0,0.0,0.0,0.0,0.0,0.0,5.7954016,0.0,0.0,0.0,0.0
2012-11-11,5.062085,11.981309,11.097796,0.0,0.0,0.0,7.557407,17.659948,0.0,0.0,12.888043,0.0,15.169412,0.0,0.0,10.645096,8.352276,13.398145,18.882944,1.3350817,15.152682,9.570341,10.678617,8.325619,0.0,10.728819,17.616188,12.195356,0.0,19.468895
2012-11-12,0.0,3.4926693,0.0,0.0,0.0,0.0,0.0,0.0,0.0,0.0,0.0,0.0,0.0,0.0,0.0,0.0,0.0,0.0,0.0,0.0,0.0,0.0,5.7781353,0.0,0.0,0.0,3.5065036,0.0,0.0,0.0
2012-11-13,0.0,0.0,0.0,0.0,0.0,0.0,0.0,0.0,0.0,0.0,0.0,0.0,0.0,0.0,0.0,0.0,0.0,0.0,0.0,0.0,0.0,0.0,0.0,0.0,0.0,0.0,0.0,0.0,0.0,0.0
2012-11-14,0.0,0.0,0.0,0.0,0.0,0.0,0.0,0.0,0.0,0.0,0.0,0.0,0.0,0.0,0.0,0.0,0.0,0.0,0.0,0.0,0.0,0.0,0.0,0.0,0.0,0.0,0.0,0.0,0.0,0.0
2012-11-15,0.0,0.0,0.0,0.0,0.0,0.0,0.0,0.0,0.0,0.0,0.0,0.0,0.0,0.0,0.0,0.0,0.0,0.0,0.0,0.0,0.0,0.0,0.0,0.0,0.0,0.0,0.0,0.0,0.0,0.0
2012-11-16,0.0,0.0,0.0,0.0,0.0,0.0,0.0,0.0,0.0,0.0,0.0,0.0,0.0,0.0,0.0,0.0,0.0,0.0,0.0,0.0,0.0,0.0,0.0,0.0,0.0,0.0,0.0,0.0,0.0,0.0
2012-11-17,0.0,0.0,0.0,0.0,0.0,0.0,0.0,0.0,0.0,0.0,0.0,0.0,0.0,0.0,0.0,0.0,0.0,0.0,0.0,0.0,0.0,0.0,0.0,0.0,0.0,0.0,0.0,0.0,0.0,0.0
2012-11-18,0.0,0.0,0.0,0.0,0.0,0.0,0.0,0.0,0.0,0.0,0.0,0.0,0.0,0.0,0.0,0.0,0.0,0.0,0.0,0.0,0.0,0.0,0.0,0.0,0.0,0.0,0.0,0.0,0.0,0.0
2012-11-19,0.0,0.0,0.0,0.0,0.0,0.0,0.0,0.0,0.0,0.0,0.0,0.0,0.0,0.0,0.0,0.0,0.0,0.0,0.0,0.0,0.0,0.0,0.0,0.0,0.0,0.0,0.0,0.0,0.0,0.0
2012-11-20,0.0,0.0,9.839974,0.0,0.0,0.0,0.0,0.0,0.0,0.0,0.0,0.0,0.0,0.0,0.0,16.015049,0.0,0.0,0.0,0.0,0.0,0.0,0.0,0.0,0.0,0.0,0.0,18.78336,0.0,0.0
2012-11-21,0.0,0.0,0.0,21.197294,13.396055,15.876174,0.0,0.0,0.0,0.0,9.609423,13.387025,0.0,0.0,0.0,0.0,0.0,0.0,0.0,0.0,0.0,10.547354,0.0,0.0,12.11211,0.0,0.0,0.0,0.0,0.0
2012-11-22,0.0,0.0,0.0,10.871571,10.732947,0.0,0.0,0.0,36.58795,0.0,0.0,5.7255316,0.0,0.0,27.584414,0.0,0.0,0.0,0.0,0.0,0.0,0.0,0.0,0.0,11.39913,0.0,0.0,0.0,37.83999,0.0
2012-11-23,11.574621,42.6463,16.914139,68.294205,40.80818,79.90562,51.915874,56.712048,80.82819,99.136284,64.18104,38.01242,85.2191,76.78507,81.42693,9.644738,44.385406,59.064415,43.166187,51.793476,110.632355,49.257565,30.233522,16.131422,52.285873,19.209635,36.87529,95.07046,71.048706,40.59045
2012-11-24,57.507774,26.345596,56.051414,0.0,0.0,0.0,71.87327,0.0,0.0,73.06111,0.0,0.0,89.052536,39.67069,0.0,26.407257,39.763687,79.12903,0.0,11.627976,45.230583,0.0,20.02711,44.661457,0.0,37.535984,0.0,88.67678,0.0,0.0
2012-11-25,54.226936,30.868397,42.081844,14.634319,7.6801915,23.313173,42.12053,46.895737,16.511103,27.323029,46.322876,0.0,29.647066,23.099766,18.15871,38.57248,13.741857,34.633938,87.95257,9.284095,0.0,20.278366,55.341995,46.691143,11.86694,42.02546,64.16395,29.562698,16.105267,84.27164
2012-11-26,36.35877,1.0595101,28.529312,0.0,0.0,0.0,20.203493,9.118253,0.0,0.0,7.686724,6.1939917,3.9124162,0.0,0.0,26.227777,0.0,8.581379,47.845287,0.0,0.0,0.0,10.578926,24.509892,0.0,17.318365,31.0024,0.0,3.403665,45.43784
2012-11-27,0.0,0.0,0.0,0.0,0.0,0.0,0.0,0.0,0.0,0.0,0.0,0.0,0.0,0.0,0.0,12.6779,0.0,0.0,0.0,0.0,0.0,0.0,0.0,5.9926276,0.0,0.0,0.0,0.0,0.0,0.0
2012-11-28,0.0,0.0,0.0,0.0,0.0,0.0,0.0,0.0,0.0,0.0,0.0,0.0,0.0,0.0,0.0,0.0,0.0,0.0,0.0,0.0,0.0,0.0,0.0,0.0,0.0,0.0,0.0,0.0,0.0,0.0
2012-11-29,13.601337,0.0,9.878671,0.0,0.0,0.0,9.214518,0.0,0.0,0.0,0.0,0.0,2.2178016,0.0,0.0,0.0,0.0,9.365513,0.0,0.0,0.0,0.0,0.0,7.841302,0.0,7.793643,0.0,0.0,0.0,13.096478
2012-11-30,11.365926,0.0,8.056435,5.1321383,0.0,3.3804893,14.06743,9.027133,25.763174,19.518686,7.2275157,19.931158,20.5016,21.311695,25.359034,0.0,16.983187,17.30874,16.502886,16.059288,0.0,0.0,0.0,9.111753,9.987579,0.0,26.123503,16.442448,0.0,26.123554
2012-12-01,0.0,0.0,0.0,0.0,0.0,0.0,0.0,0.0,22.724346,0.0,0.0,0.0,0.0,0.0,0.0,0.0,0.0,0.0,0.0,0.0,0.0,0.0,0.0,0.0,0.0,0.0,0.0,0.0,23.27669,0.0
2012-12-02,0.0,0.0,0.0,0.0,16.107468,16.801208,0.0,8.444055,39.75227,0.0,21.80284,0.0,0.0,0.0,74.71116,0.0,0.0,0.0,16.190647,0.0,0.0,0.0,0.0,0.0,0.0,0.0,6.798843,0.0,80.27407,15.095233
2012-12-03,7.8492517,7.2622886,4.278785,28.994446,35.145275,15.566716,6.008308,21.674345,67.95624,0.0,21.396431,0.0,0.0,0.0,37.959816,0.0,1.2729356,0.0,27.116016,0.0,0.0,12.395728,14.887119,14.606175,10.020645,12.005041,18.709152,0.0,63.210148,25.33912
2012-12-04,16.258005,0.0,8.109941,0.0,20.03779,0.0,5.331313,0.0,24.73755,0.0,0.0,3.7755353,0.0,0.0,19.79557,0.0,0.0,0.0,0.0,0.0,0.0,0.0,3.8341553,6.266516,0.0,6.315054,0.0,0.0,46.976902,0.0
2012-12-05,5.416395,0.0,0.0,0.0,0.0,0.0,0.0,0.0,0.0,0.0,0.0,0.0,0.0,0.0,0.0,0.0,0.0,0.0,0.0,0.0,0.0,0.0,0.0,0.0,0.0,0.0,0.0,0.0,0.0,0.0
2012-12-06,13.4319725,0.0,13.988964,0.0,0.0,0.0,11.908119,0.0,0.0,0.0,0.0,0.0,0.0,0.0,0.0,15.776959,0.0,0.0,0.0,0.0,0.0,0.0,16.213251,32.094822,0.0,19.5169,0.0,0.0,0.0,0.0
2012-12-07,0.0,0.0,5.2890434,0.0,0.0,0.0,0.0,0.0,0.0,0.0,0.0,0.0,0.0,0.0,0.0,6.795585,0.0,0.0,0.0,0.0,0.0,0.0,0.0,0.0,0.0,0.0,0.0,0.0,0.0,0.0
2012-12-08,0.0,0.0,0.0,0.0,0.0,0.0,0.0,0.0,0.0,0.0,0.0,0.0,0.0,0.0,0.0,0.0,0.0,0.0,0.0,0.0,0.0,0.0,0.0,0.0,0.0,0.0,0.0,0.0,0.0,0.0
2012-12-09,0.0,0.0,0.0,0.0,0.0,0.0,0.0,0.0,0.0,0.0,0.0,0.0,0.0,0.0,0.0,0.0,0.0,0.0,0.0,0.0,0.0,0.0,0.0,0.0,0.0,0.0,0.0,0.0,0.0,0.0
2012-12-10,0.0,0.0,0.0,0.0,0.0,0.0,0.0,0.0,0.0,0.0,0.0,0.0,0.0,0.0,0.0,0.0,0.0,0.0,0.0,0.0,0.0,0.0,0.0,0.0,0.0,0.0,0.0,0.0,0.0,0.0
2012-12-11,0.0,0.0,0.0,0.0,0.0,0.0,0.0,0.0,0.0,0.0,0.0,0.0,0.0,0.0,0.0,0.0,0.0,0.0,0.0,0.0,0.0,0.0,0.0,0.0,0.0,0.0,0.0,0.0,0.0,0.0
2012-12-12,0.0,0.0,0.0,0.0,0.0,0.0,0.0,0.0,0.0,0.0,0.0,0.0,0.0,0.0,0.0,0.0,0.0,0.0,0.0,0.0,0.0,0.0,0.0,0.0,0.0,0.0,0.0,0.0,0.0,0.0
2012-12-13,0.0,0.0,0.0,0.0,0.0,0.0,0.0,0.0,0.0,0.0,0.0,0.0,0.0,0.0,0.0,0.0,0.0,0.0,0.0,0.0,0.0,0.0,0.0,0.0,0.0,0.0,0.0,0.0,0.0,0.0
2012-12-14,0.0,0.0,0.0,0.0,0.0,0.0,0.0,0.0,0.0,0.0,0.0,0.0,0.0,0.0,0.0,0.0,0.0,0.0,0.0,0.0,0.0,0.0,0.0,0.0,0.0,0.0,0.0,0.0,0.0,0.0
2012-12-15,5.511681,0.0,7.212705,0.0,0.0,0.0,0.0,0.0,0.0,0.0,0.0,0.0,0.0,0.0,0.0,9.08677,0.0,0.0,7.102615,0.0,0.0,0.0,0.0,4.2000933,0.0,1.4439294,0.0,0.0,0.0,6.6044106
2012-12-16,9.131161,13.188691,8.010149,18.87979,24.398249,21.098337,13.867287,15.133365,22.90363,28.871489,15.899011,20.020908,18.052774,26.06515,19.627048,7.261013,12.051852,13.485796,19.519253,10.130135,32.37802,13.5172615,14.017473,15.8636675,14.4009285,15.727986,13.965941,19.806042,14.769941,14.308641
2012-12-17,15.985893,5.7065077,15.490367,15.497517,7.347635,12.848521,16.494638,3.4304442,0.0,26.304232,9.331695,14.500877,21.422136,12.418318,0.0,14.438275,4.33307,9.797384,6.7958803,6.9502435,28.2447,6.91867,5.9723816,14.928784,12.548588,8.1604595,4.342876,27.038473,0.0,6.4508305
2012-12-18,17.737349,8.865555,18.52892,17.928425,18.630957,15.130922,16.284634,12.639208,23.668522,10.980567,12.069718,16.206057,9.086343,10.656012,19.523346,23.531042,7.06415,13.151975,14.0253315,9.777786,23.98063,9.561079,12.604784,18.570051,16.114635,11.964506,14.5798855,14.734088,18.167873,22.01525
2012-12-19,3.6706357,4.6960554,0.0,8.71925,0.0,9.012178,4.395074,4.929918,0.0,0.0,5.728185,0.0,0.0,0.0,0.0,0.0,0.0,0.0,19.779808,6.4535775,0.0,4.075478,10.641854,21.488861,0.0,17.60106,7.252797,0.0,0.0,16.186008
2012-12-20,0.0,0.0,0.0,0.0,0.0,0.0,0.0,0.0,0.0,0.0,5.497669,0.0,0.0,0.0,0.0,0.0,0.0,0.0,8.4613,0.0,0.0,0.0,4.4712563,7.024541,0.0,0.0,0.0,0.0,0.0,5.6152177
2012-12-21,0.0,0.0,0.0,0.0,0.0,0.0,0.0,0.0,0.0,0.0,0.0,0.0,0.0,0.0,0.0,0.0,0.0,0.0,0.0,0.0,0.0,0.0,0.0,0.0,0.0,0.0,0.0,0.0,0.0,0.0
2012-12-22,8.497259,0.0,6.0324626,0.0,0.0,0.0,0.0,0.0,0.0,0.0,0.0,0.0,0.0,0.0,0.0,3.7558258,0.0,0.0,0.0,0.0,0.0,0.0,0.0,27.015352,0.0,11.16692,0.0,0.0,0.0,0.0
2012-12-23,5.725406,1.572254,0.7646855,0.0,0.0,0.0,0.0,0.0,0.0,4.0076356,0.0,0.0,4.47536,5.6824794,0.0,1.72272,0.0,1.1508716,5.9000845,2.3460793,0.0,0.0,0.0,4.9458985,0.0,0.0,0.0,0.0,0.0,5.2373157
2012-12-24,0.0,0.0,0.0,0.0,0.0,0.0,0.0,0.0,0.0,0.0,0.0,0.0,0.0,0.0,0.0,0.0,0.0,0.0,0.0,0.0,0.0,0.0,0.0,0.0,0.0,0.0,0.0,0.0,0.0,0.0
2012-12-25,12.017617,0.0,13.264015,0.0,0.0,0.0,8.411413,0.0,0.0,0.0,0.0,0.0,0.0,0.0,0.0,15.922215,0.0,3.2514598,0.0,0.0,0.0,0.0,9.09898,12.061858,0.0,0.0,0.0,2.6411085,0.0,0.0
2012-12-26,0.0,0.0,0.0,0.0,0.0,0.0,0.0,0.0,0.0,0.0,0.0,0.0,0.0,0.0,0.0,0.0,0.0,0.0,15.53572,0.0,0.0,0.0,7.471139,7.4881454,0.0,0.0,7.960392,0.0,0.0,13.191448
2012-12-27,61.773045,19.875158,40.158253,26.720695,23.575182,17.784327,55.44545,29.070892,15.704073,7.0836406,24.669302,17.496607,21.560991,16.052422,22.352377,25.281334,12.684611,36.417717,46.789043,14.268983,0.0,18.139622,50.020626,83.63469,15.263901,50.143074,42.107193,41.673817,18.294691,46.267887
2012-12-28,8.351576,28.16792,20.43839,79.06001,69.4944,67.99024,14.757463,40.124836,61.768543,23.584978,54.65166,38.558678,35.512264,14.39932,91.46611,25.281334,15.877883,16.496685,37.435715,29.976938,27.890392,38.603413,23.646553,15.531335,39.18823,15.589858,27.068296,30.86748,58.603092,35.321133
2012-12-29,13.449996,0.0,19.93744,9.551077,21.510748,12.775177,0.0,0.0,20.922058,11.044447,10.675517,0.0,4.377957,6.258492,16.15024,17.115423,0.0,0.0,10.139967,0.0,0.0,0.0,0.0,0.0,0.0,0.0,0.0,7.3703985,23.608006,0.0
2012-12-30,0.0,0.0,0.0,0.0,0.0,0.0,0.0,0.0,0.0,0.0,0.0,0.0,0.0,0.0,0.0,0.0,0.0,0.0,0.0,0.0,0.0,0.0,0.0,9.822812,0.0,0.0,0.0,0.0,0.0,0.0
2012-12-31,0.0,0.0,0.0,0.0,0.0,0.0,0.0,0.0,11.20497,0.0,0.0,0.0,0.0,0.0,0.0,0.0,0.0,0.0,0.0,0.0,0.0,0.0,0.0,0.0,0.0,0.0,0.0,4.657301,11.024722,0.0
2015-01-01,2.95835,4.580557,2.8529909,4.1735296,4.537376,4.987048,4.876918,6.018462,5.8701115,10.141719,5.9777403,5.480936,8.917789,7.872401,6.039197,0.0,3.9263566,5.4963794,6.726071,6.554703,12.0901165,5.7602468,5.593449,8.537275,6.12816,8.540576,5.8577995,8.646049,6.475494,6.2745123
2015-01-02,0.0,0.0,0.0,0.0,0.0,0.0,0.0,0.0,3.0904067,0.0,0.0,0.0,0.0,0.0,0.0,0.0,0.0,0.0,0.0,0.0,0.0,0.0,0.0,0.0,0.0,0.0,0.0,0.0,2.522719,0.0
2015-01-03,0.0,0.0,0.0,0.0,0.0,0.0,0.0,0.0,0.0,0.0,0.0,0.0,0.0,0.0,0.0,0.0,0.0,0.0,0.0,0.0,0.0,0.0,0.0,0.0,0.0,0.0,0.0,0.0,0.0,0.0
2015-01-04,0.0,0.0,6.3724694,0.0,0.0,0.0,5.410364,0.0,0.0,0.0,0.0,0.0,0.0,0.0,0.0,2.1651332,0.0,0.0,0.0,0.0,0.0,0.0,0.0,0.0,0.0,0.0,0.0,6.1748185,0.0,0.0
2015-01-05,0.0,0.0,0.0,0.0,0.0,0.0,0.0,0.0,0.0,0.0,0.0,0.0,0.0,0.0,0.0,0.0,0.0,0.0,0.0,0.0,0.0,0.0,0.0,0.0,0.0,0.0,0.0,0.0,0.0,0.0
2015-01-06,0.0,0.0,0.0,0.0,0.0,0.0,0.0,0.0,0.0,0.0,0.0,0.0,0.0,0.0,0.0,0.0,0.0,0.0,0.0,0.0,0.0,0.0,0.0,0.0,0.0,0.0,0.0,0.0,0.0,0.0
2015-01-07,0.0,0.0,0.0,0.0,0.0,0.0,0.0,0.0,0.0,0.0,0.0,0.0,0.0,0.0,0.0,0.0,0.0,0.0,0.0,0.0,0.0,0.0,0.0,0.0,0.0,0.0,0.0,0.0,0.0,0.0
2015-01-08,0.0,0.0,0.0,0.0,0.0,0.0,0.0,0.0,0.0,0.0,0.0,0.0,0.0,0.0,0.0,0.0,0.0,0.0,0.0,0.0,0.0,0.0,0.0,0.0,0.0,0.0,0.0,0.0,0.0,0.0
2015-01-09,0.0,6.153248,0.0,4.0093365,4.726876,6.2343335,0.0,6.343345,6.764185,5.020072,6.512313,5.11265,2.3788383,5.9901347,6.529924,0.0,3.3198857,2.1000915,7.4992523,5.9967275,5.697028,6.7164097,4.4043326,3.872503,6.081779,3.956755,6.019818,0.0,5.8553405,6.3392797
2015-01-10,0.0,0.0,0.0,0.0,0.0,0.0,0.0,0.0,0.0,0.0,0.0,0.0,0.0,0.0,0.0,0.0,0.0,0.0,0.0,0.0,0.0,0.0,0.0,0.0,0.0,0.0,0.0,0.0,0.0,0.0
2015-01-11,0.0,0.0,0.0,0.0,0.0,0.0,0.0,0.0,0.0,5.835307,0.0,0.0,2.383091,4.9355283,0.0,0.0,0.0,0.0,0.0,0.0,7.6649384,0.0,0.0,0.0,0.0,0.0,0.0,0.0,0.0,0.0
2015-01-12,0.0,0.0,0.0,0.0,0.0,0.0,0.0,0.0,0.0,0.0,0.0,0.0,0.0,0.0,0.0,0.0,0.0,0.0,0.0,0.0,0.0,0.0,0.0,0.0,0.0,0.0,0.0,0.0,0.0,0.0
2015-01-13,3.151653,4.175592,4.299262,0.0,0.0,0.0,0.0,0.0,0.0,0.0,0.0,0.0,0.0,0.0,0.0,4.189518,0.0,0.0,5.0195994,0.0,0.0,4.6044183,0.0,0.0,0.0,0.0,0.0,0.0,0.0,4.2079806
2015-01-14,2.9268107,0.0,2.4274156,0.0,0.0,0.0,2.5092542,0.0,0.0,0.0,0.0,0.0,0.0,0.0,0.0,0.0,0.0,0.0,0.0,0.0,0.0,0.0,4.11693,4.769723,0.0,3.7040997,0.0,0.0,0.0,0.0
2015-01-15,0.0,6.345807,0.0,6.1018915,5.908478,8.290035,3.4865112,3.5939198,7.511999,0.0,7.242419,6.2222867,0.0,0.0,5.7795467,0.0,0.0,4.144866,3.0826323,7.012639,0.0,7.2012806,0.0,0.0,7.1647663,0.0,0.0,4.864706,6.4790397,0.0
2015-01-16,0.0,0.0,0.0,5.851556,5.992694,7.1535645,0.0,0.0,7.1000805,0.0,5.6737103,5.625027,0.0,3.3833015,3.6262932,0.0,0.0,0.0,5.2971354,0.0,0.0,0.0,0.0,0.0,6.024526,0.0,0.0,0.0,6.376971,0.0
2015-01-17,3.0635123,0.0,4.956013,0.0,0.0,0.0,4.476708,0.0,0.0,0.0,0.0,0.0,4.802806,0.0,0.0,4.0830183,3.3893397,4.863335,0.0,0.0,0.0,0.0,0.0,0.0,0.0,0.0,0.0,4.158547,0.0,0.0
2015-01-18,0.0,0.0,0.0,0.0,0.0,0.0,0.0,0.0,0.0,0.0,0.0,0.0,0.0,0.0,0.0,0.0,0.0,0.0,0.0,0.0,0.0,0.0,0.0,0.0,0.0,0.0,0.0,0.0,0.0,0.0
2015-01-19,0.0,0.0,0.0,0.0,0.0,0.0,0.0,0.0,0.0,0.0,0.0,0.0,0.0,0.0,0.0,0.0,0.0,0.0,0.0,0.0,0.0,0.0,0.0,0.0,0.0,0.0,0.0,0.0,0.0,0.0
2015-01-20,0.0,0.0,0.0,0.0,0.0,0.0,0.0,0.0,0.0,4.599597,0.0,0.0,0.0,0.0,0.0,0.0,0.0,0.0,0.0,0.0,4.722502,0.0,0.0,0.0,0.0,0.0,0.0,0.0,0.0,0.0
2015-01-21,0.0,0.0,0.0,0.0,0.0,0.0,0.0,0.0,0.0,0.0,0.0,0.0,0.0,0.0,0.0,0.0,0.0,0.0,0.0,0.0,0.0,0.0,0.0,0.0,0.0,0.0,0.0,0.0,0.0,0.0
2015-01-22,0.0,0.0,0.0,0.0,0.0,0.0,0.0,0.0,0.0,0.0,0.0,0.0,0.0,0.0,0.0,0.0,0.0,0.0,0.0,0.0,0.0,0.0,0.0,0.0,0.0,0.0,0.0,0.0,0.0,0.0
2015-01-23,0.0,4.7572184,0.0,0.0,0.0,0.0,0.0,0.0,0.0,5.1970367,0.0,0.0,5.835544,0.0,0.0,0.0,0.0,0.0,0.0,5.1299753,0.0,4.7962713,0.0,0.0,0.0,0.0,0.0,5.90332,0.0,0.0
2015-01-24,0.0,0.0,0.0,0.0,0.0,0.0,0.0,0.0,0.0,0.0,0.0,0.0,0.0,0.0,0.0,0.0,0.0,0.0,0.0,0.0,6.592036,0.0,0.0,0.0,0.0,0.0,0.0,0.0,0.0,0.0
2015-01-25,0.0,0.0,0.0,0.0,0.0,0.0,0.0,0.0,0.0,0.0,0.0,0.0,0.0,0.0,0.0,2.4504662,0.0,0.0,0.0,0.0,0.0,0.0,0.0,0.0,0.0,0.0,0.0,0.0,0.0,0.0
2015-01-26,0.0,0.0,0.0,0.0,0.0,0.0,0.0,0.0,0.0,0.0,0.0,0.0,0.0,0.0,0.0,0.0,0.0,0.0,0.0,0.0,0.0,0.0,0.0,0.0,0.0,0.0,0.0,0.0,0.0,0.0
2015-01-27,0.0,0.0,0.0,5.009789,3.1554196,6.9616246,0.0,0.0,0.0,0.0,5.955782,0.0,0.0,0.0,0.0,0.0,0.0,0.0,2.9583535,0.0,0.0,5.480093,0.0,0.0,4.8611307,0.0,0.0,0.0,0.0,0.0
2015-01-28,0.0,0.0,0.0,0.0,0.0,0.0,0.0,0.0,0.0,0.0,0.0,0.0,0.0,0.0,0.0,0.0,0.0,0.0,0.0,0.0,0.0,0.0,0.0,0.0,0.0,0.0,0.0,0.0,0.0,0.0
2015-01-29,0.0,0.0,7.164127,0.0,0.0,0.0,6.1520467,0.0,0.0,6.850215,0.0,0.0,5.141344,0.0,0.0,6.5823073,0.0,0.5648564,0.0,0.0,5.9686093,0.0,0.0,0.0,0.0,0.0,0.0,7.5392065,0.0,0.0
2015-01-30,0.0,0.0,0.0,0.0,0.0,0.0,0.0,0.0,0.0,0.0,0.0,0.0,0.0,0.0,0.0,0.0,0.0,0.0,0.0,0.0,0.0,0.0,0.0,0.0,0.0,0.0,0.0,0.0,0.0,0.0
2015-01-31,0.0,0.0,0.0,0.0,0.0,0.0,0.0,0.0,0.0,0.0,0.0,0.0,0.0,0.0,0.0,0.0,0.0,0.0,0.0,0.0,0.0,0.0,0.0,0.0,0.0,0.0,0.0,0.0,0.0,0.0
2015-02-01,0.0,0.0,0.0,0.0,0.0,0.0,0.0,0.0,0.0,0.0,0.0,3.456004,0.0,0.0,0.0,0.0,0.0,0.0,0.0,0.0,6.060532,0.0,0.0,0.0,3.2237525,0.0,0.0,0.0,0.0,0.0
2015-02-02,0.0,0.0,0.0,0.0,0.0,0.0,0.0,0.0,0.0,0.0,0.0,0.0,0.0,0.0,0.0,0.0,0.0,0.0,0.0,0.0,0.0,0.0,0.0,0.0,0.0,0.0,0.0,0.0,0.0,0.0
2015-02-03,0.0,0.0,0.0,0.0,0.0,0.0,0.0,0.0,0.0,0.0,0.0,0.0,0.0,0.0,0.0,0.0,0.0,0.0,0.0,0.0,0.0,0.0,0.0,0.0,0.0,0.0,0.0,0.0,0.0,0.0
2015-02-04,4.4331837,4.7687783,0.0,4.1661296,3.849402,4.221245,4.55124,0.0,0.0,0.0,0.0,4.467873,0.6447959,0.0,0.0,0.0,0.0,0.0,3.107077,4.9748263,0.0,4.878261,2.5663521,5.6169987,5.003988,2.9616153,0.0,0.0,0.0,0.0
2015-02-05,0.0,0.0,0.0,0.0,0.0,0.0,0.0,0.0,0.0,0.0,0.0,0.0,0.0,0.0,0.0,0.0,0.0,0.0,0.0,0.0,0.0,0.0,0.0,0.0,0.0,0.0,0.0,0.0,0.0,0.0
2015-02-06,0.0,0.0,0.0,0.0,0.0,0.0,0.0,0.0,0.0,0.0,0.0,0.0,0.0,0.0,0.0,0.0,0.0,0.0,0.0,0.0,0.0,0.0,0.0,0.0,0.0,0.0,0.0,0.0,0.0,0.0
2015-02-07,0.0,0.0,0.0,0.0,0.0,0.0,0.0,0.0,0.0,0.0,0.0,0.0,0.0,0.0,0.0,0.0,0.0,0.0,0.0,0.0,4.3460712,0.0,0.0,0.0,0.0,0.0,0.0,0.0,0.0,0.0
2015-02-08,0.0,0.0,0.0,0.0,0.0,0.0,0.0,0.0,0.0,0.0,0.0,0.0,0.0,0.0,0.0,0.0,0.0,0.0,0.0,0.0,0.0,0.0,0.0,0.0,0.0,0.0,0.0,0.0,0.0,0.0
2015-02-09,0.0,0.0,0.0,3.254884,2.594368,0.0,0.0,0.0,0.0,0.0,0.0,0.0,0.0,0.0,0.0,0.0,0.0,0.0,0.0,0.0,0.0,0.0,0.0,0.0,2.8072612,0.0,0.0,0.0,0.0,0.0
2015-02-10,3.7617722,0.0,0.0,2.4269986,0.0,3.7217345,3.3631473,1.541442,0.0,3.6051035,2.6079192,4.007142,0.0,5.02412,0.0,0.0,0.0,0.0,2.6256146,4.367173,5.981472,0.0,2.6754487,5.290739,4.4326696,0.0,2.719887,0.0,0.0,2.5202382
2015-02-11,0.0,0.0,0.0,0.0,0.0,0.0,0.0,0.0,0.0,0.0,0.0,0.0,0.0,0.0,0.0,5.239011,0.0,0.0,0.0,0.0,0.0,4.447646,0.0,0.0,2.8647552,0.0,0.0,0.0,0.0,0.0
2015-02-12,0.0,0.0,0.0,0.0,0.0,0.0,0.0,0.0,0.0,0.0,0.0,2.2307165,0.0,0.0,0.0,0.0,0.0,0.0,0.0,0.0,0.0,0.0,0.0,0.0,0.0,0.0,0.0,0.0,0.0,0.0
2015-02-13,0.0,0.0,0.0,0.0,0.0,0.0,0.0,0.0,0.0,0.0,0.0,0.0,5.6591353,0.0,0.0,0.0,0.0,0.0,0.0,0.0,4.51561,0.0,0.0,0.0,0.0,0.0,0.0,6.5495954,0.0,0.0
2015-02-14,0.0,0.0,8.971149,0.0,0.0,0.0,0.0,0.0,0.0,0.0,0.0,0.0,0.0,0.0,0.0,0.0,0.0,0.0,0.0,0.0,0.0,0.0,0.0,0.0,0.0,0.0,0.0,0.0,0.0,0.0
2015-02-15,0.0,0.0,0.0,0.0,0.0,0.0,0.0,0.0,0.0,0.0,0.0,0.0,0.0,0.0,0.0,0.0,0.0,0.0,0.0,0.0,0.0,0.0,0.0,0.0,0.0,0.0,0.0,0.0,0.0,0.0
2015-02-16,11.430168,0.0,0.0,0.0,0.0,0.0,0.0,0.0,0.0,0.0,0.0,0.0,0.0,0.0,0.0,0.0,0.0,0.0,3.9283757,0.0,0.0,0.0,2.7039294,0.0,0.0,0.0,3.4318414,0.0,0.0,4.3229785
2015-02-17,25.444857,0.0,24.112206,0.0,0.0,0.0,3.6708183,0.0,0.0,0.0,0.0,0.0,0.0,3.1655493,0.0,14.983798,0.0,0.0,0.0,0.0,4.680726,0.0,0.0,5.2900853,0.0,0.0,0.0,0.0,0.0,0.0
2015-02-18,0.0,0.0,0.0,0.0,0.0,0.0,0.0,0.0,0.0,0.0,0.0,0.0,0.0,0.0,0.0,0.0,0.0,0.0,0.0,0.0,2.6486068,0.0,0.0,5.0274825,0.0,0.0,0.0,0.0,0.0,0.0
2015-02-19,4.541235,0.0,11.223046,0.0,0.0,0.0,0.0,0.0,0.0,0.0,0.0,0.0,0.0,0.0,0.0,13.733731,0.0,0.0,0.0,3.1069257,0.0,0.0,0.0,0.0,3.3508248,0.0,0.0,0.0,0.0,0.0
2015-02-20,0.0,0.0,0.0,0.0,0.0,0.0,0.0,0.0,0.0,0.0,0.0,0.0,0.0,0.0,0.0,0.0,0.0,0.0,0.0,0.0,0.0,0.0,4.0638227,5.573346,0.0,4.6199427,0.0,0.0,0.0,0.0
2015-02-21,0.0,0.0,0.0,0.0,0.0,0.0,0.0,0.0,0.0,0.0,0.0,0.0,0.0,0.0,0.0,0.0,0.0,0.0,0.0,0.0,3.9426765,0.0,0.0,0.0,0.0,0.0,0.0,0.0,0.0,0.0
2015-02-22,0.0,0.0,0.0,0.0,0.0,0.0,0.0,0.0,0.0,0.0,0.0,0.0,0.0,3.9996908,0.0,0.0,0.0,0.0,0.0,0.0,0.0,0.0,0.0,0.0,3.7287707,0.0,0.0,0.0,0.0,0.0
2015-02-23,0.0,0.0,0.0,0.0,0.0,0.0,0.0,0.0,0.0,0.0,0.0,0.0,0.0,0.0,0.0,0.0,0.0,0.0,0.0,2.4632814,0.0,0.0,0.0,0.0,0.0,0.0,0.0,0.0,0.0,0.0
2015-02-24,3.9290447,0.0,1.597983,0.0,0.0,0.0,0.0,0.0,0.0,0.0,0.0,0.0,0.0,0.0,0.0,5.40026,0.0,0.0,0.0,0.0,0.0,0.0,0.0,0.0,0.0,0.0,0.0,0.0,0.0,0.0
2015-02-25,0.0,2.8647041,0.7856942,0.0,0.0,0.0,0.0,3.0702617,0.0,4.8362603,3.1720276,2.903862,4.3892407,2.9987683,0.0,6.0677395,0.0,3.2524126,3.9172194,0.0,6.697581,0.0,4.6670866,4.7189946,3.244358,4.357957,4.4877396,3.680416,0.0,3.9172194
2015-02-26,0.0,0.0,10.950426,0.0,0.0,0.0,0.0,0.0,0.0,0.0,0.0,0.0,0.0,0.0,0.0,17.371233,0.0,0.0,0.0,0.0,0.0,0.0,0.0,0.0,0.0,0.0,0.0,0.0,0.0,0.0
2015-02-27,10.575727,5.4441786,18.572502,0.0,0.0,0.0,13.483838,5.5673547,0.0,0.0,0.0,0.0,0.0,0.0,0.0,22.856327,0.0,13.372943,0.0,0.0,0.0,5.847564,0.0,12.263128,0.0,11.882688,0.0,14.627244,0.0,0.0
2015-02-28,3.7498026,0.0,17.112719,0.0,0.0,0.0,5.751424,0.0,0.0,6.2086782,0.0,0.0,0.0,0.0,0.0,25.134161,0.0,4.482659,0.0,1.9245144,6.019404,0.0,0.0,0.0,2.4941325,0.0,0.0,6.5845227,0.0,0.0
2015-03-01,0.0,0.0,0.0,2.7754622,0.0,0.0,0.0,0.0,0.0,0.0,0.0,3.4254308,0.0,0.0,0.0,0.0,0.0,0.0,0.0,0.0,0.0,0.0,0.0,0.0,0.0,0.0,0.0,0.0,0.0,0.0
2015-03-02,0.0,0.0,7.60773,0.0,0.0,0.0,5.714713,0.0,0.0,6.772172,0.0,0.0,0.0,2.4857,0.0,5.601627,0.0,0.0,0.0,0.0,9.104856,0.0,0.0,0.0,0.0,0.0,0.0,5.766917,0.0,0.0
2015-03-03,7.0061655,0.0,19.138454,8.256081,9.512598,0.0,22.858852,0.0,0.0,16.335247,0.0,11.018401,13.577111,10.015917,9.046401,19.058756,1.3818916,17.939066,0.0,2.737802,13.812559,0.0,0.0,0.0,5.584469,0.0,0.0,24.119043,8.617729,0.0
2015-03-04,4.06165,0.0,11.295035,16.340445,15.987603,8.842065,11.611196,0.0,0.0,17.131329,0.0,11.628297,8.505094,23.453392,0.0,9.763319,4.9079165,13.646231,0.0,10.945471,25.961908,0.0,0.0,0.0,16.018066,0.0,0.0,16.949352,4.8743887,0.0
2015-03-05,4.322333,0.0,6.393582,9.101219,0.0,10.296433,4.934086,0.0,0.0,11.493181,0.0,10.437275,5.5925603,0.0,0.0,7.4427333,0.0,0.0,0.0,3.1462586,11.832748,0.0,0.0,0.0,9.704681,0.0,0.0,0.0,3.362331,0.0
2015-03-06,0.4535237,0.0,6.682738,0.0,3.7456934,0.0,1.6101661,0.0,0.0,8.081793,0.0,14.10679,0.8448857,1.2485455,0.0,6.51136,0.0,0.0,0.0,2.058462,16.674305,0.0,0.0,0.0,3.3064685,0.0,2.323155,7.8015575,0.0,2.287925
2015-03-07,0.0,3.0019345,7.7803154,0.0,0.0,0.0,8.642282,2.7520049,0.0,19.763273,0.0,5.7725263,10.717921,0.0,0.0,0.0,0.0,6.611396,0.0,3.1753502,11.477371,3.2784,0.0,0.0,4.0646877,0.0,0.0,16.331985,0.0,0.0
2015-03-08,0.0,0.0,0.0,0.0,0.0,0.0,0.0,0.0,0.0,21.501757,0.0,0.0,0.0,8.878131,0.0,0.0,0.0,0.0,0.0,0.0,34.034107,0.0,0.0,0.0,0.0,0.0,0.0,0.0,0.0,0.0
2015-03-09,0.0,0.0,5.673403,0.0,0.0,0.0,0.0,0.0,0.0,0.0,0.0,0.0,0.0,0.0,0.0,3.772757,0.0,0.0,0.0,0.0,0.0,0.0,0.0,0.0,0.0,0.0,0.0,0.0,0.0,0.0
2015-03-10,0.0,0.0,0.0,0.0,0.0,0.0,0.0,0.0,0.0,0.0,0.0,0.0,0.0,0.0,0.0,0.0,0.0,0.0,0.0,0.0,0.0,0.0,0.0,0.0,0.0,0.0,0.0,0.0,0.0,0.0
2015-03-11,0.0,0.0,0.0,0.0,0.0,0.0,0.0,0.0,0.0,0.0,0.0,0.0,0.0,0.0,0.0,0.0,0.0,0.0,0.0,0.0,0.0,0.0,0.0,0.0,0.0,0.0,0.0,0.0,0.0,0.0
2015-03-12,0.0,0.0,0.0,0.0,0.0,0.0,0.0,0.0,0.0,0.0,0.0,0.0,0.0,0.0,0.0,0.0,0.0,0.0,0.0,0.0,0.0,0.0,0.0,0.0,0.0,0.0,0.0,0.0,0.0,0.0
2015-03-13,0.0,0.0,0.0,0.0,0.0,0.0,0.0,0.0,0.0,0.0,0.0,0.0,0.0,0.0,0.0,0.0,0.0,0.0,0.0,0.0,0.0,0.0,0.0,0.0,0.0,0.0,0.0,0.0,0.0,0.0
2015-03-14,5.584019,2.8289213,6.026175,0.0,0.0,0.0,3.801728,0.0,0.0,4.2108264,0.0,0.0,2.4496522,0.0,0.0,4.42917,0.0,3.7244694,3.4324293,3.6222053,0.0,0.0,1.8307625,8.867117,3.4887443,2.7779849,3.0459752,4.584969,0.0,3.5557165
2015-03-15,0.0,2.8186705,6.520298,0.0,0.0,0.0,6.073188,0.0,0.0,17.319637,0.0,0.0,6.5021977,12.52,0.0,2.7246265,1.1688329,6.475594,7.32462,3.6765833,20.083052,0.0,2.6504571,0.0,4.0783587,4.955698,7.047415,5.475119,0.0,7.568118
2015-03-16,11.326312,5.3573804,17.646725,0.0,0.0,0.0,19.230883,3.7641287,0.0,14.834012,0.0,0.0,15.285428,5.1860423,0.0,5.2794447,6.509276,15.646106,0.0,0.0,6.8958335,3.1890528,6.680076,12.877978,0.0,9.669497,4.233346,19.096869,0.0,0.0
2015-03-17,0.0,0.0,0.0,0.0,0.0,0.0,0.0,0.0,0.0,0.0,0.0,0.0,0.0,0.0,0.0,0.0,0.0,0.0,0.0,0.0,0.0,0.0,0.0,0.0,0.0,0.0,0.0,0.0,0.0,0.0
2015-03-18,0.0,0.0,0.0,0.0,0.0,0.0,0.0,0.0,0.0,0.0,0.0,0.0,0.0,0.0,0.0,0.0,0.0,0.0,0.0,0.0,0.0,0.0,0.0,0.0,0.0,0.0,1.3974953,0.0,0.0,2.678804
2015-03-19,0.0,0.0,0.0,0.0,0.0,0.0,0.0,0.0,0.0,0.0,0.0,0.0,0.0,0.0,0.0,0.0,0.0,0.0,0.0,0.0,0.0,2.2478964,0.0,0.0,0.0,0.0,0.0,0.0,0.0,0.0
2015-03-20,0.0,0.0,0.0,0.0,0.0,0.0,0.0,0.0,0.0,0.0,0.0,0.0,0.0,0.0,0.0,0.0,0.0,0.0,2.661961,0.0,0.0,0.0,0.0,0.0,0.0,0.0,0.0,0.0,0.0,0.0
2015-03-21,0.0,0.0,0.0,0.0,0.0,0.0,0.0,0.0,0.0,0.0,0.0,0.0,0.0,0.0,0.0,0.0,0.0,0.0,0.0,0.0,0.0,0.0,0.0,0.0,0.0,0.0,0.0,0.0,0.0,0.0
2015-03-22,0.0,0.0,0.0,0.0,0.0,0.0,0.0,0.0,0.0,0.0,0.0,0.0,0.0,0.0,0.0,0.0,0.0,0.0,0.0,0.0,0.0,0.0,0.0,0.0,0.0,0.0,0.0,0.0,0.0,0.0
2015-03-23,0.0,0.0,0.0,0.0,0.0,0.0,0.0,0.0,0.0,0.0,0.0,0.0,0.0,0.0,0.0,0.0,0.0,0.0,0.0,0.0,0.0,0.0,0.0,0.0,0.0,0.0,0.0,0.0,0.0,0.0
2015-03-24,0.0,0.0,0.0,0.0,0.0,0.0,0.0,0.0,0.0,0.0,0.0,0.0,0.0,0.0,0.0,0.0,0.0,0.0,0.0,0.0,0.0,0.0,0.0,0.0,0.0,0.0,0.0,0.0,0.0,0.0
2015-03-25,0.0,0.0,0.0,0.0,0.0,0.0,0.0,0.0,0.0,0.0,0.0,0.0,0.0,0.0,0.0,0.0,0.0,0.0,0.0,0.0,0.0,0.0,0.0,0.0,0.0,0.0,0.0,0.0,0.0,0.0
2015-03-26,0.0,0.0,0.0,0.0,0.0,0.0,0.0,0.0,0.0,0.0,0.0,0.0,0.0,0.0,0.0,0.0,0.0,0.0,0.0,0.0,0.0,0.0,0.0,0.0,0.0,0.0,0.0,0.0,0.0,0.0
2015-03-27,0.0,0.0,7.1022315,0.0,0.0,0.0,0.0,0.0,0.0,0.0,0.0,0.0,0.0,0.0,0.0,13.190169,0.0,0.0,0.0,0.0,0.0,0.0,0.0,0.0,0.0,0.0,0.0,0.0,0.0,0.0
2015-03-28,0.0,0.0,0.0,0.0,0.0,0.0,0.0,0.0,0.0,0.0,0.0,0.0,0.0,0.0,0.0,0.0,0.0,0.0,0.0,0.0,0.0,0.0,0.0,0.0,0.0,0.0,0.0,4.944437,0.0,0.0
2015-03-29,9.837014,0.0,13.494182,0.0,0.0,0.0,8.172123,0.0,0.0,0.0,0.0,0.0,0.0,0.0,0.0,15.289596,0.0,6.962181,0.0,0.0,0.0,0.0,0.0,0.0,0.0,6.2899575,0.0,5.3940125,0.0,0.0
2015-03-30,11.380319,0.0,12.4670315,0.0,0.0,0.0,12.362966,0.0,0.0,6.069879,0.0,0.0,12.68476,0.0,0.0,17.03491,0.0,11.255341,0.0,0.0,0.0,0.0,0.0,2.5103478,0.0,3.21266,0.0,15.61685,0.0,0.0
2015-03-31,18.909813,3.7507586,20.01333,0.0,0.0,2.486901,23.966227,0.0,0.0,17.033981,0.0,0.0,9.19553,0.0,1.6536134,9.932055,0.0,9.953833,0.0,0.0,0.0,8.946685,0.0,5.968957,4.425459,0.0,0.0,24.104418,0.15973617,0.0
2015-04-01,12.254244,4.1844754,23.132906,0.0,0.0,0.0,13.748851,0.0,0.4890207,11.171128,0.0,3.8575556,12.401693,7.107425,0.0,23.53346,2.76196,12.090922,1.8248025,2.8164434,9.233082,0.0,5.633216,6.42271,3.8583975,6.2171106,0.26420397,18.44932,0.0,2.4714565
2015-04-02,10.286869,0.0,18.816835,0.0,0.0,0.0,11.934414,0.0,0.0,3.2158308,1.0072889,0.0,5.808597,5.5120473,0.0,19.983128,0.0,10.167126,6.0215764,0.0,12.646175,0.0,11.283967,13.515938,0.0,11.845662,6.161435,11.891128,0.0,3.6768508
2015-04-03,0.0,5.553885,4.526988,7.2742147,9.825156,6.8775897,0.0,0.0,0.0,15.90451,0.0,17.274935,10.743615,15.907496,0.0,0.0,6.1709833,0.0,0.0,9.083277,17.132545,5.4957867,0.0,0.0,11.535091,0.0,0.0,11.91897,0.0,0.0
2015-04-04,4.4203944,0.0,4.700901,0.0,0.0,0.0,4.5139437,0.0,0.0,9.519961,0.0,3.7507246,5.5074687,6.795984,0.0,4.2602787,0.0,0.0,0.0,0.0,7.971502,0.0,0.0,0.0,4.1363893,0.0,0.0,6.212272,0.0,0.0
2015-04-05,0.0,0.0,0.0,0.0,0.0,0.0,0.0,0.0,0.0,0.0,0.0,0.0,0.0,0.0,0.0,0.0,0.0,0.0,0.0,0.0,5.1006727,0.0,0.0,0.0,0.0,0.0,0.0,0.0,0.0,0.0
2015-04-06,0.0,0.0,0.0,0.0,0.0,0.0,0.0,0.0,0.0,3.889277,0.0,0.0,0.0,0.0,0.0,0.0,0.0,0.0,0.0,0.0,4.637558,0.0,0.0,0.0,0.0,0.0,0.0,0.0,0.0,0.0
2015-04-07,8.377595,0.0,9.143402,0.0,0.0,0.0,8.427223,0.0,0.0,7.960521,0.0,0.0,1.5775625,0.0,0.0,7.893952,1.7837324,5.2836123,4.1885805,0.0,7.4659014,0.0,3.9470804,11.846278,0.0,6.358174,3.3862414,9.716005,0.0,3.5777278
2015-04-08,16.79051,8.882232,19.153109,2.3010364,1.3753855,3.193323,16.378056,4.187298,0.0,10.780448,3.9370656,1.6399869,13.14556,5.7559934,0.7916249,19.082657,7.2651043,10.873155,6.9874268,3.7217891,6.14336,4.981611,7.7848845,12.493563,2.5160766,9.103254,5.636715,18.637814,1.1452365,5.783263
2015-04-09,7.569392,2.0043893,7.1084538,0.0,0.0,0.0,5.1541457,0.0,1.1515269,11.106432,0.0,4.3499446,8.810434,6.7605104,0.0,4.556193,4.2990384,6.7029037,0.0,5.2479224,9.759243,0.0,0.0,0.0,5.188488,0.0,0.0,9.2140875,0.0,0.0
2015-04-10,7.415233,0.0,10.204733,0.0,0.0,0.0,4.532464,0.0,0.0,8.87563,0.0,2.9709325,7.687105,0.0,0.0,9.926617,0.0,0.3633182,0.0,0.0,8.636871,0.0,0.0,3.451171,2.943953,0.0,0.0,9.2140875,0.0,0.0
2015-04-11,9.856788,0.0,41.49711,0.0,0.0,0.0,10.434076,0.0,0.0,55.243332,0.0,9.919771,5.8721356,14.115105,0.0,42.72208,0.0,9.305088,0.0,0.0,27.871925,0.0,0.0,0.0,0.0,0.0,0.0,24.033203,0.0,0.0
2015-04-12,10.736222,28.784925,44.585304,31.695595,28.19614,33.867813,28.263676,16.585526,15.555166,24.73894,22.353525,26.112732,27.52522,21.561619,21.591324,56.249393,21.83415,27.022182,13.368963,19.90803,27.030542,34.51334,19.084345,15.204168,30.343664,14.81963,17.426369,33.841522,19.44258,16.032684
2015-04-13,11.829092,7.337794,19.31146,13.301662,15.880782,4.038452,10.178945,0.0,0.0,26.117924,0.0,13.449307,30.466604,23.191214,6.0069656,20.647087,7.1178646,9.6574955,11.971349,6.521137,26.675854,4.9223123,10.803627,18.034002,10.10981,16.259327,7.1765366,33.66401,10.938815,11.729267
2015-04-14,12.764276,0.0,17.962948,5.8631372,0.0,6.8774767,14.066408,0.0,0.0,16.745129,6.3501086,0.0,11.950515,0.0,0.0,15.210574,6.210606,12.384783,0.0,3.4393578,10.519485,0.0,7.4936666,0.0,0.0,3.6627817,0.0,15.059707,0.0,0.0
2015-04-15,16.529957,13.822778,30.73819,5.6419954,9.295501,12.425487,26.086935,5.265333,3.988948,17.606937,6.143016,18.265728,26.14914,17.126915,5.1167965,14.91369,13.497004,27.56604,13.191051,19.714243,15.989609,12.089132,11.423728,19.849243,19.102503,14.999991,10.743593,29.614239,5.15871,12.243156
2015-04-16,8.083026,6.993414,17.443365,0.0,0.0,0.0,16.819504,3.707809,0.0,24.137852,0.0,6.789423,22.629429,11.187923,0.0,11.835874,0.0,12.439644,20.84773,3.9143622,13.816054,0.0,7.442205,11.911899,0.0,7.6562357,7.7115536,23.103882,0.0,14.458933
2015-04-17,10.474569,19.487125,13.302247,15.8966255,11.923554,21.333809,18.840717,8.7429695,0.0,11.068788,9.698692,19.96634,16.705479,11.201968,1.7857561,9.240437,11.65616,16.929323,3.6276011,19.72728,13.428389,19.301695,7.7022114,5.9943795,23.076935,7.3128123,4.742768,18.153336,4.5017333,5.54206
2015-04-18,0.0,5.821774,0.0,0.0,0.0,2.9876146,6.914625,3.7274354,0.0,5.5524116,4.25156,0.0,17.865717,7.7324233,0.0,0.0,5.320019,9.431769,7.60623,0.0,7.276882,0.0,4.896857,0.0,0.0,5.336421,3.1315744,16.700775,0.0,7.60623
2015-04-19,7.214656,4.7943635,22.690859,0.0,0.0,0.0,17.56496,3.163444,0.0,26.217552,0.0,0.0,20.512451,5.114006,0.0,18.711037,0.0,15.992097,4.1099205,0.0,29.110939,0.0,4.873341,6.0500746,0.0,6.6541624,4.6914806,34.03199,0.0,5.7594686
2015-04-20,29.107243,0.0,46.11171,0.0,0.0,0.0,27.619396,0.0,0.0,13.447157,0.0,0.0,15.556449,11.8527155,0.0,50.22565,3.3736563,15.648085,2.8468173,0.0,14.1780205,0.0,4.8413587,23.351147,0.0,19.022556,4.1380835,20.811388,0.0,4.2548723
2015-04-21,28.601408,14.813223,63.44086,6.507739,6.8276677,5.2422748,40.238907,9.808665,0.0,41.20565,8.030265,6.347068,28.791176,32.14544,2.7574017,73.62499,11.036023,28.384405,7.8515396,14.137693,53.256897,13.944466,10.244774,21.50612,14.130991,11.551722,12.219683,42.268593,0.0,13.05191
2015-04-22,0.0,0.0,0.0,9.265598,8.26748,10.182521,0.0,0.0,0.0,0.0,0.0,16.10664,0.0,12.999512,0.0,0.0,0.0,0.0,0.0,0.0,10.951079,0.0,0.0,0.0,8.478548,0.0,0.0,0.0,2.5431426,0.0
2015-04-23,0.0,14.775207,8.852851,11.188979,14.120288,11.107126,16.051208,4.7084436,0.0,27.270271,4.9603877,22.044476,23.210482,27.172659,2.7982564,0.0,10.066514,16.56655,0.0,16.327433,37.129734,14.19419,3.6606503,0.0,18.068039,0.0,0.0,21.281214,4.9430966,0.0
2015-04-24,23.336042,17.162668,35.71709,22.94635,27.117762,16.872496,26.397234,13.362193,9.152936,27.742373,14.548657,22.630154,30.16716,17.144382,12.466139,35.295227,14.527922,21.239819,12.606767,20.24625,26.500265,16.738356,14.138609,18.146877,18.986465,14.459203,12.675388,30.216208,12.561402,14.22021
2015-04-25,21.756351,6.6604295,27.95481,4.0650716,6.918397,0.0,16.45916,5.0104365,0.0,6.112047,4.0232844,8.562971,8.293414,6.237756,0.0,38.146,5.478899,16.263624,7.741924,5.5139737,18.2433,7.0319204,8.628827,16.0686,6.2915,9.877503,8.305504,15.440573,3.1742816,8.309903
2015-04-26,7.0460844,7.277724,9.196329,0.0,0.0,4.2822757,5.7206645,5.534959,0.0,10.425656,4.96986,0.0,5.9596734,5.341756,0.0,7.811732,2.3459294,4.0428004,5.0143957,7.114029,11.465258,8.033192,0.9685267,2.8975592,7.9634867,0.0,4.9806046,6.338013,0.0,5.9155073
2015-04-27,9.76314,7.277724,13.602363,4.292483,0.0,5.534304,8.022287,4.595711,0.0,3.6954713,5.2510314,0.0,3.290397,4.090314,0.0,15.7347975,5.1581078,5.973253,4.6781135,8.480534,0.0,6.9676785,3.5768497,6.7537103,8.16838,5.094606,5.264792,9.165353,0.0,5.429933
2015-04-28,4.9068303,0.0,5.048114,0.0,0.0,0.0,3.1988516,0.0,0.0,0.0,0.0,0.0,0.0,0.0,0.0,7.2364635,0.0,0.0,0.0,0.0,0.0,0.0,3.2622786,4.6106443,0.0,3.156683,0.0,0.0,0.0,0.0
2015-04-29,0.0,0.0,0.0,12.211105,13.482449,3.6389334,0.0,0.0,0.0,8.389714,0.0,27.231644,0.0,14.17423,0.0,0.0,0.0,0.0,0.0,4.532059,14.512314,0.0,0.0,0.0,11.613602,0.0,0.0,0.0,4.3555098,0.0
2015-04-30,0.0,0.0,4.455244,0.0,0.0,0.0,2.748158,0.0,0.0,4.291708,0.0,8.988746,0.27903512,7.526297,0.0,5.788674,0.0,2.5183501,0.0,0.0,11.261427,0.0,0.0,0.0,3.7466311,0.0,0.0,3.8382466,0.0,0.0
2015-05-01,5.4194326,0.0,11.3330765,0.0,2.454335,0.0,8.688329,0.0,0.0,0.0,0.0,0.0,4.4467926,0.0,0.0,0.0,0.0,5.6612887,0.0,0.0,0.0,0.0,0.0,0.0,0.0,0.0,0.0,7.228643,0.0,0.0
2015-05-02,0.0,0.0,0.0,4.1016216,8.907369,3.9468246,0.0,0.0,0.0,5.567038,0.0,14.794209,2.985243,16.163649,2.8068962,0.0,0.0,4.0064874,0.0,6.7186823,13.329338,0.0,0.0,0.0,11.459774,0.0,0.0,4.71058,3.249941,0.0
2015-05-03,4.9790483,12.680865,8.486796,0.0,0.78984255,4.307532,13.934765,8.768765,2.295148,9.157579,7.470337,3.484282,14.602212,6.2495427,2.0101352,0.0,11.170818,15.559345,5.556196,7.3155236,0.0,8.957187,10.158917,0.0,5.4430723,12.62925,7.1979685,22.867674,3.1469383,0.0
2015-05-04,8.66164,12.286196,13.668916,4.4827447,5.6871953,4.498154,16.755297,9.424045,0.9734306,17.86021,7.381456,10.301397,15.312338,15.509619,4.6310062,9.368289,15.185312,13.206534,14.37289,14.55007,18.343655,15.582952,12.573726,13.833586,13.171833,11.962672,12.758076,17.98694,1.1989591,14.369829
2015-05-05,6.5275617,11.0342045,9.580967,0.0,0.0,0.0,8.380679,5.228888,0.0,12.482265,0.0,4.8562737,11.717485,13.479722,2.246445,0.0,11.47572,11.477115,3.2722738,13.275485,10.478971,6.0877843,8.461589,8.274961,9.728378,11.426445,6.4468775,10.437924,0.0,5.073117
2015-05-06,11.948724,14.523406,27.169926,7.19026,7.3387427,3.5313349,25.08276,6.3098283,0.0,20.44749,2.6567607,14.478723,20.742935,26.627548,0.0,10.653369,20.311966,19.88788,5.3502727,26.992125,20.59261,7.5497212,8.873175,16.083334,22.295277,14.218492,5.9315653,22.253134,3.5186403,5.0914474
2015-05-07,8.429434,15.131986,24.59816,8.089031,7.206237,7.273698,9.249993,6.553552,0.0,18.601562,6.8183208,11.809786,16.09993,21.883469,3.5990481,22.877243,18.420513,11.868263,10.448219,15.979889,23.926548,14.38788,8.240113,8.633918,11.903705,11.031934,8.966021,15.439799,0.0,9.333866
2015-05-08,21.4195,19.36144,35.72014,5.2798195,7.683424,7.9094872,31.754885,15.880402,0.0,17.66107,6.0500226,20.312712,20.887321,23.235638,0.0,16.777876,18.657846,18.426579,14.538637,19.973356,29.281897,15.088211,18.466492,13.220937,20.723595,18.264051,17.280678,22.75381,0.0,12.347195
2015-05-09,8.169882,11.499486,29.69401,7.7232413,6.193532,8.79801,21.276485,0.0,0.0,12.150556,0.0,9.646206,13.458891,15.092376,1.0544455,19.043282,9.021447,15.441494,0.0,15.762909,8.61774,10.8933325,12.499257,15.2609625,12.504984,14.849471,8.985313,18.142113,0.0,2.6174428
2015-05-10,19.88577,20.565483,39.122223,10.649515,8.076977,11.996574,26.75244,21.499292,0.0,27.727922,16.482645,16.539951,25.055897,30.317297,3.2459147,50.220894,27.796648,21.10738,26.045135,22.194212,31.200615,16.89541,21.929407,29.329136,17.691929,27.722584,22.797337,21.444769,2.5882468,25.50413
2015-05-11,25.476656,18.83711,50.737316,6.674595,7.7438936,5.8636475,24.106834,37.1466,1.220517,22.063444,22.605543,11.914247,24.840714,20.331724,3.5011644,79.903534,10.344175,29.517967,36.745155,8.70028,38.119534,10.507567,22.340843,19.563627,13.190828,31.188673,36.95314,21.878939,2.4291131,35.791615
2015-05-12,23.644539,35.203735,29.56283,11.186314,7.360679,13.541524,29.276302,40.560963,0.0,23.36394,34.659374,15.348153,40.681812,23.215559,3.467646,31.761679,30.688313,45.7426,45.03922,22.183401,24.078503,26.822905,41.545017,31.953339,22.073597,42.387947,47.268112,22.73574,2.790481,46.63891
2015-05-13,24.31474,47.61184,41.404472,5.9805307,6.127295,12.104007,29.03973,37.055164,7.1494727,30.559828,20.494028,25.444284,38.80134,29.800718,7.380104,33.60932,44.113194,38.30658,29.60354,39.27729,32.10467,34.607037,45.830723,26.672113,26.616364,40.602806,45.37742,38.892338,5.121383,33.22443
2015-05-14,6.3331313,39.02942,15.914522,32.27054,30.572191,31.639408,17.29855,39.739887,4.5197067,15.66127,38.790173,28.639555,29.044847,25.444988,15.498338,13.974913,36.5665,23.034245,26.905405,31.570965,10.538107,39.666195,22.663376,30.995443,30.932629,31.12708,26.286388,16.120344,14.859121,24.007137
2015-05-15,12.29065,29.689009,10.825702,22.39943,17.252605,22.634892,15.676185,27.097898,5.2747397,17.748722,25.820875,17.904654,29.93548,26.113585,14.158729,0.0,27.175962,24.574303,24.995958,20.523874,10.75835,30.599916,21.728941,30.069946,24.147615,31.509218,23.843102,22.90834,7.886681,15.281537
2015-05-16,35.33377,47.66857,54.845055,19.128826,13.959848,27.730667,29.128363,49.519207,6.016285,39.9146,38.589615,24.752071,31.128506,38.544224,11.431367,48.53964,35.91821,32.75638,60.07256,50.26834,32.486473,40.853466,40.98781,34.12672,35.29609,37.947224,58.65695,29.99139,6.432528,60.07256
2015-05-17,25.6513,42.801846,49.5528,21.781883,20.939772,25.0364,29.808968,52.18878,3.7692904,28.026125,40.508183,26.631657,27.033415,40.13832,9.335733,66.339584,34.807682,29.429567,48.42322,38.942978,33.507694,41.93785,52.981403,36.18554,32.3368,41.99817,56.632168,27.510523,9.939191,50.457054
2015-05-18,15.075026,16.056263,36.634773,0.0,0.0,0.0,27.145016,10.3351755,0.0,15.519419,0.0,0.0,18.549109,14.731042,0.0,30.311573,12.374381,25.494972,0.0,9.060525,16.199467,10.055845,17.063425,27.818869,0.0,29.342354,11.430638,30.516132,0.0,8.495258
2015-05-19,7.4446826,0.0,26.209053,0.0,12.42135,0.0,11.238219,0.0,0.0,0.0,0.0,20.637554,0.0,0.0,0.0,32.607704,0.0,7.896609,0.0,0.0,0.0,0.0,0.0,0.0,0.0,5.003995,0.0,8.186099,0.0,0.0
2015-05-20,0.0,0.0,0.0,0.0,0.0,0.0,0.0,0.0,0.0,0.0,0.0,0.0,0.0,0.0,0.0,0.0,0.0,0.0,0.0,0.0,0.0,0.0,0.0,0.0,0.0,0.0,0.0,0.0,0.0,0.0
2015-05-21,0.0,0.0,0.0,0.0,0.0,0.0,0.0,0.0,0.0,0.0,0.0,0.0,0.0,0.0,0.0,0.0,0.0,0.0,0.0,0.0,0.0,0.0,0.0,0.0,0.0,0.0,0.0,0.0,0.0,0.0
2015-05-22,0.0,0.0,0.0,1.9258376,1.7983793,1.4448872,0.0,0.0,0.0,0.0,0.0,0.0,0.0,0.0,1.4907681,0.0,0.0,0.0,0.0,0.0,2.7923493,0.0,0.0,0.0,0.0,0.0,0.0,0.0,0.80262697,0.0
2015-05-23,0.0,0.0,0.0,3.4210346,4.1065884,0.0,0.0,0.0,1.4098393,7.4508166,0.0,4.5256824,0.0,9.409875,1.4152007,0.0,0.0,0.0,0.0,4.0453053,0.0,0.0,0.0,0.0,4.737539,0.0,0.0,0.0,3.884371,0.0
2015-05-24,0.0,0.0,0.0,5.514697,5.981518,3.0392232,0.0,1.9179504,0.0,0.0,2.176347,4.2943363,0.0,9.219443,1.2958494,25.890972,0.0,0.0,0.0,7.9393024,7.251393,2.043874,0.0,0.0,7.357697,0.0,0.0,0.0,0.70432997,0.0
2015-05-25,0.0,0.0,0.0,0.0,0.0,0.0,0.0,0.0,0.0,0.0,0.0,0.0,0.0,0.0,0.0,0.0,0.0,0.0,0.0,0.0,0.0,0.0,0.0,0.0,0.0,0.0,0.0,0.0,0.0,0.0
2015-05-26,0.0,0.0,0.0,8.519591,6.072935,8.238397,0.0,0.0,6.3658547,0.0,0.0,7.916285,0.0,0.0,6.2039495,6.305567,0.0,0.0,6.824086,8.9240055,0.0,0.0,5.273634,0.0,8.104516,4.81292,0.0,0.0,6.2693458,6.6227756
2015-05-27,12.528839,41.218033,31.362356,25.89613,23.215464,25.870092,17.556839,34.571846,11.961633,22.630226,27.373234,31.965181,24.030584,32.08499,16.745045,21.256723,27.201597,20.285864,31.543314,36.042503,23.547283,41.63053,29.110792,23.817093,36.84272,26.667517,34.02195,17.377773,12.525081,33.303936
2015-05-28,4.7178154,0.0,9.441646,0.0,0.0,0.0,7.778378,0.0,0.0,0.0,0.0,0.0,0.0,0.0,0.0,6.3760333,0.0,5.822442,0.0,0.0,0.0,0.0,0.0,0.0,0.0,8.768031,0.0,7.064835,0.0,0.0
2015-05-29,0.0,11.453541,15.211604,8.344705,10.022263,8.133604,20.735758,0.0,0.0,22.557888,0.0,26.771915,16.746902,23.925749,0.0,5.4100175,22.553576,14.11258,0.0,22.647202,22.410437,0.0,0.0,0.0,18.258999,8.427588,0.0,17.603216,4.639329,0.0
2015-05-30,0.0,0.0,0.0,0.0,0.0,0.0,0.0,0.0,0.0,5.8918695,0.0,0.0,9.482852,0.0,0.0,0.0,0.0,7.965464,6.8144,0.0,0.0,0.0,0.0,0.0,0.0,0.0,0.0,7.199232,0.0,9.464328
2015-05-31,12.657731,33.108276,20.84898,22.67707,26.24552,18.69665,17.998974,13.970901,0.0,24.335976,10.864076,36.883892,35.97829,34.213036,0.0,23.853432,37.606915,20.761938,0.0,31.885426,22.576406,22.582594,21.538599,8.847379,32.908302,16.554216,21.39715,26.691124,6.691434,0.0
2015-06-01,10.635378,3.7491155,33.02765,9.989033,9.878453,4.972263,11.92452,1.7642121,8.588847,6.9906697,3.6331513,9.055948,6.6374264,6.360547,6.723026,26.7238,1.7973322,10.455764,2.8847208,4.2535005,9.729048,3.7561288,5.2641816,7.728585,7.972147,10.622498,3.891296,11.182499,6.712599,3.7527199
2015-06-02,3.6772003,4.8122964,7.7838354,14.792759,10.93675,13.924605,5.203973,5.212975,3.1202807,6.5974264,3.6331513,10.654639,2.8270125,4.458246,4.1245155,0.0,1.7446885,5.838309,1.2286717,4.404445,18.966055,5.2100153,4.2231727,0.0,5.8931646,4.7165666,4.5735025,5.7733397,7.816958,2.946178
2015-06-03,26.308653,7.974111,35.301422,3.451809,0.0,3.4685047,18.036333,2.3441615,0.0,20.240168,5.2007527,9.967626,10.561583,9.654666,0.0,34.716747,7.0711865,15.51473,6.454029,5.5986233,44.297035,3.983416,10.161929,9.3890085,9.410244,14.949667,9.232368,16.631413,0.0,9.274081
2015-06-04,22.49171,8.113945,45.606937,5.6369534,7.2496924,2.968827,15.733105,3.5947874,0.0,23.74636,2.3186889,19.891914,11.214203,8.147635,1.9400024,42.88745,6.445469,15.136094,4.61688,6.9751544,45.33392,4.312337,8.037541,6.3745914,8.194572,11.72159,8.162275,18.919271,1.948982,7.7891297
2015-06-05,4.43676,5.902359,13.219709,3.2789066,7.798795,3.9253716,9.949101,3.7253711,0.0,22.756357,1.9235175,5.0495567,8.293593,7.461048,0.0,20.835617,4.690928,7.649802,1.5070442,5.7986274,15.456887,3.374271,7.16387,6.0611844,6.0739603,7.417681,4.192154,14.381811,2.9357417,1.6280484
2015-06-06,5.229978,0.0,3.3919618,5.148081,6.691217,0.0,4.0193505,0.0,8.310981,0.0,0.0,2.741119,3.12616,0.0,8.453491,0.0,0.0,8.7328615,0.0,2.3772314,0.0,0.0,3.4118369,7.5260615,2.5990698,14.881619,0.0,7.7461834,8.953814,0.0
2015-06-07,3.9665532,0.0,27.388199,0.0,0.0,0.0,0.0,0.0,0.0,4.958161,0.0,2.3895664,4.970941,0.0,0.0,0.0,0.0,0.0,0.0,0.0,15.752831,0.0,0.0,0.6591577,0.0,0.4537871,0.0,11.219196,3.041076,0.0
2015-06-08,0.0,0.0,23.113155,0.0,1.5676445,2.0534644,2.5088465,0.0,6.6605444,20.86435,1.8306862,4.515166,0.15460709,0.3149664,0.0,19.85454,0.25557408,0.0,0.0,2.8381977,22.255642,1.54729,0.0,0.0,2.929665,0.0,0.0,18.998999,2.9177191,0.0
2015-06-09,0.0,8.136478,0.0,12.274826,11.81489,9.110871,0.0,6.5699606,0.0,16.193306,4.022977,8.867855,8.736885,4.0091324,4.434491,0.0,5.5990973,5.6660166,4.5197964,4.801721,12.231063,6.758537,8.753406,0.0,5.1086426,5.964874,6.2352424,6.77311,4.8076887,5.326253
2015-06-10,0.0,2.7879193,0.0,8.580889,6.5097938,7.8292737,0.0,4.0350847,0.0,8.800422,6.0482435,8.72385,0.0,7.1121764,1.7820586,0.0,0.29786852,0.0,0.0,5.555998,11.597236,4.919736,0.0,0.0,11.363027,0.0,0.0,0.0,0.0,0.0
2015-06-11,6.8798804,11.2854395,22.66168,28.154999,23.741434,11.9030075,16.814056,10.267054,7.130533,14.831892,6.177314,17.42286,12.889352,10.90964,6.6422544,9.5941,4.6656375,18.772581,5.404444,10.190039,16.90423,10.884324,11.831435,5.8466473,17.848892,20.71903,10.156454,22.552383,6.6030364,8.972798
2015-06-12,0.0,2.718187,6.7457957,10.437015,15.577595,7.2338767,10.0725155,0.0,5.8773384,2.3206875,0.0,10.803265,0.0,1.9839371,5.6155667,10.7098,0.0,5.122976,1.7924548,3.7295446,28.309624,3.0127978,2.1412592,6.076456,4.144414,7.6499443,2.9702113,11.176527,10.58389,3.3043509
2015-06-13,0.0,5.7773876,0.0,9.382222,8.370432,0.0,0.0,2.312738,0.0,13.622221,0.0,4.5622163,6.666593,1.5567358,5.1477933,0.0,5.020937,0.0,0.0,0.0,4.4720254,0.0,6.4063244,0.0,0.0,3.178563,3.833738,0.0,3.1540892,2.593795
2015-06-14,0.0,0.0,0.0,9.406977,18.917027,5.123373,0.0,0.0,12.6569605,1.9472923,0.0,18.256685,0.0,1.6731656,9.792716,0.0,0.0,0.0,0.0,3.9167485,46.836636,0.0,0.0,0.0,3.2770708,0.0,0.0,0.0,14.197698,0.0
2015-06-15,0.0,0.0,12.898826,14.248287,8.174141,13.474452,11.721266,2.5341306,7.1911936,5.6730185,11.377184,6.918261,2.8761413,1.4261868,7.7579083,14.1781435,0.0,10.292838,2.3139737,0.0,0.0,3.3720865,0.0,5.1746516,2.9747229,7.345805,0.0,11.976892,7.147212,0.0
2015-06-16,11.276205,6.2619658,31.343208,5.7554674,6.4982023,4.8194475,18.817324,5.8921666,6.6466103,12.529578,4.266365,4.8840423,8.310648,5.3837576,6.843258,0.0,3.8261826,18.742022,8.854487,6.604762,17.771584,6.197196,8.405472,9.969902,6.994588,16.202536,9.635826,17.043407,7.700611,10.961873
2015-06-17,12.826287,7.495916,18.144737,24.210571,22.141834,21.417145,9.729602,6.9419193,15.26793,0.0,17.76015,9.776787,2.2476623,3.5689974,13.685649,19.291292,2.8376641,5.2834616,13.435292,5.821316,0.0,7.915807,11.301537,5.014622,10.228022,6.364751,12.99688,0.0,14.440424,14.846632
2015-06-18,15.511442,12.366418,55.11546,29.417023,22.597242,22.239592,18.10121,7.606032,11.130892,15.569854,9.000541,16.04431,7.6953936,4.80965,10.404307,66.78876,7.346404,10.566923,5.6278605,7.89207,19.277384,7.750958,15.447066,8.880654,13.434147,13.381795,11.699797,23.917253,10.797458,8.914094
2015-06-19,12.919842,4.3997283,28.07504,10.635923,7.388924,7.9512873,18.931408,5.8132186,7.6093874,27.61919,7.1151843,6.27295,3.993264,2.6570199,5.7991314,18.382473,0.82531327,6.820936,2.9474401,3.5133767,8.82608,5.8132186,2.022794,0.0,4.099684,0.0,3.2092197,10.469526,6.6266766,2.9780142
2015-06-20,0.0,3.2751875,0.0,5.251174,8.314456,0.0,0.0,1.7448742,7.782987,10.096654,0.0,4.2651105,3.5064392,2.8232174,8.437655,0.0,3.492076,0.0,0.0,1.7233257,35.817776,0.0,0.0,0.0,4.868588,0.0,1.5287268,1.9175351,10.674593,0.0
2015-06-21,0.0,0.0,0.0,0.0,4.73634,0.0,0.0,0.0,4.931472,2.5816061,0.0,8.311537,0.0,2.2067873,0.0,0.0,0.0,0.0,0.0,4.3853884,36.223038,0.0,0.0,0.0,4.3455315,0.0,0.0,0.0,3.3196528,0.0
2015-06-22,0.0,0.0,0.0,0.0,0.0,0.0,0.0,0.0,0.0,14.439992,0.0,0.0,0.0,0.36489195,0.0,0.0,0.0,0.0,0.0,0.0,22.414446,0.0,0.0,0.0,0.0,0.0,0.0,0.0,0.0,0.0
2015-06-23,0.0,4.837134,0.0,5.454933,3.491908,0.0,0.0,3.9223623,5.1250906,0.0,0.60179377,3.3233361,0.0,0.0,4.6947536,0.0,0.0,0.0,3.8221118,0.0,11.424386,3.6740627,7.321711,0.0,0.0,0.0,7.559435,0.0,0.0,4.768221
2015-06-24,0.0,5.7751637,15.874089,0.0,0.0,0.0,0.0,0.0,0.0,0.0,0.0,0.0,0.0,0.0,0.0,32.108177,0.0,0.0,0.0,0.0,0.0,0.0,6.734288,0.0,0.0,0.0,0.0,0.0,0.0,0.0
2015-06-25,0.0,0.0,0.0,0.0,0.0,2.130471,0.0,0.0,0.0,0.0,0.0,0.0,0.0,0.0,0.0,6.55217,0.0,0.0,0.0,0.0,3.0538933,0.0,0.0,0.0,0.0,0.0,0.0,0.0,1.7575635,0.0
2015-06-26,9.282114,0.0,37.967945,0.0,0.0,0.0,11.449428,0.0,0.0,29.79321,0.0,0.0,6.5244145,2.1960204,0.0,35.069347,0.0,9.950054,0.0,0.0,40.033188,0.0,0.0,0.0,0.0,0.32199076,0.0,26.375751,0.0,0.0
2015-06-27,5.7924495,7.2254395,23.191572,0.0,0.0,4.223518,4.0824065,8.706345,0.0,0.0,8.641827,0.0,9.324646,1.6129162,0.0,88.27422,0.0,9.062699,2.6411612,5.687541,0.0,9.4541645,10.006222,2.686147,5.133718,8.800591,6.544137,10.883442,0.0,0.19339603
2015-06-28,2.3153038,0.0,0.0,12.459425,13.473098,0.0,7.959409,0.0,0.0,0.0,0.0,0.0,0.0,0.0,9.045395,17.829102,0.0,6.8118334,0.0,0.0,0.0,0.0,0.0,0.0,0.0,0.0,0.0,0.0,0.0,0.0
2015-06-29,1.3698633,16.123325,38.704227,0.0,12.047042,0.0,19.091988,4.875152,0.0,16.83932,0.0,6.351535,10.300036,2.3699918,7.2311497,49.29156,11.470477,19.211962,0.0,2.578724,0.0,0.0,15.718964,1.9283321,2.4613554,13.557131,7.0526743,20.539846,10.608947,1.7776985
2015-06-30,3.9813747,8.595004,10.798485,0.0,0.0,8.529511,10.335161,5.345405,0.0,16.41648,4.2188506,7.6334405,14.150575,4.7800446,0.0,0.0,2.375838,14.791031,0.52593493,7.4954224,3.956822,5.7500405,8.8066845,6.6960745,8.712036,12.596519,0.0,17.142431,0.0,0.0
2015-07-01,0.0,8.711985,0.0,0.0,0.0,0.0,0.0,3.117095,0.0,0.0,3.5891662,0.0,4.298973,0.0,0.0,0.0,0.0,4.237942,0.0,0.0,0.0,4.0806327,9.420094,0.0,2.6041465,9.591731,0.0,0.0,0.0,0.0
2015-07-02,0.0,0.0,0.0,1.3426292,5.04002,0.0,0.0,0.0,5.3588257,0.0,0.0,0.0,0.0,0.0,3.2476373,0.0,0.0,0.0,0.0,0.0,0.0,0.0,0.0,0.0,0.0,0.0,0.0,0.0,5.706498,0.0
2015-07-03,0.17249577,0.0,6.841946,5.9555855,8.648782,7.1653147,0.64207107,0.0,5.0521283,0.0,4.0620813,7.1106586,7.5697436,2.0698733,5.0632205,6.3545794,0.0,8.651748,0.0,6.528242,0.0,4.7540936,0.0,0.0,8.248831,7.028533,0.0,5.212962,4.7103577,0.0
2015-07-04,0.0,0.0,0.0,0.0,0.0,0.0,0.0,0.0,0.0,0.0,0.0,0.0,0.0,0.0,0.0,0.0,0.0,0.0,0.0,0.0,0.0,0.0,0.0,0.0,0.0,0.0,0.0,0.0,0.0,0.0
2015-07-05,0.0,0.0,0.0,0.0,0.0,0.0,0.0,0.0,0.0,0.0,0.0,0.0,0.0,0.0,0.0,0.0,0.0,0.0,0.0,0.0,0.0,0.0,0.0,0.0,0.0,0.0,0.0,0.0,0.0,0.0
2015-07-06,0.0,0.0,4.19421,0.0,0.0,0.0,0.0,0.0,0.0,0.0,0.0,0.0,0.0,0.0,0.0,0.0,0.0,0.0,0.0,0.0,0.0,0.0,0.0,0.0,0.0,0.0,0.0,0.0,0.0,0.0
2015-07-07,0.0,0.0,0.0,0.0,0.0,0.0,0.0,0.0,0.0,0.0,0.0,0.0,0.0,0.0,0.0,0.0,0.0,0.0,0.0,0.0,0.0,0.0,2.1349287,0.0,0.0,3.855018,0.0,0.0,0.0,0.0
2015-07-08,0.0,0.0,0.0,7.478483,0.0,7.733208,0.0,0.0,0.0,0.0,3.027908,0.0,0.0,0.0,6.2025537,0.0,0.0,0.0,0.0,4.825796,0.0,0.0,0.0,0.0,0.0,0.0,0.0,0.0,0.0,0.0
2015-07-09,0.0,0.0,0.0,0.0,0.0,0.0,0.0,0.0,0.0,0.0,0.0,0.0,0.0,0.0,0.0,0.0,0.0,0.0,0.0,0.0,0.0,0.0,0.0,0.0,0.0,0.0,0.0,0.0,0.0,0.0
2015-07-10,0.0,0.0,9.400108,16.073315,15.193489,13.092794,0.0,5.324844,13.548417,0.0,10.711363,11.367057,0.0,0.0,15.953782,8.550376,0.0,4.7753835,4.0812936,8.09423,0.0,3.8319278,0.0,0.2460099,11.084988,4.300446,3.0261402,0.0,10.298286,4.032423
2015-07-11,8.216441,1.4779115,27.701912,6.9931,11.923635,5.08037,0.0,5.6883764,2.7962513,0.0,5.6125917,8.89578,0.0,0.5534583,3.1811063,36.889107,0.0,0.0,3.3868408,0.0,0.0,4.966459,0.0,0.0,4.7188354,0.0,2.69621,0.0,3.115036,3.4906163
2015-07-12,0.0,0.0,11.657454,4.6529036,1.7208683,3.4917529,0.0,0.0,0.0,0.0,2.1908042,0.0,0.0,0.0,1.9633132,0.0,0.0,0.0,0.0,0.0,0.0,0.0,0.0,0.0,0.0,0.0,0.0,11.580513,0.0,0.0
2015-07-13,0.0,2.139142,0.0,7.626946,7.276743,3.1472487,0.0,1.4429363,0.0,0.0,1.8395147,0.0,0.0,0.0,4.255582,0.0,0.0,0.0,0.0,3.539827,0.0,3.7029197,0.0,0.0,4.2869663,0.0,0.0,0.0,3.5745347,0.0
2015-07-14,0.0,4.3214135,0.0,8.824486,9.2247925,7.8077397,0.0,1.7366543,13.109975,0.0,7.0744443,8.497017,0.96735036,2.5100522,10.804092,0.0,1.3946075,0.0,0.81822926,6.4948506,32.367138,3.5228386,1.6655135,0.0,8.635234,0.0,1.571749,0.0,12.436634,0.44569367
2015-07-15,0.0,6.721122,7.7530413,9.887888,17.191578,10.028573,0.0,4.467797,9.951152,26.934353,8.001989,11.631578,5.2118363,4.637751,9.325061,7.017991,1.9707829,5.1536164,2.2080772,7.172962,37.756718,9.690349,0.0,0.0,11.641428,0.052642304,2.0512176,17.164774,16.818089,1.7138604
2015-07-16,0.0,10.62648,0.0,4.344097,7.0960035,4.914281,0.0,3.8165238,0.0,0.0,5.205877,0.0,10.576404,0.0,3.8472638,0.0,0.0,10.486495,0.0,4.746326,0.0,5.7088966,9.719203,0.0,4.611341,10.470611,1.2018203,9.8694725,4.732274,0.0
2015-07-17,0.0,0.0,31.290958,10.484037,13.662913,4.7585936,0.0,0.0,10.843199,18.29458,0.0,3.2647066,0.0,0.0,10.308868,23.452784,0.0,5.5110373,0.0,0.0,17.982689,0.0,5.4339848,0.0,0.0,0.0,0.0,22.157131,9.603024,0.0
2015-07-18,1.456017,2.209006,19.086853,10.954715,18.211506,6.4789114,12.586208,2.2820415,12.532516,0.0,5.643449,8.486161,0.0,3.5345669,11.830956,0.0,0.883552,0.0,2.1310902,0.0,28.068659,0.0,8.730664,0.0,0.0,0.0,9.555729,0.0,15.307968,2.610284
2015-07-19,7.777494,9.669546,40.004826,10.822441,11.968383,11.153618,38.32973,5.43048,21.115856,0.0,6.808189,11.749135,14.5353775,0.0,16.563213,0.0,0.0,32.46453,2.1094518,15.143078,47.1549,7.7355313,10.475807,0.76578784,15.777503,14.084885,6.295915,47.34366,17.723164,2.0305629
2015-07-20,0.0,5.823313,0.0,16.287342,17.106936,11.048268,1.3828268,4.0388775,3.8778918,15.002214,6.5456524,13.337968,11.932314,5.5925426,4.4443803,0.0,3.4218688,15.105491,1.4578884,9.661564,21.221418,8.584358,7.5011783,0.0,11.73443,9.912469,1.644903,10.54866,0.0,0.90573525
2015-07-21,5.9874787,12.407816,22.967422,6.4956274,8.333836,6.6640043,20.803371,7.279146,4.2683306,44.354717,6.91204,9.911231,17.234802,5.029625,2.5877788,9.084366,8.741452,19.489822,4.185901,9.96999,35.624683,10.241952,13.149004,1.2547284,10.405331,14.875484,8.293848,31.31718,2.6940637,4.8408537
2015-07-22,4.0121393,11.935236,14.724546,19.352886,17.950558,15.439281,7.057223,2.479301,6.672607,15.515641,5.6319957,18.839125,11.080999,9.176552,10.599516,16.147028,3.699426,11.538525,2.5397007,5.683276,73.13959,5.36446,12.011155,0.042273216,18.529589,10.65402,8.483257,15.260058,6.221111,3.336946
2015-07-23,1.6478693,8.225693,6.7450747,10.8282995,11.735548,10.17721,0.0,3.73176,0.0,18.17014,4.9902124,11.477343,8.889534,5.742647,5.1755576,7.2426915,7.0539618,7.481559,1.733127,7.951195,24.382582,5.3508,8.11661,0.0,11.585097,7.4928756,5.252138,7.388426,8.517295,1.8509415
2015-07-24,0.0,0.0,0.0,4.8540316,10.752106,2.6820402,0.0,0.0,6.393582,0.0,0.0,4.4695177,0.0,1.3228939,6.0420237,0.0,2.0546658,0.0,0.0,3.156672,5.4622555,0.0,0.0,0.0,3.5955715,0.0,0.0,0.0,7.3301907,0.0
2015-07-25,0.0,5.9598923,0.0,10.596197,6.908145,12.92116,2.7507725,6.486191,0.0,12.06467,9.897466,14.342548,7.4282694,3.3245642,6.562694,0.0,4.944115,4.720414,2.7679148,9.96999,14.926461,7.355254,4.909803,0.0,15.634518,4.791816,1.8257525,7.4787254,1.7469043,2.5462272
2015-07-26,4.0548234,23.495674,27.224272,18.578499,16.584541,14.444464,17.134937,10.866846,8.99224,32.215405,15.762291,16.893873,14.4497,6.085938,10.005689,0.0,16.003748,14.95821,6.488104,9.407187,21.764376,10.957555,23.96722,0.21907908,13.02298,13.982884,15.721882,20.609053,9.085097,5.315458
2015-07-27,0.0,8.124908,6.091579,16.763077,17.075253,15.509425,6.8234262,9.066524,7.893708,14.839821,10.462281,16.363686,10.647828,11.279235,9.102414,3.2490757,5.379106,13.416183,7.189471,9.955018,35.85189,8.889694,11.372674,0.0,17.266953,13.734971,8.552736,14.423186,10.260294,7.0572705
2015-07-28,0.55039555,15.234414,13.180285,20.378838,13.62346,21.119946,22.92459,16.291986,8.99224,27.439545,16.530401,21.549011,19.515963,5.6509213,9.062592,0.0,3.4197237,21.708433,6.1690025,14.919766,13.960357,16.194904,15.079036,3.4262335,22.833328,19.70452,6.869721,29.314512,10.156648,6.504132
2015-07-29,0.0,10.644633,0.0,6.8894877,3.7340374,6.499692,0.19084471,3.5082536,4.102247,0.0,5.8132963,6.4667583,6.359655,0.0,5.872854,0.0,7.6613827,6.860227,4.195893,4.8501687,18.579176,3.730305,11.759069,0.07199871,7.054541,9.040533,5.5782595,0.0,3.493812,5.130951
2015-07-30,0.0,0.0,0.0,3.5068254,7.757877,0.0,0.0,0.0,9.144324,0.0,1.9272062,5.472252,5.868192,0.0,7.082914,0.0,0.0,6.174984,0.0,0.0,0.0,0.0,0.0,0.0,0.0,0.0,0.0,0.0,9.018263,0.0
2015-07-31,0.0,7.8607893,0.0,12.937069,16.544008,11.581976,0.0,5.690407,13.488359,18.802082,6.432991,12.571871,7.192342,5.733103,13.733302,0.0,7.447329,0.0,1.615256,13.423668,45.98751,8.293873,1.9684262,0.0,13.835413,0.0,3.5899549,7.9706817,16.562147,0.0
2015-08-01,0.0,12.134728,0.0,22.787651,19.782316,23.389921,0.0,12.605134,15.3871975,6.2427335,21.87507,21.178009,12.101713,13.283461,16.418903,0.0,9.172927,11.923889,5.8353496,15.175821,30.099056,12.573693,11.54661,0.0,18.743464,11.28164,7.5179534,8.5083065,13.830082,5.776359
2015-08-02,6.9173384,20.946926,12.054398,11.047113,8.65758,16.471159,10.804364,14.866197,10.779001,12.721254,19.643097,10.757602,23.276506,7.493071,8.585368,4.579933,11.876809,24.617403,12.955134,7.395693,8.640337,13.20011,26.850294,7.9830036,10.289804,26.3597,23.31419,18.974154,10.672788,21.161943
2015-08-03,2.3878114,7.478373,5.2550735,13.214409,13.17548,8.76105,11.231715,6.992218,13.36344,8.377535,3.7353632,10.690291,10.230435,7.170725,13.779637,0.0,5.390002,17.026516,4.674327,6.6416855,10.272516,6.9223733,9.390027,2.6276321,7.4419346,9.75326,7.6535854,12.886507,12.63086,6.4279747
2015-08-04,2.63751,9.435958,5.5989733,16.2017,15.625656,14.168405,7.385284,0.0,16.423061,10.477868,9.376192,15.701375,11.868756,3.943492,14.803615,0.0,5.0522223,11.6389265,0.0,0.0,0.0,0.0,9.002578,3.0888157,9.509587,10.51243,0.0,11.6063,15.218916,0.0
2015-08-05,0.0,0.0,0.0,3.0350192,3.1568296,3.8319285,6.019996,0.0,4.575028,0.0,1.9037219,0.0,2.424798,0.0,5.0127654,0.0,0.0,5.896798,2.3602097,0.0,0.0,0.0,8.513911,0.0,2.4196362,0.8625899,7.868389,0.0,5.76132,2.8090286
2015-08-06,0.0,10.586795,0.0,2.1103878,0.0,4.5174966,0.0,13.920726,0.0,1.2997111,6.792342,10.249288,0.0,7.9492946,2.9603403,0.0,0.0,0.0,5.1730723,10.828208,0.0,14.444814,0.0,0.0,11.96768,0.0,6.894397,0.0,3.4256175,0.7408995
2015-08-07,0.0,0.0,0.0,3.812476,4.6165996,4.8663726,0.0,0.0,12.100263,2.3346057,0.0,7.933001,0.0,4.0510106,9.584909,0.0,0.0,0.0,1.2463408,7.1280193,0.0,0.0,0.0,0.0,6.184634,0.0,0.0,0.0,9.680862,0.0
2015-08-08,0.0,0.0,0.0,0.0,0.0,2.177671,0.0,0.0,5.153142,0.0,0.0,0.0,0.0,0.0,5.723808,0.0,0.0,0.0,0.0,0.0,0.0,0.0,0.0,0.0,0.0,0.0,0.0,0.0,2.723208,0.0
2015-08-09,0.0,0.0,0.0,6.8696623,4.512405,5.326757,0.0,5.4358287,3.1652088,0.0,4.3720813,0.0,0.0,0.0,5.11885,0.0,0.0,0.0,0.0,0.0,0.0,5.23479,0.0,0.0,0.6891723,0.0,0.0,0.0,0.0,0.0
2015-08-10,0.0,1.4292451,0.0,10.871717,1.9511371,13.576701,0.0,3.2958913,0.0,0.0,13.648306,8.385527,0.0,6.685213,3.0637631,4.7114096,0.0,0.0,2.913305,5.467677,0.0,4.8471317,0.0,0.0,11.517746,4.6113176,0.0,0.0,0.24787445,0.0
2015-08-11,2.7394526,0.0,3.3329504,5.4077387,2.1186016,6.6965117,0.0,0.0,4.1814656,0.0,0.0,0.0,8.7264385,0.0,3.6650815,0.0,0.0,9.317277,2.4045603,0.0,0.0,0.0,7.063136,4.7889576,5.359723,8.161119,6.6538506,0.0,3.5076828,3.1752424
2015-08-12,0.0,2.5050712,0.0,12.707588,10.683666,11.767848,0.0,7.7188888,19.086407,0.0,12.235893,16.172972,0.0,8.64246,17.034893,0.0,0.0,0.0,1.8533409,2.179253,9.942655,8.602828,0.0,0.0,14.555529,0.0,0.0,7.7628655,16.265043,0.0
2015-08-13,0.0,6.4332747,3.7528229,3.9511237,0.0,5.2843437,2.3243148,10.5661,2.8072622,11.568002,2.5979548,0.0,4.0924783,4.8160176,4.7626066,0.0,4.749803,0.0,4.7793145,4.060754,4.9035854,7.100987,10.381789,0.0,6.9867363,6.0587263,9.677628,0.0,2.9116583,8.604851
2015-08-14,0.0,15.572903,0.0,6.6321883,0.0,8.768003,0.0,13.957684,0.0,2.5097508,9.165884,6.7362638,0.0,0.0,0.0,0.0,9.023012,0.0,9.181798,5.617672,4.387638,7.500817,18.098732,0.0,0.0,0.0,22.272045,0.0,2.6818652,22.484858
2015-08-15,7.5244966,23.577324,18.100212,14.078007,11.80404,14.618519,22.156744,18.921066,0.0,18.31405,11.240252,19.668215,20.40319,24.022305,3.388717,8.568858,11.68737,28.459047,2.2238266,27.13643,29.456459,21.902067,26.650043,12.460982,26.491581,26.989563,11.314207,25.109665,4.175797,3.9731176
2015-08-16,24.204348,39.253506,35.447468,26.412056,17.94939,25.365112,37.46547,41.543335,4.8620563,50.113323,20.437859,33.02388,41.712524,21.643862,8.818669,25.167974,31.153315,44.15885,8.151998,21.294296,35.54807,38.638405,30.420523,10.8624,26.067844,26.37597,32.359814,59.148823,5.613813,14.533273
2015-08-17,5.1724586,14.804996,7.500977,0.0,10.264425,5.3320317,0.0,0.0,0.0,11.480033,0.0,11.9346485,0.0,10.925416,0.0,8.591954,9.2972765,10.536406,0.0,9.06411,17.064816,0.0,26.589296,0.0,10.861237,0.0,24.941277,15.757856,0.0,0.0
2015-08-18,0.19369578,15.32076,0.0,0.0,0.0,9.863747,6.8704762,21.328505,0.0,10.810995,0.0,12.977863,3.0434625,10.179738,0.0,4.627421,0.0,21.216673,0.0,9.7624,0.0,8.279149,49.844162,20.51634,15.604249,48.21162,34.44577,10.310302,0.0,19.485485
2015-08-19,0.0,15.303147,0.0,0.0,0.0,0.0,10.7378025,0.0,0.0,11.74417,0.0,0.0,20.895327,0.0,0.0,0.0,10.107927,24.092073,0.0,0.0,8.307075,0.0,28.278437,0.0,0.0,28.964252,0.0,20.450338,0.0,0.0
2015-08-20,0.0,0.0,0.0,17.367714,20.203169,0.0,0.0,0.0,9.504107,11.488786,0.0,30.360558,0.0,12.404722,8.3972025,0.0,6.885476,0.0,0.0,4.381732,12.690478,0.0,0.0,0.0,15.8246765,0.0,0.0,0.0,17.769306,0.0
2015-08-21,2.8489032,22.67615,5.338743,35.057976,28.413933,37.58463,8.200521,28.124699,24.121008,20.440859,31.612133,37.649742,16.377728,15.513527,19.010746,0.0,18.890982,16.920845,21.25967,21.295216,19.449978,28.110657,23.241966,9.695364,30.473223,17.178064,34.571445,15.7371645,25.382385,35.617336
2015-08-22,10.158094,44.931164,12.829398,19.912569,17.898119,23.593967,20.194967,46.28223,9.24033,14.471267,31.727383,31.325249,45.04423,20.794096,12.133039,9.641086,29.789724,48.829998,43.539845,23.703773,15.226331,37.985962,54.488396,27.523136,30.720537,45.944057,57.57724,32.65487,16.537203,56.82162
2015-08-23,2.656923,22.766092,4.0517116,12.015675,9.27864,10.910033,9.349947,6.104036,0.0,12.157456,9.644016,10.175164,24.81695,6.5782733,10.72748,8.586959,12.84087,25.75701,8.090919,5.605025,8.808892,0.0,27.641022,12.423731,5.596882,24.561092,27.400223,13.586899,0.0,10.379007
2015-08-24,0.0,7.573207,0.0,4.0622025,0.0,4.13188,0.0,0.0,0.0,0.0,0.0,0.0,7.763392,0.0,4.277488,0.0,0.0,8.964878,0.0,0.0,0.0,0.0,14.487203,0.0,0.0,14.785735,3.7081914,6.369221,0.0,0.0
2015-08-25,0.0,0.0,0.0,0.0,0.0,0.0,0.0,0.0,6.554397,0.0,0.0,0.0,0.0,0.0,0.0,0.0,0.0,0.0,0.0,0.0,0.0,0.0,0.0,0.0,0.0,0.0,0.0,0.0,5.4255915,0.0
2015-08-26,0.0,0.0,0.0,3.444766,3.717778,2.7566893,3.7098756,0.0,7.6752043,0.0,2.6325667,7.0313354,0.0,6.0893087,6.416487,0.0,0.0,6.8562727,1.7988114,0.0,0.0,0.0,7.688778,2.0168467,6.3931737,5.035125,0.0,8.758119,5.085048,0.0
2015-08-27,3.597427,7.4925337,6.031486,14.774382,10.988903,14.78193,0.0,11.406595,6.858477,8.008712,10.6982,19.789892,0.0,13.1179,6.858477,5.8953686,0.0,0.0,2.4887524,13.827,0.0,13.4929285,0.0,0.0,17.678078,0.0,0.0,0.0,5.4601636,0.0
2015-08-28,0.0,0.0,0.0,6.473284,9.247308,3.259896,0.0,0.0,11.457133,0.0,0.0,14.671962,0.0,0.0,8.778388,0.0,0.0,0.0,0.0,0.0,0.0,0.0,0.0,0.78507316,0.0,0.0,0.0,0.0,9.927339,0.0
2015-08-29,0.0,0.0,0.0,0.0,0.0,0.0,0.0,0.0,0.0,0.0,0.0,0.0,0.0,0.0,0.0,0.0,0.0,0.0,0.0,0.0,0.0,0.0,0.0,0.0,0.0,0.0,0.0,0.0,0.0,0.0
2015-08-30,0.0,0.0,0.0,2.4088726,4.0646224,4.156845,0.0,0.0,0.0,0.0,2.403905,2.203556,0.0,0.0,2.390831,0.0,0.0,0.0,0.0,5.391493,0.0,0.0,0.0,0.0,7.447283,0.0,0.0,0.0,3.428036,0.0
2015-08-31,0.0,3.0309334,0.0,0.0,2.5439253,0.0,0.0,0.0,3.99101,0.0,0.0,0.0,0.0,3.6227906,3.611626,0.0,0.0,0.0,0.0,6.315722,0.0,0.0,0.0,1.4620684,0.0,0.0,0.0,0.0,3.756402,0.0
2015-09-01,3.9383624,18.509918,4.6457667,0.0,0.0,8.298008,5.455363,17.59398,0.0,7.820551,11.360357,5.8623567,12.58845,5.8976502,3.4652886,0.0,13.613044,8.78611,8.08065,14.453921,2.383528,22.788956,7.3587565,0.0,15.341286,5.9854064,5.1737347,11.166102,0.0,0.0
2015-09-02,5.6809196,17.237988,5.746387,17.51321,21.132404,19.222076,4.024657,20.95269,5.212746,6.452273,22.24768,19.63236,14.665988,9.489783,11.878281,5.956444,16.222698,14.306925,12.352405,16.218216,5.9109173,20.82892,12.52699,7.973085,17.234375,10.430338,8.774027,10.368055,11.960596,9.832509
2015-09-03,11.533632,28.612293,16.450924,24.086172,18.772467,27.787666,10.626956,35.799244,10.914711,8.931178,31.753834,28.684402,15.766506,17.712784,15.100795,18.481958,19.746332,14.774657,42.908325,29.792957,11.753786,26.63021,24.332798,9.098038,29.991833,14.547195,37.1223,12.007718,10.611555,44.626804
2015-09-04,9.64972,17.012796,19.30912,0.0,0.0,5.6380463,12.049595,0.0,0.0,7.5184064,0.0,7.0308,13.562368,7.812654,0.0,32.441837,8.409977,18.033298,9.791161,11.038765,10.100423,5.4386077,16.985243,17.386047,9.40943,19.17387,16.084877,12.104222,0.0,12.448357
2015-09-05,9.971213,19.561794,16.411966,0.0,0.0,0.0,13.613643,21.5489,0.0,8.188207,0.0,6.9885874,20.548735,3.158276,0.0,16.375769,8.295929,19.528015,10.799729,5.659888,5.0958815,15.539314,14.653615,10.089334,6.046466,14.858402,18.563776,16.03911,0.0,15.577855
2015-09-06,1.9144654,3.4326394,13.897722,7.4732018,15.093023,6.093758,0.0,2.1496403,3.7917325,23.890923,0.0,17.557821,20.374142,17.701532,3.866226,13.544203,6.761186,3.0198264,2.9852545,10.549114,20.29435,0.0,2.4797275,2.228926,12.959232,2.5644298,2.8782516,23.771767,6.4015803,3.546552
2015-09-07,17.000956,20.062616,29.372513,18.94487,16.829872,19.544445,38.280212,15.050917,17.967243,33.70252,14.698683,21.946875,38.458588,29.290937,18.056759,24.795399,20.355839,31.963064,15.638764,24.634775,32.246796,19.03599,12.130635,13.286856,26.440647,14.8819475,15.059427,50.340584,15.106161,15.227812
2015-09-08,29.899343,3.044881,50.202988,0.0,0.0,0.0,8.444333,2.371702,3.2285292,5.968571,3.1842928,0.0,0.0,0.0,0.0,59.943016,2.9921365,7.2749143,10.238353,2.5167422,5.7245607,2.5246875,6.9231577,12.035433,0.0,9.764539,7.8542404,7.749655,4.4286547,11.448318
2015-09-09,0.0,6.7975316,17.592352,13.476948,14.486391,5.887088,0.0,7.299514,9.5961,6.0115085,6.3678093,15.348996,5.2411475,6.2502403,8.942724,30.81841,6.850922,0.0,6.08671,7.341651,4.640285,6.3712664,2.4096642,0.0,3.909827,0.0,7.116533,0.0,11.048028,4.802579
2015-09-10,18.237694,7.6253495,29.717117,6.8432775,6.219509,6.883918,0.0,7.936169,12.432381,0.0,7.7937117,7.0747538,7.4940414,0.0,8.725192,62.07296,8.280303,5.1096835,7.7256713,3.948942,0.0,6.616852,6.6377616,3.9555268,6.434007,5.536902,5.436944,0.0,12.343847,5.81122
2015-09-11,0.0,0.0,0.0,10.683712,9.643577,7.6606903,0.0,0.0,14.265129,0.0,0.0,9.225034,0.0,0.0,12.013169,0.0,0.0,0.0,0.0,0.0,0.0,0.0,0.0,0.0,2.0674286,0.0,1.8550305,0.0,12.86986,0.0
2015-09-12,0.0,8.474075,0.0,6.8399262,10.150803,5.3777146,4.25496,7.5266285,12.9582205,0.0,6.7947817,8.930972,17.519997,12.745406,10.547902,0.0,9.373019,7.405199,5.14221,5.497339,10.075139,6.202291,6.8114567,3.751522,11.961963,7.6889753,4.969513,11.683399,11.874723,4.4458346
2015-09-13,0.0,8.943078,0.0,11.050261,7.247665,9.484909,0.0,8.3905115,3.6021817,1.8587346,10.321455,8.308971,0.0,0.37739334,7.0593824,0.0,5.3895307,0.0,9.477535,8.61268,0.0,9.328401,0.0,0.0,8.988981,0.0,5.75419,0.0,3.311497,6.23133
2015-09-14,17.379465,7.6099415,30.117376,0.0,2.8836956,0.0,3.0840762,2.9066157,3.6029532,2.4063244,0.0,0.0,9.007565,0.0,3.5112896,38.785686,7.319798,8.037814,4.7226987,6.7819443,0.0,0.0,7.4441676,1.1557323,4.930085,6.5322056,6.4343214,8.797583,4.9023023,6.578482
2015-09-15,0.0,7.297745,0.0,0.0,0.0,0.0,0.0,0.0,3.5077252,2.5945,0.0,0.0,0.0,3.0141504,3.0275958,0.0,7.332465,0.0,0.0,4.0151825,0.0,0.0,3.5682433,0.0,3.8527822,0.0,0.0,0.0,3.973646,0.0
2015-09-16,0.0,0.0,0.0,3.201972,3.1446595,0.0,0.0,0.0,3.152061,0.0,0.0,3.1253974,0.0,0.0,3.0839682,0.0,0.0,0.0,0.0,0.0,0.0,0.0,0.0,0.0,0.0,0.0,0.0,0.0,3.936232,0.0
2015-09-17,0.0,4.339566,0.0,0.0,0.0,0.0,8.777663,4.418514,0.0,0.0,0.0,0.0,0.0,0.0,0.0,0.0,0.0,14.049432,0.0,4.317901,0.0,4.365304,2.3304021,10.122359,0.0,11.198377,1.2991542,0.0,1.3402374,0.0
2015-09-18,12.374348,0.0,14.147191,2.9745164,2.6215448,0.0,6.644142,0.0,4.3105817,10.330561,0.0,4.1915784,16.70856,0.0,6.6979403,0.0,0.0,22.816963,0.0,0.0,0.0,0.0,6.834612,8.910759,0.0,8.6228,0.0,18.812634,2.746134,0.0
2015-09-19,14.294018,17.994385,42.591743,8.447945,4.454586,8.982811,25.530148,10.732953,6.264113,14.265855,10.1780815,5.7734017,18.994343,8.247028,8.480768,52.02787,13.878973,18.224104,13.004148,16.881233,25.093904,13.775061,13.138991,6.4675794,13.305404,13.68993,12.972509,9.838599,6.024316,12.052888
2015-09-20,5.798275,27.450739,21.57429,11.558819,10.3173685,10.698734,3.643146,9.266564,6.5348215,20.669836,9.592253,12.842526,44.479202,14.494368,6.8453846,25.251322,24.137768,36.720272,3.7604733,14.277436,12.42376,8.562931,24.30617,4.0987997,14.290203,24.069643,6.222314,24.605951,6.7126355,5.3937216
2015-09-21,0.0,0.0,0.0,9.826725,8.734175,8.1889105,0.0,2.7183185,7.8969126,0.0,5.8433948,6.6395707,0.0,3.0232136,8.399802,0.0,0.0,0.0,0.0,3.1886165,0.0,3.7237916,0.0,0.0,5.8202305,0.0,0.0,0.0,8.564099,0.0
2015-09-22,0.0,3.2081883,0.0,5.949586,10.408816,5.3423333,0.0,0.0,0.0,0.0,0.0,11.982878,4.0874376,6.2590175,0.0,0.0,3.086069,4.2068224,0.0,4.2750278,0.0,0.0,0.0,0.0,6.3044195,0.0,0.0,4.262363,0.0,0.0
2015-09-23,4.3304086,6.1148005,14.970384,0.0,0.0,0.0,9.330092,2.2415433,0.0,8.324682,0.0,4.9110045,7.6688676,6.0464272,0.0,11.173319,5.6365037,7.3239083,3.9033325,5.5239396,7.648845,7.8420086,6.1460886,3.1371584,5.9670973,5.952439,4.925925,13.792445,0.0,3.9033325
2015-09-24,4.6683674,6.6807733,18.674282,0.0,5.355885,0.0,16.908436,6.772713,0.0,13.051159,0.0,11.43186,14.93759,10.271544,0.0,17.536625,6.1640677,15.664666,6.051516,8.348791,13.297462,5.735581,5.600328,5.7043147,9.986155,5.412106,7.7609043,17.182316,0.0,6.283184
2015-09-25,0.0,6.2563066,0.4870289,5.5140715,7.6672516,0.0,0.0,0.0,0.0,7.293794,0.0,7.0072703,9.070039,4.173797,2.9698894,0.0,8.273761,7.62618,0.0,4.267505,4.2504225,0.0,0.0,0.0,3.4216805,0.0,0.0,8.489463,4.677554,0.0
2015-09-26,14.159947,23.759806,31.615984,9.316769,9.637973,7.681746,32.38633,8.835241,0.0,26.907728,0.0,15.751873,29.515085,14.535092,0.0,29.237226,21.289469,31.465322,0.0,17.870731,18.35101,11.2463455,24.379469,16.195642,13.675568,20.690763,11.502581,34.53831,0.0,8.784771
2015-09-27,22.403547,32.605354,36.7357,11.384474,10.998705,13.33019,31.919453,16.25916,7.233471,28.963808,13.191135,29.343842,34.803555,25.294558,11.235208,36.567627,27.60754,32.560722,19.860317,34.14832,36.115055,22.861752,22.73873,17.946451,33.04524,26.708704,17.450962,38.567806,7.2148285,23.080446
2015-09-28,16.918772,28.929874,36.721878,20.90828,19.561241,19.031902,27.41572,12.084924,0.0,22.776442,9.952037,29.489738,32.96676,19.387037,6.5617924,40.839985,27.846785,34.799835,13.041774,22.479576,14.8770685,28.531256,23.924223,13.680356,24.932688,23.24119,20.188889,38.237736,8.116962,12.775501
2015-09-29,13.167635,46.011925,18.698563,10.444597,6.4704914,11.395888,25.415659,18.464296,13.002103,23.347849,14.377664,11.093517,44.32878,18.368061,13.747235,19.786848,33.044094,41.237495,19.730017,20.043379,24.20362,10.903963,40.239037,26.479853,13.734986,41.55009,21.057213,31.495495,12.085838,21.080765
2015-09-30,15.425349,16.943405,30.58893,11.350981,5.9747515,10.291698,16.98045,6.348925,0.0,10.16267,7.99401,12.307392,14.583868,12.782165,0.0,29.076334,12.730104,10.488441,4.572168,18.517748,18.229671,14.542734,10.559669,12.835768,18.012894,11.611301,8.086718,19.519516,2.6844163,7.064025
2015-10-01,13.838353,16.378704,16.630152,5.968034,5.1180973,6.4649606,14.686502,14.623079,0.0,7.9617076,13.038485,6.171268,13.446784,6.7784486,7.269775,19.389408,9.0051565,16.025654,22.0081,5.6686482,23.071627,8.511763,25.80986,19.238749,5.498215,24.487963,22.42125,15.5095415,6.1972885,22.0081
2015-10-02,12.43147,11.402357,20.482141,14.888716,18.963894,14.4442625,6.839753,6.3810487,18.3991,10.578894,0.0,17.10182,11.989798,10.382793,19.571129,24.486063,11.950897,7.0829644,0.0,8.558918,0.0,6.473108,7.0866685,0.0,5.9176884,6.2552276,6.624982,7.8648396,22.657967,0.0
2015-10-03,4.5401726,21.657688,8.765403,30.86917,30.419498,36.099716,9.7234535,29.055826,13.261192,18.08451,43.501804,22.390774,18.752369,15.870795,34.81244,0.0,18.924925,13.939278,42.01731,10.226145,12.988104,27.297697,21.109884,11.704817,16.364159,15.883343,21.998524,15.824006,13.282863,29.275215
2015-10-04,23.027088,42.585403,19.163568,21.393322,21.366203,28.815823,32.61911,49.04566,13.138958,29.058113,41.070755,33.899757,35.777874,30.385366,22.468058,22.557375,32.052715,37.23631,50.220245,27.392645,25.121862,46.640594,45.339916,46.933613,31.2304,45.008617,49.611893,37.34053,13.087263,50.727642
2015-10-05,20.945383,19.815317,25.556013,13.895977,14.523123,15.387211,24.708097,27.946327,7.3057437,24.388962,27.657967,21.74378,26.495035,25.395327,8.482415,13.614263,20.857098,23.930944,34.549942,23.540552,26.27207,16.541296,31.99416,22.831596,25.169086,25.990154,35.36092,30.469519,9.003013,34.532524
2015-10-06,4.56348,26.804697,4.56645,11.671698,10.431623,15.979203,11.40078,21.98545,8.697958,18.125517,19.677286,15.843815,26.243048,24.708408,10.124901,0.0,29.069885,26.218798,22.244204,26.735392,15.4109125,22.506073,23.803133,18.924776,23.25138,23.887728,22.064861,19.539005,7.9851627,19.139471
2015-10-07,0.0,9.134501,0.0,15.852974,22.197775,11.509177,0.0,7.347355,13.432668,8.765068,0.0,19.963829,13.955302,11.739744,15.725526,0.0,8.564005,0.0,11.061387,10.118869,0.0,8.633137,10.323095,0.0,8.826223,8.248839,10.953102,0.0,19.609682,11.35851
2015-10-08,0.0,15.337675,36.28998,23.52583,19.011307,23.817444,0.0,7.675888,25.860577,5.8419614,18.833448,26.47843,0.0,19.62728,25.226688,45.54443,8.591789,0.0,6.77518,16.662062,7.72871,12.807146,0.0,0.0,25.01714,0.0,0.0,0.0,25.70265,0.0
2015-10-09,12.129587,6.906649,22.162802,8.061981,27.055502,0.0,0.0,0.0,40.648014,5.996481,0.0,16.212395,0.0,3.4719644,37.146984,24.066168,0.5562671,0.0,3.4466193,6.8801036,0.0,0.0,0.0,0.0,0.0,0.0,0.0,0.0,41.178562,0.0
2015-10-10,6.1503587,16.992826,0.0,24.705536,25.039955,18.498526,6.0221486,7.6757536,13.982357,23.843557,9.203873,24.699968,22.276083,17.971687,13.302339,0.0,20.275383,6.47402,0.0,15.193594,15.875012,16.577976,13.516588,0.0,20.296541,12.404378,5.9796267,9.852578,13.767161,0.0
2015-10-11,5.4083357,24.912357,10.301635,18.414553,22.243496,18.917036,20.092665,23.405712,14.984794,35.185913,17.992651,34.225822,34.27501,38.287735,27.304869,13.040752,27.79062,25.186966,0.0,29.081747,39.337402,25.658804,19.26835,6.108075,33.64791,14.622429,19.784283,31.696264,17.044626,5.1502533
2015-10-12,13.010664,16.363157,49.899277,18.154171,12.342571,17.976604,35.627773,12.041355,0.0,12.919284,16.599947,14.210189,10.398203,12.545579,8.967292,27.697203,13.366872,19.841778,15.650425,16.1389,27.151566,16.976337,6.825513,3.775286,17.639498,10.754326,8.09207,34.499546,0.0,3.6519475
2015-10-13,13.09526,0.0,38.311115,0.0,0.0,0.0,11.748256,0.0,0.0,16.467913,0.0,0.0,9.9166,0.0,0.0,24.493124,0.0,9.197088,0.0,0.0,0.0,0.0,0.0,10.762822,0.0,6.1931796,0.0,13.9477625,0.0,0.0
2015-10-14,10.55893,0.0,12.868621,0.0,0.0,0.0,5.6466875,0.0,0.0,0.0,0.0,0.0,0.0,0.0,0.0,16.40817,0.0,0.0,0.0,0.0,0.0,0.0,0.0,3.7474597,0.0,0.0,0.0,0.0,0.0,0.0
2015-10-15,5.053295,0.0,8.225526,0.0,0.0,0.0,2.2028716,0.0,0.0,0.0,0.0,0.0,0.0,0.0,0.0,16.664879,0.0,0.0,0.0,0.0,0.0,0.0,0.0,0.0,0.0,0.0,0.0,0.0,0.0,0.0
2015-10-16,0.0,0.0,5.2525463,0.0,0.0,0.0,0.0,0.0,0.0,0.0,0.0,0.0,0.0,0.0,0.0,0.0,0.0,0.0,0.0,0.0,0.0,0.0,0.0,0.0,0.0,0.0,0.0,0.0,0.0,0.0
2015-10-17,4.277509,0.0,6.3984194,0.0,0.0,0.0,0.0,0.0,0.0,0.0,0.0,0.0,0.0,0.0,0.0,6.814236,0.0,0.0,10.4974985,0.0,0.0,0.0,0.0,0.0,0.0,0.0,0.0,0.0,0.0,10.418631
2015-10-18,23.702793,17.584839,29.952059,0.0,0.0,4.5486293,13.257846,13.0134325,0.0,5.1605034,14.711968,0.0,17.440504,0.0,0.0,28.431995,15.913184,17.297667,15.06857,0.0,0.0,6.30316,29.230925,23.810108,0.0,21.587566,25.994179,12.085806,0.0,16.94042
2015-10-19,12.545273,0.0,20.383558,19.158482,19.753315,11.846662,13.360312,0.0,0.0,9.192023,8.398727,16.292889,8.786401,11.214974,0.0,20.035465,4.5924554,11.425648,8.799724,12.36619,10.718969,0.0,5.3608747,10.7634535,12.632158,7.56128,0.0,12.664489,0.0,0.0
2015-10-20,6.0223284,4.657269,5.6594696,0.0,0.0,0.0,7.02309,0.0,0.0,4.4580812,0.0,0.0,1.2479372,0.0,0.0,5.474882,4.5391564,6.368866,0.0,5.64567,8.314944,0.0,0.0,5.6038737,0.0,6.7815537,0.0,3.9824314,0.0,0.0
2015-10-21,0.0,0.0,7.1553,0.0,0.0,0.0,0.0,0.0,0.0,6.8016415,0.0,0.0,0.0,0.0,0.0,7.28213,0.0,0.0,0.0,0.0,0.0,0.0,0.0,4.064662,0.0,0.0,0.0,0.0,0.0,0.0
2015-10-22,4.04686,0.0,15.01759,0.0,0.0,0.0,11.017525,0.0,0.0,11.784961,0.0,0.0,0.0,0.0,0.0,14.962821,0.0,5.2934422,0.0,0.0,0.0,0.0,0.0,4.7650323,0.0,0.0,0.0,17.069014,0.0,0.0
2015-10-23,12.597445,0.0,12.820476,0.0,0.0,0.0,7.7193413,0.0,4.738052,5.6585956,0.0,0.0,0.0,0.0,2.0665054,14.909153,0.0,0.0,0.0,0.0,0.0,0.0,0.0,0.0,0.0,0.0,0.0,0.0,0.0,0.0
2015-10-24,27.3887,5.5360737,25.57001,0.0,0.0,0.0,12.622948,0.0,0.0,0.0,1.4487755,0.0,4.6304054,0.0,0.0,19.068039,0.0,9.916477,10.191712,0.0,0.0,0.0,19.403881,25.759556,0.0,19.250443,15.247292,6.7852077,0.0,15.380625
2015-10-25,13.930978,0.0,23.082802,0.0,0.0,0.0,14.875589,0.0,0.0,17.624506,0.0,0.0,9.328133,5.5453253,0.0,29.595995,0.0,10.36543,24.836632,0.0,17.013409,0.0,10.545596,14.418881,0.0,13.494667,9.125209,14.3538065,0.0,22.67939
2015-10-26,21.217413,20.910666,24.157362,8.58778,0.0,12.408526,30.389172,8.182297,9.709868,18.085125,13.494458,4.1512876,31.199612,15.209448,11.447171,8.025264,12.810129,36.966305,31.636164,7.4207673,25.185598,9.026256,24.336292,24.355549,8.662566,30.761608,21.018314,11.768805,9.255523,29.4021
2015-10-27,0.0,10.132284,0.0,7.672154,0.0,14.167761,0.0,6.627638,9.26381,0.0,14.471378,0.0,0.0,0.0,10.913274,0.0,7.376478,0.0,5.926201,3.9937508,0.0,6.67558,7.861039,6.886212,0.0,6.133995,7.59663,0.0,7.3840556,7.0901804
2015-10-28,16.374886,15.353337,22.901157,12.453024,12.881858,10.145059,17.562262,7.50567,11.561954,9.307106,13.199577,7.9952607,9.682278,8.8140745,9.67529,15.868433,13.213609,15.523603,8.324505,17.142988,11.261643,16.70802,10.532653,7.174369,14.761152,6.356575,9.638176,17.103243,13.176909,8.476304
2015-10-29,7.5377526,10.315777,14.8713045,5.391872,2.8855522,6.194411,0.0,13.673681,17.150658,0.0,6.684323,0.0,7.5104914,0.0,17.01727,18.628538,7.6846995,9.8358,21.016161,0.0,2.4280303,7.0768805,12.548543,11.775178,0.0,10.752472,18.956516,0.0,8.221655,21.226692
2015-10-30,15.958527,12.217961,31.368689,11.484395,16.950571,11.071601,14.843303,11.593315,14.2651615,14.03186,11.23674,13.671165,8.037767,6.709552,15.447539,38.403664,7.5147004,8.053469,36.692944,7.875443,24.829311,12.567134,16.647337,19.818388,6.735115,12.778949,18.539726,20.206226,14.014517,26.7499
2015-10-31,29.141802,13.7995405,37.68111,13.0288925,11.30577,12.895429,29.231987,15.368404,33.823753,21.96375,20.323963,11.271547,22.989315,22.181082,26.889057,36.363567,11.533123,29.066347,32.802444,18.254648,23.511135,7.486056,29.75399,25.190998,21.664413,22.745174,29.559807,30.138336,35.072468,34.805843
2015-11-01,38.200497,31.90303,32.73876,37.316742,29.567616,49.091614,37.14794,30.318981,55.363728,28.127476,45.741554,26.07203,32.404972,27.679775,53.922462,16.647558,33.643253,35.39532,45.73907,34.64305,36.061012,27.92371,49.0299,52.59551,27.821045,51.61385,42.132973,34.48359,49.63062,48.744774
2015-11-02,24.763075,10.063558,24.663475,39.30889,17.465292,40.881886,8.985946,26.623447,0.0,19.990152,37.67891,21.293995,26.80978,18.110626,27.17453,22.337929,18.035297,16.132902,45.469635,12.012943,14.073958,6.586769,15.179034,16.200811,16.630745,13.75222,27.272144,23.177979,1.5197899,44.25308
2015-11-03,10.268942,26.449953,16.543882,43.79145,34.59409,39.84236,17.971891,12.780619,29.62733,36.635986,19.826578,44.921097,37.775898,27.728,31.490204,0.0,24.469755,20.621868,17.559225,31.816753,29.631895,29.520367,13.006345,9.872108,45.837883,9.599813,14.566557,34.331554,31.52233,16.166952
2015-11-04,18.290428,35.089394,26.537521,13.60089,11.06807,24.829723,23.085703,33.268105,0.0,41.840027,16.689209,26.897457,31.143913,44.38271,9.467148,24.40289,46.125053,22.148388,14.558553,48.205925,46.128635,32.23453,19.411188,23.306452,38.26779,21.555109,27.567253,33.82425,0.0,26.877922
2015-11-05,16.910135,26.042707,23.737291,10.84429,0.0,17.388792,22.176844,17.390614,0.0,23.69574,16.020334,10.426867,18.910908,25.282772,11.929498,25.771109,16.298111,22.387653,50.4704,19.343462,28.74729,22.405241,34.24209,23.949242,19.028614,23.60902,33.633396,26.601353,0.0,42.226585
2015-11-06,35.884247,11.538841,41.67398,9.155742,0.0,13.269788,17.70949,23.32121,0.0,7.7846026,23.518845,0.0,5.3885865,3.3557835,11.950473,41.79426,0.0,10.711646,30.99445,0.0,15.437796,19.482035,16.394997,15.479979,12.737659,14.076634,32.13925,19.011127,0.0,32.20697
2015-11-07,28.948717,16.181574,28.69791,21.089844,13.935564,42.982258,23.608032,35.493042,33.588543,12.997316,47.10398,4.1723986,15.715307,8.258219,31.338015,31.852648,12.785798,19.270266,42.45205,6.5222483,12.512435,18.658026,23.064331,24.475245,7.079729,22.89809,36.38315,22.289835,17.791162,36.9193
2015-11-08,28.297619,49.40333,25.549757,70.32619,57.125,80.39812,39.609592,90.21295,128.84732,53.54067,93.03556,43.818027,55.939262,56.02705,108.08634,28.578608,54.229763,46.78651,92.58956,49.225758,36.44674,54.455624,62.86309,44.529377,53.676437,46.693962,76.63279,44.728825,110.11698,79.715355
2015-11-09,39.709618,47.00108,37.761173,62.993195,49.99795,74.830894,43.05617,78.936325,81.608185,79.80667,81.23986,50.42301,59.440086,70.84479,76.49933,36.428772,60.39693,43.207973,81.26739,58.419,102.292694,54.82301,57.42263,37.220993,58.790413,36.57746,70.48102,55.188965,81.851456,72.03443
2015-11-10,0.0,11.328261,4.932218,27.66297,17.0684,40.061283,4.7760544,11.383776,62.446785,10.641857,35.694675,6.623379,12.1769285,13.295224,47.148197,0.0,10.848388,11.126254,29.685734,12.37327,15.615546,7.6664505,21.96883,11.752997,13.963703,13.878287,21.823402,10.569875,52.776943,27.998312
2015-11-11,7.767094,15.729043,8.218198,22.402893,19.658121,27.90978,8.901022,35.89584,22.786852,19.123266,36.25051,16.864403,19.284262,16.512178,30.260632,8.170311,14.535666,11.409696,36.54211,9.426994,25.050383,23.807549,16.876373,12.659276,19.724022,16.031923,18.11956,9.977447,27.016216,10.173884
2015-11-12,10.681529,3.3229396,7.8080935,17.161598,18.360834,9.718713,5.654444,0.0,33.179012,5.434877,0.0,4.1336465,5.2442985,5.8727646,24.093307,7.2330995,4.8349037,4.3482223,0.0,5.7356606,0.0,3.5425165,6.0220585,6.866841,5.3463497,5.362699,0.0,3.7446666,32.64215,5.4546814
2015-11-13,49.9816,10.228276,46.595325,47.06533,38.635426,37.07531,18.852705,4.8531156,71.8755,13.430022,23.094887,10.753388,15.191928,13.110752,63.81454,39.552795,11.403877,15.451415,16.935455,6.4626756,7.313681,5.9916906,30.202316,34.503353,6.914255,30.47322,15.127516,16.328722,64.354866,14.115357
2015-11-14,34.081974,40.502014,24.54325,53.65712,26.415516,65.71663,35.796432,62.53479,57.85992,23.066618,65.692024,27.51661,36.51244,25.21186,56.048176,25.57452,33.130344,35.39962,78.886215,29.827503,16.53692,33.10329,55.182785,46.945545,30.86687,42.72574,61.311714,29.391932,46.68044,74.26323
2015-11-15,38.972504,33.964325,26.05953,59.358368,53.417793,71.24795,37.173386,61.50925,96.37323,15.783482,71.46309,32.54839,32.002342,24.024658,89.610664,28.027212,23.305988,34.169876,63.358368,28.60895,19.742094,40.658745,50.932945,60.88518,33.603653,45.398052,51.115376,22.151896,94.87954,56.93709
2015-11-16,17.115768,24.800251,18.8544,90.02703,77.957466,57.506863,22.953815,29.395952,208.05705,21.30873,43.452137,17.9271,33.648495,13.414525,178.61295,13.870957,15.382833,29.126232,33.535324,23.429775,0.0,22.862112,30.323332,22.013071,25.826893,26.839083,25.28527,38.09884,182.38008,25.908104
2015-11-17,32.08007,11.667527,29.99788,0.0,0.0,0.0,37.410843,0.0,0.0,24.633808,0.0,0.0,29.664963,5.5424886,0.0,0.0,11.145596,35.144135,0.0,7.261007,0.0,0.0,13.592553,32.518753,0.0,21.356739,0.0,39.27548,0.0,0.0
2015-11-18,31.613708,16.578526,43.882874,0.0,12.643073,0.0,40.427288,5.996696,24.411171,34.71647,0.0,0.0,31.329203,0.0,18.716288,31.138504,11.173764,40.680027,19.512863,0.0,0.0,0.0,35.22036,28.84767,0.0,27.06888,22.096294,46.440144,15.229228,16.465197
2015-11-19,26.324915,15.799118,28.47213,30.821133,30.131512,64.036766,30.301107,31.485022,63.199116,19.09853,64.40229,0.0,19.859604,17.749166,61.72049,27.094315,15.8209505,25.992048,28.945086,17.046011,20.677391,21.696404,13.83792,15.688052,15.352836,14.219384,13.589929,30.326065,57.28379,9.300361
2015-11-20,31.069386,20.514843,26.181639,29.244205,23.279016,43.072628,15.953024,21.676884,36.20066,19.125414,50.27256,14.609316,17.394653,19.407763,36.38111,21.608871,14.800508,11.535094,34.506668,11.102943,26.553148,16.054104,21.462019,13.810911,15.425463,13.522755,21.268082,13.063406,30.544231,12.663869
2015-11-21,24.221087,17.741064,14.77209,44.170906,18.028885,45.357643,14.691927,17.58152,44.528687,8.277081,37.87012,13.162809,18.011522,0.0,58.780415,14.678414,9.942638,22.379217,23.397858,15.868952,8.938489,14.303072,24.362768,28.940039,15.872177,23.3105,24.67857,12.438512,29.703651,19.459423
2015-11-22,47.418514,66.02964,42.904236,143.12332,115.749756,149.681,38.52694,115.546074,147.82726,34.767124,146.35944,59.987892,37.08137,30.88832,148.27669,33.592194,48.529114,38.425785,149.58253,51.422924,8.86574,75.78622,59.484585,29.239868,72.57001,28.652292,122.58331,42.519417,148.53848,128.81465
2015-11-23,11.352885,18.809422,15.086863,78.92241,67.769875,63.31915,12.160272,28.344273,179.122,14.5632105,29.770071,17.541735,8.192018,11.853919,150.63539,0.0,16.699192,10.077288,61.515377,16.132555,16.937378,12.948401,21.260525,28.418427,13.362337,0.0,47.167854,8.098039,161.65497,61.515377
2015-11-24,25.500244,0.0,18.676394,18.409544,0.0,20.851507,0.0,0.0,0.0,0.0,0.0,0.0,0.0,0.0,19.583765,17.807606,0.0,0.0,0.0,0.0,0.0,0.0,0.0,10.514765,0.0,0.0,0.0,0.0,0.0,0.0
2015-11-25,0.0,0.0,0.0,18.409544,0.0,18.42042,0.0,0.0,0.0,0.0,0.0,0.0,0.0,0.0,21.881983,0.0,0.0,0.0,0.0,0.0,0.0,0.0,0.0,0.0,0.0,0.0,0.0,0.0,0.0,0.0
2015-11-26,0.0,0.0,0.0,7.1161404,2.5625384,8.277743,0.0,0.0,0.0,0.0,14.877604,0.0,0.0,0.0,7.252169,0.0,0.0,0.0,10.993685,0.0,0.0,0.0,0.0,0.0,0.0,0.0,0.0,0.0,0.0,0.0
2015-11-27,0.0,0.0,0.0,0.0,0.0,0.0,0.0,6.85078,0.0,0.0,8.8224,0.0,0.0,0.0,0.0,0.0,0.0,0.0,10.374494,0.0,0.0,0.0,0.0,0.0,0.0,0.0,6.997284,0.0,0.0,0.0
2015-11-28,5.317423,7.0182815,5.710499,0.0,0.0,0.0,0.0,0.0,13.344728,0.0,0.0,0.0,0.0,0.0,7.4545074,8.123951,4.522682,0.0,10.1095495,5.729966,0.0,7.624793,8.551424,5.8353615,6.3620024,5.926899,15.783082,0.0,8.006573,15.381103
2015-11-29,18.758242,30.308344,22.31622,23.440563,17.560755,32.270382,27.11662,40.786015,17.46681,17.128979,37.405685,18.95775,29.997145,21.805405,23.043959,9.761227,25.990608,31.868778,34.10078,28.118954,6.275871,30.833315,34.854015,30.737833,27.303284,32.722275,34.87172,27.020617,22.606825,31.368519
2015-11-30,13.112217,33.190445,14.984655,46.266155,40.175323,57.39243,11.156598,54.632122,79.64766,10.537524,60.27591,29.736256,10.06378,13.533314,67.632256,16.258478,18.088514,6.643889,60.09718,27.98781,15.537728,38.70188,31.468405,18.004082,38.716908,16.422903,51.498516,7.9002285,73.096054,55.96194
2015-12-01,30.79163,41.480537,29.85358,118.09456,116.29243,106.16784,19.2283,63.158436,183.82994,6.473353,79.38321,65.89641,11.98895,14.285197,156.24997,28.65049,12.918403,17.750435,69.04093,36.610493,0.0,57.606937,35.75783,30.737186,60.3451,21.537844,57.910492,19.107681,172.45586,63.10696
2015-12-02,22.667341,13.7333555,19.696894,67.03815,27.088697,77.258446,31.028084,61.33995,48.704945,18.078455,69.05376,9.257881,21.283245,6.1506724,79.41999,9.521679,5.198457,31.804401,66.481514,7.398437,0.0,34.811024,18.761553,26.161062,9.274063,14.214801,59.948574,36.29708,45.248783,64.1103
2015-12-03,7.323198,23.934172,9.15563,9.111598,0.0,30.158104,6.7566967,56.392597,0.0,0.0,48.94928,0.0,3.959047,0.0,8.004139,11.912234,11.0374365,4.864566,86.4252,4.746308,0.0,35.173706,27.90906,5.6540375,5.7450533,9.600888,61.36295,6.8491597,0.0,81.695175
2015-12-04,0.0,0.0,0.0,0.0,0.0,8.961496,0.0,8.074394,0.0,0.0,9.087274,0.0,0.0,0.0,14.062195,5.7483163,0.0,0.0,43.132442,0.0,0.0,0.0,7.8540387,11.8848715,0.0,6.7657437,10.009514,0.0,0.0,42.09458
2015-12-05,18.33613,6.7519884,16.272524,26.541473,11.208233,38.834145,14.161021,14.059958,36.89518,11.0261965,36.33946,6.3267784,9.758571,5.033659,32.016598,9.968872,5.4496017,9.391171,37.422783,5.113442,0.0,14.585234,8.010689,17.907618,12.552666,13.573071,9.695257,14.165333,21.127441,30.834335
2015-12-06,12.248347,30.579947,21.034458,11.988598,16.47193,9.031866,15.867118,31.352232,17.456526,17.8673,21.04004,0.0,9.922558,13.779186,24.727362,9.823596,22.113182,11.24036,46.26969,17.048035,7.0594573,32.23716,29.027845,11.615244,9.85271,10.572519,35.87362,17.46437,26.317398,44.87799
2015-12-07,22.436186,44.083397,25.349213,13.173668,0.0,33.770462,12.668761,79.3152,0.0,14.628394,83.86866,0.0,27.679829,5.937663,3.2331984,28.668982,31.903484,31.396002,101.95026,28.102776,26.16398,55.371223,55.822468,34.892178,26.985355,34.362644,85.3107,17.591425,0.0,98.20459
2015-12-08,42.719975,64.161224,57.33445,52.925083,12.752616,67.61942,39.7104,89.97654,0.0,42.59438,95.4147,40.63816,46.957993,22.78669,0.0,61.783752,49.69792,37.839954,163.44911,45.17775,16.340261,59.48906,67.84075,38.35746,50.477573,39.42126,98.37425,52.386944,0.0,162.43126
2015-12-09,0.0,9.714838,0.0,17.53059,7.6405673,31.583464,0.0,19.979927,0.0,0.0,45.19097,8.589399,0.0,0.0,0.0,3.4732146,6.887936,0.0,23.134846,0.0,0.0,15.936992,9.979559,0.0,0.0,0.0,20.097153,0.0,0.0,23.037685
2015-12-10,22.220005,0.0,21.559036,0.0,0.0,0.0,23.42232,0.0,0.0,0.0,0.0,0.0,9.455739,0.0,0.0,15.036975,0.0,0.9144311,0.0,0.0,0.0,0.0,0.0,30.559317,0.0,12.5590315,0.0,13.103634,0.0,0.0
2015-12-11,23.490746,0.0,24.779005,0.0,0.0,15.375569,21.597881,14.063865,0.0,0.0,17.72407,0.0,0.0,0.0,0.0,24.93962,0.0,16.156803,22.855865,0.0,0.0,0.0,13.015731,13.195656,0.0,10.302188,21.817455,18.154388,0.0,26.868967
2015-12-12,3.5030093,0.0,6.9833508,0.0,0.0,0.0,0.0,0.0,0.0,15.90007,0.0,0.0,0.0,0.0,0.0,7.3306394,0.0,0.0,0.0,0.0,20.574566,0.0,0.0,0.0,0.0,0.0,0.0,0.0,0.0,0.0
2015-12-13,5.815241,0.0,3.5328002,0.0,0.0,0.0,0.0,0.0,0.0,0.0,0.0,0.0,0.0,0.0,0.0,0.0,0.0,0.0,0.0,0.0,19.790077,0.0,0.0,0.0,0.0,0.0,0.0,0.0,0.0,0.0
2015-12-14,5.2276845,21.331808,12.896267,0.0,0.0,0.0,5.1060143,25.906218,0.0,8.45321,16.274172,4.729349,9.1547575,0.0,0.0,16.244083,4.1464343,9.856643,23.189087,0.0,27.802055,22.381037,17.665203,11.993086,4.7479877,8.252132,26.237473,0.0,0.0,26.73313
2015-12-15,5.03884,0.0,7.1147966,0.0,0.0,0.0,8.333569,0.0,0.0,0.0,0.0,0.0,0.0,0.0,0.0,5.697224,0.0,4.4810867,0.0,0.0,6.4423566,0.0,0.0,0.0,0.0,4.340885,0.0,0.0,0.0,0.0
2015-12-16,0.0,0.0,0.0,0.0,0.0,0.0,0.0,0.0,0.0,0.0,0.0,0.0,0.0,0.0,0.0,0.0,0.0,0.0,0.0,0.0,0.0,0.0,0.0,0.0,0.0,0.0,0.0,0.0,0.0,0.0
2015-12-17,18.8575,0.0,17.41137,0.0,0.0,0.0,0.0,0.0,0.0,0.0,0.0,0.0,0.0,0.0,0.0,11.479779,0.0,0.0,0.0,0.0,0.0,0.0,0.0,9.571657,0.0,0.0,0.0,0.0,0.0,3.3066669
2015-12-18,25.074276,0.0,39.156136,0.0,0.0,0.0,12.936062,0.0,0.0,0.0,0.0,0.0,0.0,0.0,0.0,44.973724,0.0,0.0,0.0,0.0,5.7362003,0.0,0.0,14.126643,0.0,0.0,0.0,1.8113772,0.0,0.0
2015-12-19,0.0,0.0,0.0,0.0,0.0,0.0,0.0,0.0,0.0,0.0,0.0,0.0,0.0,4.587168,0.0,2.8617325,0.0,0.0,0.0,0.0,4.5550914,0.0,0.0,9.07927,0.0,7.264828,0.0,0.0,0.0,0.0
2015-12-20,0.0,0.0,0.0,0.0,0.0,0.0,0.0,0.0,0.0,0.0,0.0,0.0,0.0,0.0,0.0,0.0,0.0,0.0,0.0,0.0,0.0,0.0,0.0,0.0,0.0,0.0,0.0,0.0,0.0,0.0
2015-12-21,0.0,0.0,0.0,0.0,0.0,0.0,0.0,0.0,0.0,0.0,0.0,0.0,0.0,7.208326,0.0,0.0,0.0,0.0,0.0,0.0,7.3407083,0.0,0.0,0.0,0.0,0.0,0.0,0.0,0.0,0.0
2015-12-22,0.0,0.0,0.0,0.0,0.0,0.0,0.0,0.0,0.0,0.0,0.0,0.0,0.0,0.0,0.0,0.0,0.0,0.0,0.0,0.0,0.0,0.0,0.0,0.0,0.0,0.0,0.0,0.0,0.0,0.0
2015-12-23,0.0,0.0,0.0,0.0,0.0,0.0,0.0,0.0,0.0,0.0,0.0,0.0,0.0,0.0,0.0,0.0,0.0,0.0,0.0,0.0,0.0,0.0,0.0,0.0,0.0,0.0,0.0,0.0,0.0,0.0
2015-12-24,0.0,0.0,0.0,0.0,0.0,0.0,0.0,0.0,0.0,0.0,0.0,0.0,0.0,0.0,0.0,0.0,0.0,0.0,0.0,0.0,0.0,0.0,0.0,0.0,0.0,0.0,0.0,0.0,0.0,0.0
2015-12-25,0.0,0.0,0.0,0.0,0.0,0.0,0.0,0.0,0.0,0.0,0.0,0.0,0.0,0.0,0.0,0.0,0.0,0.0,0.0,0.0,0.0,0.0,0.0,0.0,0.0,0.0,0.0,0.0,0.0,0.0
2015-12-26,0.0,0.0,0.0,0.0,0.0,0.0,0.0,0.0,0.0,0.0,0.0,0.0,0.0,0.0,0.0,0.0,0.0,0.0,0.0,0.0,0.0,0.0,0.0,0.0,0.0,0.0,0.0,0.0,0.0,0.0
2015-12-27,0.0,0.0,0.0,0.0,0.0,0.0,0.0,0.0,0.0,0.0,0.0,0.0,0.0,0.0,0.0,0.0,0.0,0.0,21.713964,0.0,0.0,0.0,0.0,0.0,0.0,0.0,0.0,0.0,0.0,23.42716
2015-12-28,29.118786,13.152631,12.433753,0.0,0.0,0.0,41.83912,26.132755,0.0,0.0,39.612854,0.0,20.103079,0.0,0.0,0.0,0.0,30.860031,51.751884,0.0,0.0,5.572035,42.55212,53.999874,0.0,45.511654,36.89349,0.0,0.0,47.54184
2015-12-29,0.0,0.0,0.0,0.0,0.0,0.0,0.0,0.0,0.0,6.268419,0.0,0.0,0.0,8.280685,0.0,0.0,0.0,0.0,0.0,0.0,10.958665,0.0,0.0,0.0,0.0,0.0,0.0,0.0,0.0,0.0
2015-12-30,0.0,0.0,0.0,0.0,0.0,0.0,0.0,0.0,0.0,0.0,0.0,0.0,0.0,0.0,0.0,0.0,0.0,0.0,0.0,0.0,0.0,0.0,0.0,0.0,0.0,0.0,0.0,0.0,0.0,0.0
2015-12-31,0.0,0.0,0.0,0.0,0.0,0.0,0.0,0.0,0.0,0.0,0.0,0.0,0.0,0.0,0.0,0.0,0.0,0.0,0.0,0.0,0.0,0.0,0.0,0.0,0.0,0.0,0.0,0.0,0.0,0.0
2016-01-01,0.0,0.0,0.0,0.0,0.0,0.0,0.0,0.0,0.0,0.0,0.0,0.0,0.0,0.0,0.0,0.0,0.0,0.0,0.0,0.0,0.0,0.0,0.0,0.0,0.0,0.0,0.0,0.0,0.0,0.0
2016-01-02,0.0,0.0,0.0,0.0,3.904224,0.0,0.0,0.0,0.0,0.0,0.0,3.9795778,0.0,0.0,0.0,0.0,0.0,0.0,0.0,0.0,0.0,0.0,0.0,0.0,0.0,0.0,0.0,0.0,3.9670708,0.0
2016-01-03,0.0,0.0,0.0,0.0,0.0,0.0,0.0,0.0,0.0,0.0,0.0,0.0,0.0,0.0,0.0,0.0,0.0,0.0,0.0,0.0,0.0,0.0,0.0,0.0,0.0,0.0,0.0,0.0,0.0,0.0
2016-01-04,0.0,0.0,0.0,3.8038998,0.0,0.0,0.0,0.0,0.0,0.0,0.0,4.924939,0.0,0.0,0.0,0.0,0.0,0.0,0.0,0.0,0.0,0.0,0.0,0.0,5.3373446,0.0,0.0,0.0,4.6703777,0.0
2016-01-05,0.0,4.6418567,3.8395379,5.4102545,5.544107,6.1550126,4.886771,6.0020022,7.566356,8.74059,6.499875,4.943209,6.862446,7.049888,6.8735156,0.0,2.9883273,4.4357066,5.693757,4.842841,9.39524,5.5212617,2.150728,0.0,5.4981194,1.8114822,5.2944803,7.1308928,6.7582903,4.893982
2016-01-06,0.0,0.0,0.0,4.985947,4.916223,5.583651,0.0,4.138424,0.0,0.0,4.9344215,5.481782,0.0,5.545922,4.5239725,0.0,0.0,0.0,5.990479,3.200144,3.574703,0.0,5.0971518,4.609577,5.272911,4.0202546,5.9762354,0.0,4.562445,6.0388656
2016-01-07,0.0,0.0,0.0,0.0,0.0,0.0,0.0,0.0,5.7317796,0.0,0.0,0.0,0.0,0.0,4.788063,0.0,0.0,0.0,0.0,0.0,0.0,0.0,0.0,0.0,0.0,0.0,0.0,0.0,6.2683635,0.0
2016-01-08,0.0,0.0,0.0,0.0,0.0,0.0,0.0,0.0,0.0,2.6912615,0.0,0.0,0.0,0.0,0.0,0.0,0.0,0.0,0.0,0.0,3.0014772,0.0,0.0,0.0,0.0,0.0,0.0,0.0,0.0,0.0
2016-01-09,0.0,0.0,0.0,0.0,0.0,0.0,0.0,0.0,0.0,0.0,0.0,0.0,0.0,0.0,0.0,0.0,0.0,0.0,0.0,0.0,0.0,0.0,0.0,0.0,0.0,0.0,0.0,0.0,3.7754092,0.0
2016-01-10,0.0,0.0,0.0,0.0,0.0,0.0,0.0,0.0,0.0,0.0,0.0,0.0,0.0,0.0,0.0,0.0,0.0,0.0,0.0,0.0,0.0,0.0,0.0,0.0,0.0,0.0,0.0,0.0,0.0,0.0
2016-01-11,1.9938405,0.0,0.0,0.0,3.0625427,0.0,1.9716791,4.707922,0.0,0.0,4.4516325,0.0,0.0,0.0,0.0,0.0,0.0,0.0,4.8186684,0.0,4.222443,2.7613368,0.0,3.1775432,0.0,0.0,4.707307,0.0,5.7116914,0.0
2016-01-12,0.0,5.3537407,0.0,6.0649166,4.867889,6.9585514,0.0,4.3869147,0.0,0.0,6.26897,5.6882877,3.5212114,5.556962,0.0,0.0,2.7469337,3.1475635,6.0302124,5.8669558,4.743909,6.0499167,5.078839,0.0,6.375266,3.593181,5.682741,0.0,5.6892095,6.0947347
2016-01-13,3.527458,0.0,3.7236946,8.96731,10.458389,6.867818,2.518642,0.0,0.0,0.0,0.0,0.0,1.6730844,2.566255,0.0,1.1467432,1.9649091,0.0,0.0,0.0,0.0,0.0,0.0,0.0,0.0,0.0,0.0,0.0,10.609871,0.0
2016-01-14,0.0,0.0,2.4053724,0.0,0.0,0.0,4.527538,0.0,0.0,4.4705057,0.0,0.0,4.338443,0.0,3.4455009,0.0,0.0,4.713448,0.0,0.0,0.0,0.0,0.0,0.0,0.0,0.0,0.0,5.5902057,0.0,0.0
2016-01-15,0.0,0.0,0.0,0.0,0.0,0.0,0.0,3.3446875,0.0,0.0,4.6377425,0.0,0.0,0.0,0.0,0.0,0.0,0.0,4.941122,0.0,0.0,0.0,0.0,0.0,0.0,0.0,0.0,0.0,0.0,2.81921
2016-01-16,0.0,0.0,0.0,0.0,0.0,0.0,0.0,0.0,0.0,0.0,0.0,0.0,0.0,0.0,0.0,0.0,0.0,0.0,0.0,0.0,0.0,0.0,0.0,0.0,0.0,0.0,0.0,0.0,0.0,0.0
2016-01-17,0.0,0.0,0.0,0.0,0.0,0.0,0.0,0.0,0.0,0.0,0.0,0.0,0.0,0.0,0.0,0.0,0.0,0.0,0.0,0.0,0.0,0.0,0.0,0.0,0.0,0.0,0.0,0.0,0.0,0.0
2016-01-18,0.0,0.0,0.0,0.0,0.0,0.0,0.0,0.0,0.0,0.0,0.0,0.0,0.0,0.0,0.0,0.0,0.0,0.0,8.069297,0.0,0.0,0.0,0.0,0.0,0.0,0.0,0.0,0.0,0.0,6.3958507
2016-01-19,0.0,0.0,0.0,0.0,0.0,0.0,0.0,0.0,0.0,0.0,0.0,0.0,0.0,0.0,0.0,0.0,0.0,0.0,0.0,0.0,0.0,0.0,0.0,0.0,0.0,0.0,0.0,0.0,0.0,0.0
2016-01-20,0.0,0.0,0.0,0.0,0.0,4.9452624,1.930043,0.0,2.6163573,0.0,0.0,0.0,0.0,0.0,0.0,0.0,0.0,0.0,0.0,0.0,0.0,0.0,5.507001,6.1516495,0.0,5.836153,0.0,0.0,1.8741817,0.0
2016-01-21,0.0,0.0,0.0,0.0,0.0,0.0,0.0,0.0,0.0,0.0,0.0,0.0,0.0,0.0,0.0,0.0,0.0,0.0,0.0,0.0,0.0,0.0,0.0,0.0,0.0,0.0,0.0,0.0,0.0,0.0
2016-01-22,0.0,0.0,0.0,0.0,0.0,0.0,0.0,0.0,0.0,0.0,0.0,0.0,0.0,0.0,0.0,0.0,0.0,0.0,0.0,0.0,0.0,0.0,0.0,0.0,0.0,0.0,0.0,0.0,0.0,0.0
2016-01-23,0.0,0.0,0.0,0.0,0.0,0.0,0.0,0.0,0.0,0.0,0.0,0.0,0.0,0.0,0.0,0.0,0.0,0.0,0.0,0.0,0.0,0.0,0.0,0.0,0.0,0.0,0.0,0.0,0.0,0.0
2016-01-24,0.0,0.0,0.0,0.0,0.0,0.0,0.0,0.0,0.0,0.0,0.0,0.0,0.0,0.0,0.0,0.0,0.0,0.0,5.475135,0.0,0.0,0.0,0.0,0.0,0.0,0.0,0.0,0.0,0.0,0.0
2016-01-25,0.0,0.0,0.0,0.0,0.0,0.0,0.0,0.0,0.0,0.0,0.0,0.0,0.0,0.0,0.0,0.0,0.0,0.0,0.0,0.0,0.0,0.0,0.0,0.0,0.0,0.0,0.0,0.0,0.0,0.0
2016-01-26,4.279072,4.706348,5.3618436,4.5786815,0.0,7.008363,5.130187,4.5041776,0.0,8.590844,5.532129,0.0,4.802322,5.4158034,0.0,0.0,0.0,4.67216,4.5989513,0.0,10.443559,6.299644,0.0,7.230682,5.7897716,5.637973,0.0,6.0276427,0.0,5.270551
2016-01-27,0.0,0.0,0.0,0.0,0.0,0.0,0.0,0.0,2.2423143,0.0,0.0,0.0,0.0,0.0,0.0,0.0,0.0,0.0,0.0,0.0,0.0,0.0,5.7255015,5.5230045,0.0,5.142949,0.0,0.0,0.0,0.0
2016-01-28,0.0,0.0,0.0,0.0,0.0,0.0,0.0,0.0,0.0,0.0,0.0,0.0,0.0,0.0,0.0,0.0,0.0,0.0,0.0,0.0,0.0,0.0,0.0,0.0,0.0,0.0,0.0,0.0,0.0,0.0
2016-01-29,0.0,0.0,0.0,0.0,0.0,0.0,0.0,0.0,0.0,0.0,0.0,0.0,0.0,0.0,0.0,0.0,0.0,0.0,0.0,0.0,0.0,0.0,3.4004464,0.0,0.0,0.0,3.3984418,0.0,0.0,0.0
2016-01-30,0.0,0.0,0.0,0.0,0.0,0.0,0.0,0.0,0.0,0.0,0.0,0.0,0.0,0.0,0.0,0.0,0.0,0.0,0.0,0.0,0.0,0.0,0.0,0.0,0.0,0.0,0.0,0.0,0.0,0.0
2016-01-31,6.7868133,2.9424334,15.90491,0.0,0.0,0.0,2.6885655,0.0,0.0,12.088791,0.0,0.0,1.7980769,0.0,0.0,15.104177,0.0,2.2899208,0.0,0.0,36.542023,2.3584638,1.0786855,0.0,0.0,0.0,2.3020012,1.792451,0.0,0.0
2016-02-01,12.4895115,3.689858,6.989994,0.0,0.0,0.0,10.586738,3.1373105,0.0,2.4106438,0.0,0.0,11.202065,2.1059346,0.0,0.0,1.4322045,12.05979,1.1583995,0.0,32.01307,3.1373105,2.5637844,15.781007,0.0,10.087571,0.0,9.639141,0.0,3.201395
2016-02-02,16.263288,4.2682104,32.857395,0.0,0.0,0.0,19.915071,0.0,0.0,12.941004,0.0,0.0,12.317319,0.0,0.0,27.779594,3.0714273,19.024324,0.0,0.0,14.681436,0.0,4.8140483,0.0,0.0,4.482106,0.0,26.019327,0.0,0.0
2016-02-03,0.0,0.0,0.0,0.0,0.0,0.0,0.0,0.0,0.0,22.984386,0.0,0.0,10.859315,6.7461295,0.0,0.0,4.586289,0.0,0.0,0.0,15.809197,0.0,0.0,7.04546,0.0,0.0,2.2253554,10.299047,0.0,0.0
2016-02-04,0.0,4.997521,0.0,4.819905,3.862283,4.779422,0.0,3.3970048,0.0,0.0,2.1696696,6.2216706,2.2653856,5.060083,0.0,8.743142,0.0,3.2638247,2.170287,5.540807,0.0,6.060615,4.2934237,4.9990044,7.8547873,4.4040647,3.4597754,0.0,0.0,1.361107
2016-02-05,11.448377,2.9023912,13.779821,0.0,0.0,0.0,5.022707,1.3261588,0.68857634,0.0,0.0,0.0,3.0717244,0.0,0.0,18.622599,3.8583827,0.38862622,6.1196218,1.6719962,0.0,0.0,7.192604,11.927083,0.0,10.306951,4.1552963,0.0,0.0,3.5140164
2016-02-06,5.343481,0.0,0.0,4.3387876,2.711711,5.217956,2.7082272,8.821256,5.7229705,0.0,11.261025,0.0,0.0,0.0,6.7972116,0.0,0.0,2.5708582,18.94848,0.0,0.0,0.0,4.7376137,15.142004,0.0,1.163572,10.556831,0.0,0.0,18.631496
2016-02-07,0.0,0.0,0.0,0.0,0.0,0.0,0.0,0.0,0.0,0.0,2.4348352,0.0,0.0,0.0,0.0,0.0,0.0,0.0,0.0,0.0,0.0,0.0,0.0,0.0,0.0,0.0,0.0,0.0,0.0,0.0
2016-02-08,0.0,0.0,0.0,0.0,0.0,0.0,0.0,0.0,0.0,0.0,0.0,0.0,0.0,0.0,0.0,6.583986,0.0,0.0,0.0,0.0,0.0,0.0,0.0,0.0,0.0,0.0,0.0,0.0,0.0,7.612585
2016-02-09,0.0,0.0,0.0,0.0,0.0,0.0,0.0,0.0,0.0,6.408701,2.497501,0.0,0.0,0.0,0.0,0.0,0.0,0.0,0.0,0.0,0.0,0.0,0.0,0.0,0.0,0.0,0.0,0.0,0.0,0.0
2016-02-10,0.0,0.0,12.924922,0.0,0.0,0.0,0.0,0.0,0.0,0.0,0.0,0.0,0.0,0.0,0.0,37.23317,0.0,0.0,0.0,0.0,2.8335006,0.0,0.0,0.0,0.0,0.0,0.0,0.0,0.0,0.0
2016-02-11,0.0,0.0,0.0,0.0,0.0,0.0,0.0,0.0,0.0,1.7822684,0.0,0.0,0.0,0.0,0.0,0.0,0.0,0.0,0.0,0.0,4.2747416,0.0,0.0,0.0,0.0,0.0,0.0,0.0,0.0,0.0
2016-02-12,0.0,0.0,0.0,0.0,0.0,0.0,0.0,0.0,0.0,0.0,0.0,0.0,0.0,0.0,0.0,0.0,0.0,0.0,2.991755,0.0,0.0,0.0,0.0,0.0,0.0,0.0,0.0,0.0,0.0,1.0168518
2016-02-13,0.0,0.0,0.0,0.0,0.0,0.0,0.0,0.0,0.0,0.0,0.0,0.0,0.0,0.0,0.0,0.0,0.0,0.0,0.0,0.0,0.0,0.0,0.0,0.0,0.0,0.0,0.0,0.0,0.0,0.0
2016-02-14,0.0,0.0,0.0,0.0,0.0,0.0,0.0,0.0,0.0,0.0,0.0,0.0,0.0,0.0,0.0,0.0,0.0,0.0,0.0,0.0,0.0,0.0,0.0,0.0,0.0,0.0,0.0,0.0,0.0,2.1289802
2016-02-15,0.0,0.548746,8.268589,0.0,0.0,0.0,0.0,0.0,0.0,0.0,0.0,0.0,0.0,0.0,0.0,9.998725,0.0,0.0,0.0,2.1971302,0.0,2.77571,1.2573067,1.5197904,2.763462,1.0180746,0.0,0.0,0.0,0.0
2016-02-16,0.0,0.0,0.0,0.0,0.0,0.0,0.0,0.0,0.0,0.0,0.0,0.0,0.0,0.0,0.0,0.0,0.0,0.0,0.0,0.0,0.0,0.0,0.0,0.0,0.0,0.0,0.0,0.0,0.0,0.0
2016-02-17,29.043589,0.0,17.789637,0.0,0.0,0.0,0.0,0.0,0.0,0.0,0.0,0.0,0.0,0.0,0.0,3.13341,0.0,0.0,0.0,0.0,0.0,0.0,0.0,0.0,0.0,0.0,0.0,0.0,0.0,0.0
2016-02-18,10.120119,0.0,12.134709,0.0,0.0,0.0,8.797079,0.0,0.0,0.0,0.0,0.0,0.0,0.0,0.0,6.565031,0.0,0.0,0.0,0.0,0.0,0.0,0.0,0.0,0.0,0.0,0.0,0.0,0.0,0.0
2016-02-19,0.0,0.0,0.0,0.0,0.0,0.0,0.0,0.0,0.0,0.0,0.0,0.0,0.0,0.0,0.0,0.0,0.0,0.0,0.0,0.0,0.0,0.0,0.0,0.0,0.0,0.0,0.0,0.0,0.0,0.0
2016-02-20,0.0,0.0,0.0,0.0,0.0,0.0,0.0,0.0,0.0,0.0,0.0,0.0,0.0,0.0,0.0,0.0,0.0,0.0,0.0,0.0,0.0,0.0,0.0,0.0,0.0,0.0,0.0,0.0,0.0,0.0
2016-02-21,0.0,0.0,0.0,0.0,0.0,0.0,0.0,0.0,0.0,0.0,0.0,0.0,0.0,0.0,0.0,0.0,0.0,0.0,0.0,0.0,0.0,0.0,0.0,0.0,0.0,0.0,0.0,0.0,0.0,0.0
2016-02-22,0.0,0.0,0.0,0.0,0.0,0.0,0.0,0.0,0.0,0.0,0.0,0.0,0.0,0.0,0.0,0.0,0.0,0.0,0.0,0.0,0.0,0.0,0.0,0.0,0.0,0.0,0.0,0.0,0.0,0.0
2016-02-23,0.0,0.0,0.0,0.0,0.0,0.0,0.0,0.0,0.0,0.0,0.0,0.0,0.0,0.0,0.0,0.0,0.0,0.0,0.0,0.0,0.0,0.0,0.0,0.0,0.0,0.0,0.0,0.0,0.0,0.0
2016-02-24,0.0,0.0,0.0,0.0,0.0,0.0,0.0,0.0,0.0,0.0,0.0,0.0,0.0,0.0,0.0,0.0,0.0,0.0,0.0,0.0,3.70138,0.0,0.0,0.0,0.0,0.0,0.0,0.0,0.0,0.0
2016-02-25,0.0,0.0,12.126589,0.0,0.0,0.0,12.2806,0.0,0.0,2.456518,0.0,2.147566,0.0,4.512246,0.0,11.775927,0.0,0.8195458,0.0,0.0,14.535507,0.0,0.0,0.0,2.799271,0.0,1.2635417,4.5840344,0.0,1.1984439
2016-02-26,3.998414,0.0,0.0,0.0,0.0,0.0,0.0,0.0,0.0,0.0,0.0,0.0,0.0,0.0,0.0,0.0,0.0,0.0,0.0,0.0,0.0,0.0,0.0,0.0,0.0,0.0,0.0,0.0,0.0,0.0
2016-02-27,0.0,0.0,0.0,0.0,0.0,3.9869027,0.0,0.0,0.0,0.0,0.0,0.0,0.0,0.0,0.0,0.0,0.0,0.0,0.0,3.6056778,0.0,0.0,0.0,0.0,4.1598015,0.0,0.0,0.0,0.0,0.0
2016-02-28,0.0,0.0,2.8414078,0.0,0.0,0.0,3.7670436,0.0,0.0,8.451015,0.0,0.0,3.9793127,0.0,0.0,12.234933,0.0,3.0977347,0.0,0.0,0.0,0.0,0.0,0.0,0.0,0.0,0.0,4.7263427,0.0,0.0
2016-02-29,0.0,0.0,0.0,1.6463914,0.0,4.095075,0.0,0.0,0.0,0.0,0.0,0.0,0.0,0.0,1.5475935,0.0,0.49543896,0.0,0.0,0.0,0.97655755,0.0,0.0,0.0,0.0,0.0,0.0,0.0,0.0,0.0
2016-03-01,0.0,0.0,0.0,2.676725,2.4266315,3.2549527,0.0,2.588692,0.0,5.741244,1.3497634,3.905204,0.0,4.677188,0.0,0.0,0.0,2.2045617,0.0,0.0,9.253555,2.4938507,0.0,0.0,3.4376416,0.0,3.4910693,3.4052432,0.0,3.127255
2016-03-02,0.0,0.0,0.0,0.0,0.0,0.0,0.0,0.0,0.0,0.0,0.0,0.0,0.0,0.0,0.0,0.0,0.0,0.0,0.0,0.0,0.0,0.0,0.0,0.0,0.0,0.0,0.0,0.0,0.0,0.0
2016-03-03,0.0,0.0,0.0,0.0,0.0,0.0,0.0,0.0,0.0,0.0,0.0,0.0,0.0,0.0,0.0,0.0,0.0,0.0,0.0,0.0,0.0,0.0,0.0,0.0,0.0,0.0,0.0,0.0,0.0,0.0
2016-03-04,0.0,0.0,0.0,1.0466875,0.0,0.0,1.8182931,0.0,0.0,3.9704702,0.0,0.0,0.0,0.0,0.0,2.3570368,0.0,2.2226684,0.0,0.0,0.0,0.0,0.0,0.0,0.0,2.0543861,2.0993261,0.0,0.0,3.284055
2016-03-05,0.0,0.0,0.0,0.0,0.0,0.0,0.0,0.0,0.0,8.551823,0.0,0.0,0.0,1.3564459,0.0,0.0,0.0,0.0,0.0,0.0,10.031473,0.0,0.0,0.0,0.0,0.0,0.0,0.0,0.0,0.0
2016-03-06,0.0,0.0,0.0,0.0,0.0,0.0,0.0,0.0,0.0,4.599433,0.0,0.0,0.0,0.0,0.0,0.0,0.0,0.0,0.0,0.0,0.0,0.0,0.0,0.0,0.0,0.0,0.0,0.0,0.0,0.0
2016-03-07,0.0,0.0,0.0,0.0,0.0,0.0,0.0,0.0,0.0,0.0,0.0,0.0,0.0,0.0,0.0,0.0,0.0,0.0,0.0,0.0,6.0044503,0.0,0.0,0.0,0.0,0.0,0.0,0.0,0.0,0.0
2016-03-08,0.0,0.0,0.0,0.0,0.0,0.0,0.0,0.0,0.0,0.0,0.0,0.0,0.0,0.0,0.0,0.0,0.0,0.0,0.0,0.0,0.0,0.0,0.0,0.0,0.0,0.0,0.0,0.0,0.0,0.0
2016-03-09,0.0,0.0,0.0,0.0,0.0,0.0,0.0,0.0,0.0,4.989196,0.0,0.0,0.0,0.0,0.0,0.0,0.0,0.0,0.0,0.0,5.791159,0.0,0.0,0.0,0.0,0.0,0.0,0.0,0.0,0.0
2016-03-10,0.0,0.0,0.0,0.0,0.0,0.0,0.0,2.5550127,0.0,5.468436,0.0,0.0,0.0,0.0,0.0,0.0,0.0,0.0,0.0,0.0,8.213201,0.0,0.0,0.0,0.0,0.0,1.5217204,0.0,0.0,0.0
2016-03-11,7.7195425,2.2606359,9.03166,0.0,3.926398,0.0,6.7248054,2.0672414,0.0,10.279431,0.0,0.0,5.935423,3.9063346,0.0,4.4104543,3.2452059,5.41413,0.0,0.0,0.0,0.0,1.7336676,1.9970578,0.0,2.5451443,0.0,11.325122,4.3495264,0.0
2016-03-12,4.132968,1.9160455,6.069676,0.0,0.0,0.0,6.441907,0.0,0.0,9.174693,0.0,0.0,6.593482,6.330586,0.0,0.0,0.0,6.9195457,0.0,0.0,0.0,0.0,2.8678398,2.4856954,0.0,3.162435,0.0,9.133723,0.0,0.0
2016-03-13,0.0,0.0,5.74983,0.0,2.9698248,0.0,4.8398,0.0,0.0,5.305093,0.0,0.0,3.7699127,7.2809167,0.0,6.0189915,0.0,0.0,0.0,0.0,1.5600153,0.0,0.0,0.0,4.0065727,0.0,0.0,4.485016,2.9557695,0.0
2016-03-14,0.0,0.0,6.134677,3.3412447,5.9013996,0.0,0.0,0.0,0.0,0.0,0.0,5.9424686,0.0,0.0,0.0,6.506125,0.0,0.0,0.0,0.0,0.0,0.0,0.0,0.0,4.135001,0.0,0.0,0.0,0.0,0.0
2016-03-15,4.64106,0.0,9.614063,0.0,10.281368,0.0,10.895194,0.0,0.0,7.850004,0.0,0.0,10.037426,4.15449,0.0,3.569054,0.0,10.490577,0.0,0.0,0.0,0.0,2.314726,2.147822,3.7060485,2.8608994,0.0,13.1553,0.9464381,0.0
2016-03-16,0.0,0.0,0.0,6.253586,5.5603256,5.31014,0.0,0.0,0.0,0.0,0.0,6.1676702,0.0,8.897657,2.6762388,0.0,0.0,0.0,0.0,0.0,4.8948298,0.0,0.0,0.0,5.6277666,0.0,0.0,0.0,0.0,0.0
2016-03-17,0.0,0.0,0.0,0.0,0.0,0.0,0.0,0.0,0.0,0.0,0.0,0.0,0.0,0.0,0.0,0.0,0.0,0.0,0.0,0.0,0.0,0.0,0.0,0.0,0.0,0.0,0.0,0.0,0.0,0.0
2016-03-18,0.0,0.0,0.0,0.0,0.0,0.0,0.0,0.0,0.0,4.3717165,0.0,0.0,0.0,0.0,0.0,0.0,0.0,0.0,0.0,0.0,6.793318,0.0,0.0,0.0,0.0,0.0,0.0,0.0,0.0,0.0
2016-03-19,0.0,0.0,0.0,0.0,0.0,0.0,0.0,0.0,0.0,0.0,0.0,0.0,0.0,0.0,0.0,0.0,0.0,0.0,0.0,0.0,0.0,0.0,0.0,0.0,0.0,0.0,0.0,0.0,0.0,0.0
2016-03-20,0.0,0.0,0.0,0.0,0.0,0.0,0.0,0.0,0.0,0.0,0.0,0.0,0.0,0.0,0.0,0.0,0.0,0.0,0.0,0.0,0.0,0.0,0.0,0.0,0.0,0.0,0.0,0.0,0.0,0.0
2016-03-21,0.0,0.0,0.0,0.0,0.0,0.0,0.0,0.0,0.0,0.0,0.0,0.0,0.0,0.0,0.0,3.575194,0.0,0.0,0.0,0.0,0.0,0.0,0.0,0.0,0.0,0.0,0.0,0.0,0.0,0.0
2016-03-22,0.0,0.0,0.0,0.0,0.0,0.0,0.0,0.0,0.0,0.0,0.0,0.0,0.0,0.0,0.0,0.0,0.0,0.0,0.0,0.0,6.600442,0.0,0.0,0.0,0.0,0.0,0.0,0.0,0.0,0.0
2016-03-23,0.0,0.0,0.0,0.0,0.0,0.0,0.0,0.0,0.0,0.0,0.0,0.0,0.0,0.0,0.0,4.299402,0.0,0.0,0.0,0.0,0.0,0.0,0.0,0.0,0.0,0.0,0.0,0.0,0.0,0.0
2016-03-24,0.0,0.0,0.0,0.0,0.0,0.0,0.0,0.0,0.0,0.0,0.0,0.0,0.0,0.0,0.0,0.0,0.0,0.0,0.0,0.0,0.0,0.0,0.0,0.0,0.0,0.0,0.0,6.2555623,0.0,0.0
2016-03-25,0.0,0.0,0.0,0.0,0.0,0.0,0.0,0.0,0.0,0.0,0.0,0.0,0.0,0.0,0.0,0.0,0.0,0.0,0.0,0.0,0.0,0.0,0.0,0.0,0.0,0.0,0.0,0.0,0.0,0.0
2016-03-26,0.0,0.0,0.0,0.0,0.0,0.0,0.0,0.0,0.0,0.0,0.0,0.0,0.0,0.0,0.0,0.0,0.0,0.0,0.0,0.0,0.0,0.0,0.0,0.0,0.0,0.0,0.0,0.0,0.0,0.0
2016-03-27,0.0,0.0,0.0,0.0,0.0,0.0,0.0,0.0,0.0,0.0,0.0,0.0,0.0,0.0,0.0,0.0,0.0,0.0,0.0,0.0,0.0,0.0,0.0,0.0,0.0,0.0,0.0,0.0,0.0,0.0
2016-03-28,6.4799976,6.9947104,7.7108226,3.4146757,4.1256456,5.982406,10.565203,3.287649,0.0,6.8602943,0.0,4.321145,6.9678698,5.7047925,0.0,0.0,5.1652603,10.384143,0.0,6.816412,7.7696958,7.0780883,5.8751,8.523632,7.1008787,6.899634,4.449875,10.559055,0.0,0.0
2016-03-29,9.574267,0.0,7.7518463,0.0,0.0,0.0,7.9626894,0.0,0.0,6.2762547,0.0,0.0,7.4249787,0.0,0.0,0.0,0.0,5.999627,3.933924,0.0,0.0,0.0,1.145638,6.6356874,0.0,6.131323,0.0,8.616543,0.0,3.69391
2016-03-30,0.0,0.0,0.0,0.0,0.0,0.0,0.0,0.0,0.0,0.0,0.0,0.0,0.0,0.0,0.0,0.0,0.0,0.0,0.0,0.0,10.284813,0.0,0.0,0.0,0.0,0.0,0.0,0.0,0.0,0.0
2016-03-31,0.0,0.0,0.0,0.0,0.0,0.0,0.0,0.0,0.0,0.0,0.0,0.0,0.0,0.0,0.0,0.0,0.0,0.0,0.0,0.0,0.0,0.0,0.0,0.0,0.0,0.0,0.0,0.0,0.0,0.0
2016-04-01,0.0,0.0,0.0,0.0,0.0,0.0,0.0,0.0,0.0,0.0,0.0,0.0,0.0,0.0,0.0,0.0,0.0,0.0,0.0,0.0,0.0,0.0,0.0,0.0,0.0,0.0,0.0,0.0,0.0,0.0
2016-04-02,0.0,0.0,0.0,0.0,0.0,0.0,0.0,0.0,0.0,0.0,0.0,0.0,0.0,0.0,0.0,0.0,0.0,0.0,0.0,0.0,0.0,0.0,0.0,0.0,0.0,0.0,0.0,0.0,0.0,0.0
2016-04-03,0.0,0.0,0.0,0.0,0.0,0.0,0.0,0.0,0.0,0.0,0.0,0.0,0.0,0.0,0.0,0.0,0.0,0.0,0.0,0.0,2.837814,0.0,0.0,0.0,0.0,0.0,0.0,0.0,0.0,0.0
2016-04-04,3.4725888,0.0,6.7147474,0.0,0.0,0.0,0.0,0.0,0.0,0.0,0.0,0.0,0.0,0.0,0.0,0.0,0.0,0.0,0.0,0.0,0.0,0.0,0.0,0.0,0.0,0.0,0.0,0.0,0.0,0.0
2016-04-05,4.013317,0.0,10.717729,2.5530972,0.0,0.0,1.3750883,0.0,0.0,0.0,0.0,0.0,0.0,0.0,0.0,13.156467,0.0,1.0909779,0.0,0.0,3.028476,0.0,0.0,0.0,0.0,0.0,0.0,0.0,0.0,0.0
2016-04-06,2.661134,0.0,4.6924024,0.0,0.0,0.0,4.8506308,0.0,0.0,0.0,0.0,0.0,0.0,0.0,0.0,5.3058386,0.0,4.250948,0.0,0.0,0.0,0.0,0.0,0.0,0.0,0.0,0.0,5.2853765,0.0,0.0
2016-04-07,0.0,0.0,3.4187307,0.0,0.0,0.0,0.0,0.0,0.0,0.0,0.0,4.402705,0.0,4.68591,0.0,0.0,0.0,0.0,0.0,0.0,0.0,0.0,0.0,0.0,4.853876,0.0,0.0,0.0,5.3709993,0.0
2016-04-08,0.0,4.3051577,5.368658,0.0,0.0,3.1207304,3.6873384,0.0,0.0,10.777183,0.0,6.7450805,5.3014374,12.121236,0.0,0.0,1.4203228,1.8615099,0.0,5.9530835,16.51374,3.4842517,0.0,4.21245,6.77921,4.2169623,2.3929396,7.19183,0.0,1.7436208
2016-04-09,7.0989213,9.199247,12.028344,7.203276,0.0,7.1520505,11.6225,0.0,0.0,13.793743,0.0,8.6592245,14.496492,7.480769,0.0,12.280651,8.164506,12.803291,0.0,7.056647,9.53579,0.0,9.09921,9.7494,7.7169495,9.470683,0.0,16.381756,0.0,0.0
2016-04-10,0.0,0.0,0.0,0.0,0.0,0.0,4.5479264,0.0,0.0,2.7908552,0.0,0.0,4.9886427,0.0,0.0,0.0,0.0,4.919312,0.0,0.0,0.0,0.0,0.0,4.217375,0.0,9.014216,0.0,5.4252605,0.0,0.0
2016-04-11,0.0,0.0,1.1808535,2.607891,2.6938927,0.0,3.7729769,0.0,0.0,0.0,0.0,0.0,0.0,0.0,0.0,5.001637,0.0,3.190696,0.0,0.0,0.0,0.0,0.0,0.0,0.0,0.0,0.0,3.8720543,0.0,0.0
2016-04-12,0.0,0.0,0.0,0.0,0.0,0.0,0.0,0.0,0.0,0.0,0.0,0.0,0.0,0.0,0.0,0.0,0.0,0.0,0.0,0.0,0.0,0.0,0.0,0.0,0.0,0.0,0.0,0.0,0.0,0.0
2016-04-13,0.0,0.0,0.0,0.0,0.0,0.0,0.0,0.0,0.0,0.0,0.0,0.0,0.0,3.626934,0.0,0.0,0.0,0.0,0.0,0.0,0.0,0.0,0.0,0.0,0.0,0.0,0.0,0.0,0.0,0.0
2016-04-14,4.9805408,0.0,11.767507,0.0,0.0,0.0,7.741338,0.0,0.0,11.520416,0.0,2.3823893,11.935687,1.0057297,0.0,9.488276,0.0,6.324971,0.0,0.0,9.070502,0.0,0.0,0.0,2.3236775,0.0,0.0,12.650932,0.0,0.0
2016-04-15,2.1365926,0.0,2.1181886,0.0,0.0,0.0,0.0,0.0,0.0,7.04861,0.0,0.0,4.954206,0.0,0.0,0.0,0.0,0.0,2.9399488,0.0,2.6682088,0.0,0.0,0.0,0.0,0.0,0.0,7.825415,0.0,1.7902329
2016-04-16,0.0,0.0,3.6790757,0.0,0.0,0.0,6.44867,0.0,0.0,0.0,0.0,4.685137,3.2474585,4.316687,0.0,0.0,0.0,6.265716,0.0,0.0,2.1891878,0.0,0.0,0.0,1.3651148,0.0,0.0,7.557649,0.0,0.0
2016-04-17,8.739818,0.0,7.973884,0.0,0.0,0.0,4.837598,0.0,0.0,0.0,0.0,0.66382545,0.0,1.5397502,0.0,9.295447,0.0,0.0,0.0,0.0,3.4433334,0.0,0.0,2.419916,0.0,0.0,0.0,0.0,0.0,0.0
2016-04-18,4.24435,0.0,6.4738464,0.0,0.0,0.0,4.9943013,0.0,0.0,0.0,0.0,0.0,0.0,0.0,0.0,7.268009,0.0,2.477732,0.0,0.0,0.0,0.0,0.0,0.0,0.0,0.0,0.0,0.0,0.0,0.0
2016-04-19,0.0,0.0,6.2261696,0.0,0.0,0.0,5.108305,0.0,0.0,7.4908714,0.0,0.0,0.0,0.0,0.0,5.1929665,0.0,1.8686788,0.0,0.0,0.0,0.0,0.0,0.0,0.0,0.0,0.0,10.388309,0.0,0.0
2016-04-20,6.1414814,0.0,13.533334,0.0,2.4483309,0.0,6.124046,0.0,0.0,4.9804196,0.0,0.0,3.5267828,2.3953884,0.0,21.361347,0.0,1.6603885,0.0,0.0,2.5901237,0.0,0.0,0.0,0.0,0.0,0.0,5.720617,0.0,0.0
2016-04-21,9.699441,0.0,3.759353,0.0,0.0,0.0,11.370502,0.0,0.0,4.9004345,0.0,0.0,0.0,3.5147216,0.0,6.4208765,0.0,5.4521985,3.0634403,2.5166607,4.9329996,0.0,0.0,12.202728,2.708202,4.3269644,0.0,2.4668338,0.0,1.5554444
2016-04-22,0.0,0.0,0.0,0.0,0.0,0.0,0.0,0.0,0.0,2.904073,0.0,0.0,0.0,3.698971,0.0,0.0,0.0,0.0,0.0,0.0,4.970608,0.0,0.0,0.0,0.0,0.0,0.0,0.0,0.0,0.0
2016-04-23,0.0,4.1512265,0.0,0.0,0.0,0.0,0.0,0.0,0.0,0.0,0.0,0.0,7.7073517,0.0,0.0,0.0,2.976458,4.8995686,0.0,3.5970812,0.0,3.6077673,2.659464,0.0,3.6105428,3.5825288,0.0,7.7729745,0.0,0.0
2016-04-24,0.0,6.8595395,3.7521765,3.5621674,0.0,8.078832,7.15,0.0,0.0,2.2946863,5.37526,7.0312457,4.720904,2.2939765,0.0,0.0,3.384382,7.5484576,0.0,6.277308,0.0,8.973993,0.0,0.0,9.081678,0.0,0.0,9.463462,0.0,0.0
2016-04-25,8.122345,0.0,8.532617,0.0,0.0,0.0,8.119669,0.0,0.0,3.3620474,0.0,9.046369,3.103894,1.5564097,0.0,0.0,0.0,3.7660172,0.0,0.0,0.0,0.0,0.0,0.0,0.0,0.0,0.0,4.0388827,0.0,0.0
2016-04-26,3.6976402,0.0,4.936691,0.0,0.0,0.0,0.0,0.0,0.0,6.011231,0.0,0.0,0.0,2.167946,0.0,6.0264654,0.0,0.0,0.0,0.0,3.1018918,0.0,0.0,0.0,0.0,0.0,0.0,0.0,0.0,0.0
2016-04-27,0.0,0.92559123,3.6322563,0.0,0.0,0.0,4.227446,0.0,0.0,0.0,0.0,0.0,0.0,0.0,3.6004748,4.166049,0.9208996,3.152572,0.0,0.0,0.0,0.0,0.8524436,0.0,0.0,0.0,0.0,4.0566053,0.0,0.0
2016-04-28,4.651426,0.0,9.071396,0.0,0.0,0.0,8.004757,0.0,0.0,3.4671104,0.0,0.0,0.0,0.0,0.0,0.0,0.0,4.468115,0.0,0.0,0.0,0.0,0.0,0.0,0.0,0.0,0.0,6.665777,0.0,0.0
2016-04-29,0.0,0.0,0.0,0.0,0.0,0.0,2.6076436,0.0,0.0,4.0086126,0.0,0.0,3.0576773,0.0,0.0,0.0,0.0,0.45810306,0.0,0.0,0.0,0.0,0.0,0.0,0.0,0.0,0.0,3.5821068,0.0,0.0
2016-04-30,4.5510006,0.0,7.505294,2.4428365,0.0,0.0,4.9099083,0.0,0.0,8.694702,0.0,0.0,8.592305,3.6150105,0.0,6.6186295,2.7543848,4.982224,0.0,0.0,0.0,0.0,0.0,2.306803,0.0,2.244631,0.0,9.830932,0.0,0.0
2016-05-01,0.0,0.0,0.0,0.0,0.0,0.0,4.502094,0.0,0.0,0.0,0.0,0.0,0.0,0.0,0.0,0.0,0.0,4.22497,0.0,0.0,0.0,0.0,0.0,0.0,0.0,0.0,0.0,4.186251,0.0,0.0
2016-05-02,0.0,0.0,0.0,0.0,3.3138025,1.1978116,0.59353423,0.0,0.0,0.0,0.0,8.948956,0.0,6.543642,0.0,0.0,0.0,0.0,0.0,3.1256363,3.947411,0.0,0.0,0.0,5.425211,0.0,0.0,0.0,0.0,0.0
2016-05-03,0.0,0.0,5.5643425,0.0,0.0,0.0,5.5083756,0.0,0.0,6.1379704,0.0,10.221519,2.9045546,10.308232,0.0,0.0,0.0,3.4354606,0.0,5.7128696,9.197279,0.0,0.0,0.0,9.015398,0.0,0.0,3.3934517,0.0,0.0
2016-05-04,8.777343,0.0,13.081936,0.0,0.0,0.0,7.222446,0.0,0.0,5.727396,0.0,5.2074146,3.4723756,8.687945,0.0,12.947091,0.0,4.6486063,5.5422487,0.0,7.0007014,0.0,0.0,4.9589763,4.6533914,0.0,3.2107017,5.555575,0.0,5.667622
2016-05-05,0.0,5.439708,6.4499435,8.982843,12.704913,3.037742,4.9615245,7.007867,0.0,9.975524,0.0,21.023006,9.825603,17.31862,3.9368343,0.0,6.0156164,4.654098,6.1802893,7.06197,11.689505,3.0532613,2.0567975,0.0,13.101934,0.0,6.7714815,10.628815,4.178407,6.6226993
2016-05-06,0.0,23.436998,4.0785837,20.318953,14.899006,20.590822,0.0,16.380201,4.7139373,12.3806925,15.349324,18.983072,14.121812,17.377634,12.632291,0.0,15.628453,6.0622044,9.757912,22.985493,8.864931,23.473087,9.877012,4.426605,23.04705,5.769091,12.356295,10.880358,7.7330594,10.122096
2016-05-07,6.5894537,4.2318397,17.471012,0.0,0.0,0.0,10.087383,0.0,0.0,6.337909,0.0,0.0,11.011372,9.32638,0.0,9.599014,12.012535,9.486558,0.0,7.3475547,9.994404,0.0,5.75285,4.0638204,0.0,6.9712787,0.0,9.349004,0.0,0.0
2016-05-08,5.8853035,14.261963,6.9709983,10.649452,7.1359935,13.199076,10.086748,13.845303,0.0,11.676269,13.219243,12.969954,8.831295,17.763876,1.5454952,3.618115,14.179551,10.803827,11.754228,17.022373,9.399898,13.582717,16.972807,14.65492,16.11708,16.48051,16.53394,12.5408,2.4931562,15.161126
2016-05-09,6.1817627,0.0,19.309092,5.500201,0.0,0.0,11.598896,0.0,0.0,0.0,0.0,7.0090184,0.0,0.0,0.0,26.25562,0.0,7.097012,5.4496775,3.4799085,0.0,0.0,9.956202,7.1321907,5.372534,6.9925556,10.51054,9.198512,1.4139601,5.631376
2016-05-10,13.373795,10.238643,24.413912,5.9980536,5.039888,6.305374,10.37934,24.079605,0.0,12.739193,10.549486,0.0,8.839699,9.386239,0.0,37.34432,7.6249146,13.249152,10.988531,8.779877,13.347923,9.361199,12.318537,12.758582,7.718377,14.751908,14.796417,11.165903,0.8398042,12.815206
2016-05-11,13.26314,14.263132,23.2486,6.380729,0.0,11.334011,16.05706,23.281786,0.0,7.545618,17.873356,7.058725,16.041786,10.290935,3.5267527,31.465,11.434821,23.331345,16.848871,11.059825,7.0512486,15.466961,24.126024,22.160099,10.703332,27.235823,17.460953,13.444532,0.0,17.559578
2016-05-12,0.0,0.0,0.0,0.0,0.0,0.0,1.9705954,0.0,0.0,3.33383,0.0,6.4643497,0.0,3.8536935,0.0,0.0,0.0,2.1094153,15.176274,5.072026,3.4552026,0.0,7.5088887,8.209934,5.561801,8.219467,9.812775,0.0,0.0,13.630367
2016-05-13,6.562003,0.0,7.7465553,0.0,0.0,0.0,4.0456476,0.0,0.0,0.0,0.0,0.0,0.0,0.0,0.0,8.724467,0.0,3.5936337,0.0,0.0,0.0,0.0,0.0,4.210952,0.0,4.267675,0.0,3.273023,0.0,0.0
2016-05-14,11.503834,8.422574,17.080864,7.813755,6.4306307,6.7824707,9.437553,15.177981,1.8156577,7.8265524,7.752325,5.5493903,6.858622,8.075774,0.0,29.837378,7.0515614,8.052517,16.610653,7.324684,14.693895,7.6911473,10.692483,14.095777,5.264537,14.799932,25.37833,9.57434,3.6564775,24.440361
2016-05-15,33.3435,48.581722,53.872425,24.294712,16.446596,31.979147,35.49142,70.63469,5.256082,16.912857,66.3705,23.88215,32.72254,22.029379,11.508106,59.003914,34.411034,40.22094,71.001396,46.944183,15.029371,47.003654,70.35979,55.15382,42.87772,57.53627,76.39903,24.642788,4.0160675,68.223854
2016-05-16,42.428802,56.369347,55.979572,37.20027,33.176987,40.535507,54.066807,75.06673,8.230833,28.29482,66.48812,41.704853,46.98312,39.225018,21.284378,45.258976,47.535995,56.9201,73.320786,53.276917,27.385881,56.079597,66.03075,65.14925,49.409924,65.15926,75.65892,50.2805,8.805342,72.51125
2016-05-17,24.644415,56.499138,52.322514,44.852417,43.311256,45.69862,41.005554,70.9664,12.218106,26.266119,64.09153,47.425545,38.15714,41.13165,28.379171,36.296387,41.022324,42.69008,66.13015,56.15207,26.434565,56.15548,57.776897,43.038963,54.264343,47.856827,70.73842,41.349167,22.413176,67.59102
2016-05-18,4.898443,49.579227,12.65765,42.737198,38.442406,43.270424,15.167357,52.773247,12.218106,17.99471,47.930676,43.682884,23.403112,38.876957,28.379171,21.329432,34.30804,22.34805,46.527756,51.143536,21.3612,48.12354,33.3303,24.430971,45.994495,25.847296,50.744972,10.01864,22.413176,44.67787
2016-05-19,13.599666,22.859201,29.284155,21.911198,19.199974,22.626686,11.0189,25.729126,5.712098,7.174191,23.983082,21.974588,13.21909,11.6677265,10.609348,29.62987,14.283363,15.072321,20.147606,18.369968,7.5066595,25.853123,16.64405,6.435479,22.719614,15.072321,24.920315,9.519175,12.576568,18.519436
2016-05-20,10.0236845,17.906616,20.656569,0.0,0.0,9.385317,13.309583,16.04762,1.5272633,5.9544954,10.72875,4.5472035,17.26509,5.3564453,2.4759765,21.15595,10.839117,24.569887,19.212126,14.274796,4.5079274,13.6204,30.092495,12.613068,9.614635,28.49501,29.061943,13.1656475,1.1139863,24.951574
2016-05-21,0.0,4.3937206,0.0,0.0,0.0,0.0,0.0,5.639836,0.0,3.4222114,6.609813,0.0,4.3081703,2.5552294,0.0,0.0,3.8687224,3.3739297,5.874062,0.0,0.0,0.0,9.344524,0.0,0.0,5.3874197,8.88435,4.469599,0.0,5.3276095
2016-05-22,0.0,0.0,0.0,0.0,0.0,0.0,0.0,0.0,0.0,0.0,0.0,0.0,0.0,0.0,0.0,10.870752,0.0,0.0,0.0,0.0,0.0,0.0,0.0,0.0,0.0,0.0,0.0,0.0,0.0,0.0
2016-05-23,0.0,0.0,0.0,0.0,0.0,0.0,0.0,0.0,0.0,0.0,0.0,0.0,0.0,0.0,0.0,0.0,0.0,0.0,0.0,0.0,0.0,0.0,0.0,0.0,0.0,0.0,0.0,0.0,0.0,0.0
2016-05-24,3.9722607,0.0,0.0,0.0,0.0,0.0,6.609738,0.0,0.0,1.7737169,0.0,0.0,4.8306236,0.0,0.0,0.0,0.0,4.7128386,0.0,0.0,0.0,0.0,0.0,7.432693,0.0,3.4774466,0.0,3.868262,0.0,0.0
2016-05-25,9.698983,5.360719,15.44223,3.1824684,0.0,1.487788,12.178756,0.0,0.0,4.6971164,0.0,0.0,7.070621,7.5043077,0.0,11.103699,3.6344695,11.2983675,0.0,8.288603,7.6426096,1.354512,4.200792,0.0,7.748089,9.080587,0.0,13.208808,0.0,0.0
2016-05-26,10.653375,0.0,18.407608,0.0,5.9817047,0.0,13.861364,0.0,0.0,0.0,0.0,0.0,7.0375853,8.117483,0.0,0.0,0.0,12.742908,0.0,0.0,0.0,0.0,0.0,0.0,0.0,11.06469,0.0,11.965112,0.0,0.0
2016-05-27,17.65694,23.203154,36.40918,30.929947,23.18582,25.930302,30.118292,9.570536,8.825256,25.032677,11.24514,31.457054,22.85763,28.778166,15.251333,30.514366,23.10397,29.038507,0.0,24.078096,13.659914,18.563318,23.35699,20.75531,36.538322,39.06102,22.832804,22.754015,11.440432,6.7912703
2016-05-28,4.228848,0.0,0.0,20.707531,23.828087,13.174936,8.6581335,0.0,0.0,11.785799,2.4171352,22.948296,6.67224,16.305216,7.811104,13.425784,0.0,7.3830914,0.0,15.352373,16.158653,7.9363885,0.0,4.7754865,15.910809,0.0,0.0,9.790198,5.844028,0.0
2016-05-29,0.0,0.0,0.0,8.34647,6.0485163,7.607148,9.116819,0.0,0.0,6.3796797,0.0,8.646654,5.1103454,11.450445,0.0,0.0,0.0,6.901488,0.0,24.352581,7.1244907,0.0,0.0,0.0,12.549761,0.0,0.0,8.741947,0.0,0.0
2016-05-30,10.245098,15.66164,10.4875765,7.559904,7.548475,0.0,10.540857,0.0,0.0,7.9990315,0.0,13.133018,8.973988,13.347898,0.0,0.0,8.150459,11.828562,0.0,12.86755,10.023341,4.740568,8.71242,0.0,13.762196,6.217415,16.331821,10.783462,0.0,0.0
2016-05-31,6.3623943,29.213188,14.220338,18.989023,17.858482,16.272316,11.457107,28.28,0.0,14.089293,15.648813,24.461878,16.15381,22.591654,0.0,12.341039,21.068703,13.777745,0.0,27.304356,23.246307,27.878475,15.948157,10.066976,26.074175,15.692602,15.557253,8.751369,0.0,0.0
2016-06-01,0.0,0.0,1.7034229,10.928865,12.616628,5.042163,0.0,0.0,0.0,7.0134716,0.0,11.057204,1.2676804,6.2316384,2.9880848,0.0,0.0,1.3763479,0.0,2.0393107,25.00022,0.0,0.0,0.0,7.8773956,0.0,0.0,0.0,3.974948,0.0
2016-06-02,0.0,2.8188193,0.0,4.3734846,7.5082927,4.0647154,10.20682,2.2775698,3.1846938,13.299621,2.125988,6.3936706,5.045496,2.9147198,2.6631887,0.0,1.9209079,9.558518,0.0,5.865137,36.203358,2.2007742,3.7718644,3.8163807,6.045832,7.0283217,2.259008,11.45409,6.446993,0.0
2016-06-03,0.0,2.2445202,0.0,8.209454,9.622518,2.8781664,4.911924,1.5798459,0.0,1.9845923,1.8217891,7.7885795,3.7199495,5.0920596,5.3826003,0.0,0.8318242,5.516342,0.9945048,1.6983501,7.846435,1.9493917,3.1815367,0.0,5.0870504,4.616787,1.8387878,5.9975696,6.3084826,2.2191637
2016-06-04,8.944891,8.320704,19.302095,12.6637745,11.601128,10.438145,16.200281,7.4326406,4.807419,13.411189,9.162098,10.44948,8.499117,6.1788526,3.7952907,0.0,3.8673515,12.459302,6.109321,6.358754,36.34847,7.8623223,8.559308,12.682765,7.810953,20.837902,8.611668,11.463317,4.0702133,8.411483
2016-06-05,2.3337831,8.581885,8.586272,10.03191,9.200085,4.084957,11.530008,6.3688426,10.159479,19.950432,4.3084965,6.6559634,9.949598,5.5821533,8.79622,0.0,5.6930475,11.0824795,6.684135,4.8362794,17.13046,5.3783383,11.303995,10.867366,4.8433113,15.812724,10.109959,15.396062,9.681786,7.5034065
2016-06-06,0.0,0.89108646,8.376668,8.968594,10.484548,2.9056005,0.0,0.0,7.8289742,0.0,1.6380184,7.6832256,1.7499554,0.0,7.8289747,11.451688,0.0,1.1850122,0.0,0.0,0.0,1.8101984,1.1070656,0.0,0.0,1.2238638,0.0,4.4389253,10.926306,0.0
2016-06-07,7.6857514,5.604396,45.598354,21.723042,20.204403,13.016942,17.561552,3.2047217,13.326182,19.6879,6.316562,14.194815,9.919285,2.520195,11.873112,51.915672,3.8973815,14.679768,3.6977997,2.4268968,15.44651,2.8980572,6.4690986,6.8646364,2.6951404,10.481603,5.2227983,16.02851,13.313671,4.1683416
2016-06-08,10.381975,9.809995,40.6134,18.402275,20.927822,14.596894,17.785978,8.040997,13.27109,39.770393,7.71431,18.284842,14.1857195,12.906914,13.073036,39.21675,5.613726,13.831991,4.067052,8.637503,76.80538,7.7407317,10.685182,3.5528138,16.717985,8.01046,7.602045,31.973585,14.61046,5.968322
2016-06-09,19.08791,6.5457144,53.141487,4.2717395,4.6787143,3.6324937,23.730167,5.0473523,0.0,19.785158,3.4036999,4.2293453,12.273785,2.9165905,0.0,52.673813,3.0392451,18.138927,2.4324088,3.2248855,15.117158,4.35905,6.152312,6.461052,3.5772872,10.158715,6.363314,34.350708,2.8381782,3.5821528
2016-06-10,0.0,3.2420373,16.959879,0.0,0.0,0.0,2.60268,2.789713,0.0,7.9417386,2.3037002,0.0,5.344886,0.9637113,0.0,23.346346,2.653592,5.15294,2.6254652,0.35725212,4.511123,2.8635082,5.959133,0.2085002,0.0,5.2968574,4.5453644,13.096177,0.0,4.133191
2016-06-11,0.0,6.300179,0.0,0.0,0.0,0.0,0.0,0.0,0.0,16.33575,0.0,0.0,4.3677564,0.9218767,0.0,15.701234,3.1645298,1.9089203,0.0,4.2754064,8.1574135,0.0,7.5537663,0.0,4.03516,3.5174193,6.6458077,4.2756944,0.0,4.7067895
2016-06-12,4.665932,0.0,6.765144,0.0,0.0,0.0,6.9954686,0.0,0.0,0.0,0.0,0.0,3.3798332,0.0,0.0,7.461222,0.0,5.3645477,1.1744022,0.0,0.0,0.0,3.732964,5.2721224,0.0,6.807806,0.0,8.765851,0.0,1.3093071
2016-06-13,0.0,0.0,0.0,0.0,0.0,0.0,0.0,0.0,0.0,0.0,0.0,0.0,0.0,0.0,0.0,0.0,0.0,0.0,0.0,0.0,0.0,0.0,0.0,0.0,0.0,0.0,0.0,0.0,0.0,0.0
2016-06-14,0.0,0.0,0.0,1.8989437,0.0,0.0,0.0,0.0,0.0,0.0,0.0,0.0,0.0,0.0,1.6810777,0.0,0.0,0.0,0.0,0.0,0.0,0.0,0.0,0.0,0.0,0.0,0.0,0.0,0.0,0.0
2016-06-15,0.0,0.0,0.0,5.3578787,0.0,2.3469222,0.0,0.0,0.0,0.0,0.0,0.0,0.0,0.0,2.8842275,0.0,0.0,0.0,0.0,0.0,0.0,0.0,0.0,0.0,0.0,0.0,0.0,0.0,4.6654673,0.0
2016-06-16,6.4645348,3.8357077,12.284761,2.0430264,3.4256582,2.4665687,0.0,0.34773642,3.1150632,2.1953938,2.581787,4.6987333,2.0902755,0.0023514996,3.5251572,0.0,1.8757405,0.0,1.2877904,2.2094743,0.0,1.9602329,4.2668986,0.0,2.574687,0.0,2.718163,0.0,4.260962,1.2504325
2016-06-17,12.261932,4.8199716,37.01986,11.742191,9.716706,12.062069,14.296905,4.4439254,14.69297,28.918322,7.583065,9.502602,8.08115,8.959295,13.128605,33.401253,1.6256511,7.8144054,4.91325,9.055172,39.72151,5.5130415,3.2412736,0.0,12.213876,4.036356,3.0820856,16.355015,12.717405,5.1737175
2016-06-18,23.014647,6.590732,30.129599,5.286871,7.528025,1.7316283,15.860512,5.2050314,4.8469806,16.287973,1.5928311,0.0,4.623892,2.5144036,5.276737,41.477097,2.5422566,13.560028,1.0063046,0.95596457,26.141254,4.5822444,11.166592,10.393394,1.2653387,18.242447,8.021898,14.672246,7.691114,6.1033874
2016-06-19,6.626703,1.6136183,8.73931,8.93598,16.023035,0.23573706,6.943898,1.6370021,0.0,0.15819547,1.4674089,17.362906,1.0390097,0.0,3.577028,0.0,0.0,2.80113,1.7039552,0.0,6.61844,1.8599368,3.0506523,0.0,2.529758,3.3336463,1.1686232,0.0,7.691114,2.288719
2016-06-20,15.005006,3.5039191,31.272568,17.831894,19.318798,9.260616,4.0110855,4.3468475,5.142097,8.260404,5.6480384,14.961501,0.0,8.542425,5.9303775,32.167835,0.0,0.0,0.0,8.455481,39.029858,4.796931,0.0,0.0,12.918066,0.0,0.0,0.0,7.977474,0.0
2016-06-21,11.39876,3.4862454,16.859938,21.107601,22.607758,14.5457115,3.9247077,3.3977122,2.4256682,0.0,12.037667,16.877066,2.363757,7.992313,5.5385942,15.967885,1.183007,7.5193434,1.5856167,7.4580617,0.0,3.8419483,5.24626,1.3762348,12.153345,11.953327,4.509736,5.764124,6.477409,2.8614728
2016-06-22,8.839021,7.82257,18.436687,11.366937,10.209174,8.546304,3.5093722,5.7596745,3.8800626,2.7807176,6.1687317,9.722911,6.0483766,4.8969154,4.889851,24.43432,2.1825776,7.726051,8.094119,5.2561355,0.0,5.5105643,8.413508,2.9693696,9.537712,9.192741,6.765007,6.219677,5.0781097,8.731043
2016-06-23,14.191959,10.97035,18.852577,22.180775,23.187143,16.338312,13.622112,5.9417706,12.406123,2.8804717,13.729475,13.152978,5.8199854,2.6835098,10.286175,23.788223,5.603781,10.629544,9.072428,8.508844,0.0,7.301958,13.1979685,12.454603,9.4704685,18.409811,11.597407,6.112906,11.815943,12.448077
2016-06-24,3.9180844,7.676569,0.0,12.054647,10.988143,9.883105,0.0,6.0508547,11.7472315,20.077427,8.449315,9.10625,4.142791,5.9019074,11.545074,0.0,3.0575986,2.7450738,6.9874635,6.2490463,34.654457,6.362454,8.918689,0.0,8.048811,1.4885693,8.18216,9.723694,12.191093,7.7183814
2016-06-25,8.575931,1.6145833,10.573316,19.27063,16.95582,12.709339,0.0,1.6474763,13.627364,0.0,2.8437643,9.52099,0.0,1.5464706,12.511266,20.419758,0.0,2.1438,2.5992446,2.6237977,13.23436,1.663543,1.5601603,0.0,4.5356035,2.54848,1.6740649,0.0,12.732476,2.6636827
2016-06-26,0.0,3.8357272,0.0,11.83626,12.785825,6.0674243,0.0,3.2375174,10.22976,0.42476726,4.6547112,5.3938856,3.9489462,2.0720434,10.24931,0.0,1.3772633,4.6595287,1.3541719,3.4030597,12.909781,3.2047093,3.1944811,0.0,3.3180735,0.552007,2.8416557,13.817701,12.560365,1.0222392
2016-06-27,6.172856,5.906658,13.544016,23.447796,24.251852,14.782726,7.110321,0.0,9.87896,11.875978,3.654791,17.178535,6.5833864,5.7716494,9.753219,13.443692,2.3952534,7.49795,2.940034,4.382896,18.906742,2.1942976,5.7551603,3.116458,9.162647,5.479237,3.467846,10.322954,11.4263525,3.2272902
2016-06-28,17.06219,8.280344,49.7959,24.228565,26.868708,15.228786,12.948205,5.0683546,10.048006,26.420824,14.942329,16.314787,7.6598315,7.9161725,10.610157,61.483284,4.3594036,13.980346,4.433894,8.037779,86.02776,5.480434,9.671048,3.9525902,12.983258,12.302744,9.163815,13.840411,16.757597,7.24067
2016-06-29,22.948046,11.394528,49.670746,9.8189,7.2219577,6.5181093,33.260246,5.8166704,2.5120015,44.033104,6.6627793,11.079065,14.912266,5.555021,4.4678993,45.16433,7.036535,24.472881,15.044153,5.8364735,46.00254,6.619648,13.088026,9.079717,7.9217224,17.727394,12.636478,31.714441,4.4757276,16.687536
2016-06-30,2.1616778,0.0,6.2246785,4.7871304,5.8902683,4.592574,10.738814,1.6482089,4.251825,10.846286,1.6908559,6.4409614,2.6270869,1.4116166,1.618062,0.0,0.0,4.6851,0.75453943,4.8797636,29.863884,1.5652863,1.0249295,2.4240189,5.605758,2.4533489,0.11645499,9.90748,3.6207798,0.105165616
2016-07-01,0.0,2.92438,27.958097,0.0,0.0,0.97104436,18.80748,3.004757,0.0,0.0,3.1735523,1.1228914,5.1805444,0.0,1.3547846,14.627131,1.451339,11.965483,0.74697304,0.0,0.0,3.6743033,0.0,0.0,0.0,0.0,0.7714094,17.571737,1.3688947,0.4524042
2016-07-02,0.0,0.20255892,0.0,1.6739428,0.0,3.7646518,0.0,1.3155177,0.0,0.0,1.4472286,1.2696807,0.0,0.0,1.4055127,0.0,0.0,0.0,0.0,1.2269137,13.01181,0.0,0.0,0.0,4.1276093,0.0,0.0,0.0,1.0994548,0.0
2016-07-03,0.0,0.0,0.0,4.4302673,4.0311604,2.1772432,0.0,0.0,2.3155637,0.0,0.0,0.0,0.0,0.0,3.11886,0.0,0.0,0.0,0.0,0.17036128,0.0,0.0,0.0,0.0,0.13410202,0.0,0.0,0.0,3.431087,0.0
2016-07-04,0.0,0.0,0.0,3.408116,7.996876,2.098751,0.0,0.0,2.387608,0.0,0.0,4.532541,0.0,0.87257355,2.2088196,0.0,0.0,0.0,0.0,0.17778501,16.099787,0.0,0.0,0.0,2.1783094,0.0,0.0,0.0,6.904032,0.0
2016-07-05,0.0,4.853985,0.0,9.025962,10.102453,5.313526,3.8493068,0.0,7.6686006,19.110846,3.2047906,7.206266,0.0,5.024088,5.500351,0.0,0.0,1.126324,0.0,3.98706,72.012856,2.9232192,5.448528,0.0,7.3947024,0.0,0.0,0.0,6.964013,0.0
2016-07-06,0.0,15.051814,0.0,10.057032,14.743012,13.062035,22.202694,4.173911,11.17267,30.632603,8.05308,17.077484,17.790316,3.8244553,8.234301,0.0,7.415634,18.848083,1.4964473,12.742578,15.789969,6.284559,13.813347,0.9279928,17.981556,15.639276,8.437113,34.805336,12.79228,2.6779928
2016-07-07,0.0,0.0,0.0,11.04093,14.967766,6.514082,6.868058,3.04999,13.826256,7.0322323,3.72626,7.3385463,0.0,0.29943427,11.428281,15.478482,0.0,6.2433844,1.232251,0.0,0.0,3.3649592,0.0,0.0,2.8842256,0.004472853,0.0,0.0,11.365715,0.0
2016-07-08,0.0,3.8450263,0.0,6.196818,7.581098,4.8937993,0.0,3.6909945,6.2992425,5.8155127,7.9254417,4.068749,0.0,0.088474214,4.2860293,32.73172,0.0,0.0,2.3953724,1.9475601,0.0,4.781259,0.0,0.0,3.595356,0.0,1.402044,0.0,6.5183496,2.232282
2016-07-09,0.0,0.0,0.0,4.8423166,3.902722,0.0,0.0,0.0,0.0,8.1897745,0.0,2.717428,0.0,2.5860715,2.3981612,4.00872,0.0,0.0,0.0,0.0,31.579939,0.0,0.0,0.0,0.0,0.0,0.0,0.0,0.0,0.0
2016-07-10,0.0,0.0,0.0,3.2936444,3.6196172,4.317077,0.0,0.0,0.0,0.0,0.0,7.4860272,0.0,0.0,2.7798035,0.0,0.0,0.0,0.0,4.443923,33.116714,0.0,0.0,0.0,5.417517,0.0,0.0,0.0,4.440854,0.0
2016-07-11,0.0,0.0,0.0,0.0,1.4273418,0.0,0.0,0.0,0.0,0.0,0.0,0.0,0.0,0.0,0.0,0.0,0.0,0.0,0.0,0.0,0.0,0.0,0.0,0.0,0.0,0.0,0.0,0.0,0.0,0.0
2016-07-12,0.0,0.0,0.0,0.0,0.0,0.0,0.0,0.0,0.0,0.0,0.0,0.0,0.0,0.0,0.0,0.0,0.0,0.0,0.0,0.0,0.0,0.0,0.0,0.0,0.0,0.0,0.0,0.0,0.0,0.0
2016-07-13,0.0,0.0,0.0,0.0,0.0,0.0,0.0,0.0,0.0,0.0,0.0,0.0,0.0,0.0,0.0,0.0,0.0,0.0,0.0,0.0,0.0,0.0,0.0,0.0,0.0,0.0,0.0,0.0,0.0,0.0
2016-07-14,0.0,2.4194214,0.0,0.0,5.518789,0.0,0.0,0.0,0.0,5.26404,0.0,0.0,1.8313968,0.53372324,0.0,0.0,2.8712785,0.0,0.0,0.0,0.0,0.0,0.0,0.0,0.0,0.0,0.0,0.0,5.4893556,0.0
2016-07-15,5.2864685,15.815763,28.013142,11.786053,11.248425,13.003341,18.909472,5.4385586,0.0,70.444046,6.004623,13.15756,30.047857,10.323097,0.0,27.117804,13.965005,24.701218,0.0,13.736533,60.276035,10.067153,14.575011,0.0,16.173254,14.519253,8.254456,52.546974,0.0,0.0
2016-07-16,0.13915452,3.5757458,14.251148,6.3430567,10.019595,4.304637,10.855839,0.94710696,0.0,24.36249,2.1331491,6.009299,10.216211,2.301904,2.2573261,0.0,3.508028,15.07548,1.4675623,4.061244,27.4674,3.2087371,0.0,0.0,5.32914,8.7692795,0.0,22.41389,3.0322537,0.76109165
2016-07-17,5.871185,11.539243,38.13449,6.121998,13.791987,6.4102473,29.400318,4.885352,4.7826805,15.439356,6.027426,9.596467,15.494768,3.3674176,3.962956,18.246025,5.637433,26.033003,4.0966444,11.885952,28.193544,6.1043844,16.432228,1.299234,13.620022,19.257727,9.858672,26.256264,8.685885,4.4348063
2016-07-18,2.103825,7.822554,8.224118,11.761013,13.6651945,9.51652,19.342228,2.6758175,3.1954107,14.67028,6.5572042,13.014938,11.533377,6.675944,4.748338,0.0,4.076622,19.0386,2.8205035,11.071424,40.066006,9.068949,9.325877,0.7591535,14.526033,7.6148915,6.403248,21.455053,4.262669,4.068053
2016-07-19,0.0,5.816778,0.0,11.2966385,10.385399,9.276983,2.0644622,6.0686216,11.584497,0.0,7.2429028,10.813192,4.086522,1.6459149,11.707895,0.0,4.4953737,0.711348,2.2072642,8.071778,3.355962,6.9695163,3.4774034,0.0,10.79058,0.8459709,3.1598785,0.0,9.570859,0.8552644
2016-07-20,4.5056014,16.815605,26.857275,13.2151375,7.7876325,19.020102,15.369403,13.120332,5.8037205,15.511772,18.065311,15.427118,12.321781,6.359971,9.613491,25.30526,12.391898,18.993773,9.450444,12.788999,38.314003,13.496482,22.230959,0.6543245,19.675446,22.425308,12.699392,9.581585,5.5704865,9.750787
2016-07-21,4.2576623,8.025804,14.4982395,6.795068,4.849833,8.090946,10.667694,3.097981,9.711272,12.43828,6.650859,5.5843825,8.468718,2.8762913,7.3772883,34.363403,3.894303,10.758946,3.5448973,0.0,4.079991,2.3933837,12.199848,1.3711876,5.4687433,14.501494,7.9470487,12.291659,4.886628,4.0296082
2016-07-22,0.0,6.953911,0.0,10.443909,8.737536,7.57601,0.0,4.5741568,11.47041,0.0,5.916486,3.0546455,0.0,0.0,11.295192,0.0,2.973043,0.0,7.9857173,0.0,0.0,3.7488778,8.059031,0.0,0.0,0.0,8.7107115,0.0,10.570379,8.559724
2016-07-23,3.1199667,14.021341,19.171951,12.853318,12.771397,10.519829,4.5777287,9.089572,10.800012,14.972422,9.170517,8.219006,17.089594,2.3393257,12.312859,23.145662,8.280327,18.601906,6.975267,5.7531314,6.03451,9.268129,16.967562,0.39954984,10.403755,16.224634,13.322598,17.296276,11.093551,6.975267
2016-07-24,4.569375,10.889584,7.8204613,15.739849,15.802447,16.01721,20.480751,3.220824,0.0,34.46474,8.900773,18.914335,12.987196,8.317778,2.3645427,0.0,5.804611,21.118856,1.9783124,21.059696,44.531223,14.174811,10.292317,0.17651854,22.631048,18.363964,4.490518,21.696474,7.9079275,2.3779876
2016-07-25,11.749203,19.650696,65.46358,11.55504,16.562181,12.745309,38.65458,4.4361258,0.0,52.733227,3.236584,19.066135,32.765606,14.972917,7.168523,25.371576,14.878688,43.03385,1.5040298,13.452929,74.19621,5.0268407,18.914492,0.943543,19.419378,21.684711,7.4849615,51.148346,3.3219838,2.1336355
2016-07-26,6.599444,4.3669553,45.845055,6.0923915,8.475013,8.16135,29.815441,2.235391,4.1168723,21.132723,1.4692018,10.022194,11.351062,7.4181576,4.383653,25.959387,6.36273,22.757591,1.0932226,6.9268513,44.19107,3.0747418,3.7814257,0.70726055,10.796684,3.0502949,3.364909,26.04478,4.5298314,1.0052317
2016-07-27,3.8478396,15.11055,23.816708,12.743067,11.383819,15.330306,20.525732,8.643324,0.0,30.078213,8.52314,18.040127,18.435411,7.7630134,3.8855267,11.5823,10.832182,21.726814,1.841041,10.720587,28.64898,9.973187,14.987521,0.5201538,18.406462,18.9952,10.395588,33.242737,3.5008042,3.209113
2016-07-28,1.647149,13.481244,10.147117,16.118126,24.138288,12.588198,18.48825,4.568448,2.5997005,25.742712,4.2594876,19.801085,14.782042,12.670049,4.128288,0.0,11.018875,18.780392,2.6936235,13.396809,57.06841,8.88223,11.544948,1.7836787,20.356047,5.831902,5.141651,25.777767,12.162302,3.4863296
2016-07-29,6.576578,9.963159,15.17633,8.061451,11.817913,7.539378,7.473317,6.869399,8.063949,11.495253,9.156046,11.346159,16.185293,6.3382783,6.6390862,13.295156,9.319748,14.462166,2.11281,4.142134,17.26926,7.3545604,8.675874,1.23314,8.109606,8.486618,4.1831656,24.187119,8.733204,2.1459515
2016-07-30,0.0,13.589623,10.147117,18.971188,19.30685,21.086348,10.272715,13.879791,12.679679,7.818943,23.173199,15.382548,9.581369,6.4411955,20.686361,0.0,5.129573,13.652162,7.364164,14.136403,12.624022,18.591656,14.890815,1.8038458,17.851585,14.621742,9.688877,10.435155,15.126154,7.556841
2016-07-31,0.0,0.0,0.0,0.0,0.0,0.0,6.3053894,0.0,0.0,0.0,0.0,0.0,5.082513,0.0,0.0,0.0,0.0,9.35122,3.078459,0.0,0.0,0.0,7.3579807,1.9995558,0.0,9.880005,4.634125,6.3065867,0.0,3.0302782
2016-08-01,0.0,0.0,3.2125633,3.1935773,3.0500405,4.591199,5.459684,0.0,3.518224,0.0,2.6867478,3.081792,0.0,3.7076833,4.36398,3.3857365,0.0,6.88781,6.9726944,0.0,0.0,0.0,12.165386,0.0,0.0,10.464496,11.853651,4.454433,4.337214,7.4987917
2016-08-02,0.0,5.9116306,0.0,4.206167,4.4929748,3.6689622,0.0,3.4219968,2.4960473,5.085651,3.8421223,4.352789,6.1243663,3.4595532,2.5019221,0.0,4.2657433,4.279673,1.6084613,3.6885881,0.0,3.2436786,6.5123096,0.0,4.8731775,0.7611882,4.996319,9.883524,4.3277087,4.005901
2016-08-03,1.8244184,3.755476,8.287661,4.6117287,4.7281203,4.625621,4.786265,2.7608924,4.004831,0.0,3.4374046,5.1945057,3.6276097,0.39243233,3.2844913,0.6374442,0.0,3.9921687,2.0314922,0.0,3.006429,0.0,6.503996,0.0,0.0,0.0,4.546283,0.0,4.6926284,4.739625
2016-08-04,0.19600357,6.149219,4.038537,13.7136345,4.180898,14.014736,0.0,7.861164,2.7382264,11.160047,9.279067,15.390152,4.218843,11.3564005,4.6210895,1.6611123,5.276089,0.0,2.254904,12.185934,22.686499,9.543226,0.0,0.0,15.051966,0.0,1.8221036,0.0,3.234404,0.0
2016-08-05,0.0,14.816038,1.9353215,0.0,0.0,3.819761,12.156305,12.199475,0.0,27.506592,7.609076,0.0,19.517159,11.424991,1.210413,0.0,10.580069,23.362585,9.475959,4.125974,5.559273,10.619563,20.058825,0.0,2.9794261,20.05088,14.890434,23.315718,0.0,11.836881
2016-08-06,0.0,0.0,0.0,0.0,0.0,0.0,0.0,0.0,0.0,0.0,0.0,0.0,0.0,0.0,0.0,0.0,0.0,0.0,0.0,0.0,0.0,0.0,0.0,0.0,0.0,0.0,0.0,0.0,0.0,0.0
2016-08-07,0.0,0.0,0.0,0.0,0.0,0.0,0.0,0.0,0.0,0.0,3.1461422,0.0,8.416145,0.0,0.0,0.0,0.0,9.002055,3.520078,0.0,0.0,0.0,5.8149204,0.0,0.0,0.0,0.0,8.190016,0.0,0.0
2016-08-08,0.0,7.62216,0.0,0.0,0.0,7.6117887,0.0,8.569141,0.0,0.0,10.2701845,0.0,6.844053,6.345829,0.0,0.0,0.0,8.590634,6.2110777,2.7620945,0.0,6.8373456,10.96253,0.0,6.5343046,10.143025,3.1809268,0.0,0.0,0.0
2016-08-09,0.0,0.0,0.0,9.82194,5.8696036,7.8593497,0.7869987,0.0,2.4046926,0.0,0.0,8.122522,7.9836783,0.0,1.8766782,0.0,0.0,13.233059,0.0,2.9545574,0.0,0.0,14.472847,8.136109,7.802589,18.724056,10.51031,14.339493,2.7561722,0.0
2016-08-10,0.0,9.946709,0.0,0.0,0.0,10.756607,0.0,12.414909,0.0,8.290163,11.076516,6.4472475,9.597194,7.775899,0.0,0.0,8.492391,7.534456,4.110625,4.9127126,0.0,8.9849615,11.029817,0.0,9.592598,8.639803,2.6456056,5.1509385,0.0,3.3511798
2016-08-11,0.0,0.0,0.0,0.0,0.0,0.0,0.0,0.0,0.0,0.0,0.0,0.0,0.0,0.0,0.0,0.0,0.0,0.0,0.0,0.0,0.0,0.0,0.0,0.0,0.0,0.0,0.0,0.0,0.0,0.0
2016-08-12,0.0,10.093147,0.0,9.425354,7.3430257,10.588424,0.68047035,14.609515,1.8939111,7.2871585,10.757942,5.977965,7.9402103,4.793559,4.244464,0.0,5.137509,8.172188,9.82778,5.067675,8.6831255,14.609515,12.106725,0.7682213,5.493931,0.71734905,12.801776,6.0551815,3.3254452,8.769071
2016-08-13,0.0,12.151106,0.0,21.747168,10.106264,21.191261,3.99026,13.251896,0.0,8.855847,17.465134,20.462608,12.503035,12.675267,4.2833176,0.0,8.823841,16.485634,7.5609975,12.557123,13.200112,12.136465,15.215283,0.0,17.376194,17.168985,8.663422,14.537458,0.0,8.515301
2016-08-14,0.0,6.686941,0.0,8.500327,0.0,8.122598,0.0,7.307242,0.0,11.973997,7.221862,7.2156725,7.8457646,6.5061755,0.0,0.0,6.89923,2.6111798,7.287138,4.3053904,0.0,5.9027677,13.04618,0.0,6.4091263,7.1517987,8.047982,0.0,0.0,8.0393915
2016-08-15,0.0,0.0,0.0,0.0,0.0,0.0,0.0,0.0,0.0,0.0,0.0,0.0,0.0,0.0,0.0,0.0,0.0,0.0,0.0,0.0,0.0,0.0,0.0,0.0,0.0,0.0,0.0,0.0,0.0,0.0
2016-08-16,0.0,0.0,0.0,0.0,0.0,0.0,0.0,0.0,0.0,0.0,0.0,0.0,0.0,0.0,0.0,0.0,0.0,0.0,0.0,0.0,0.0,0.0,0.0,0.0,0.0,0.0,0.0,0.0,0.0,0.0
2016-08-17,1.755128,3.8020241,5.1124573,0.0,0.0,0.0,5.5699964,0.0,0.0,8.299804,0.0,0.0,6.903875,0.0,0.0,4.611052,0.0,8.136728,0.0,0.0,0.0,0.0,10.077062,3.8806005,0.0,11.906846,0.0,11.587063,0.0,0.0
2016-08-18,0.0,0.0,0.0,0.0,0.0,0.0,0.0,0.0,0.0,0.0,0.0,0.0,0.0,0.0,0.0,0.0,0.0,0.0,0.0,0.0,0.0,0.0,0.0,0.0,0.0,0.0,0.0,0.0,0.0,0.0
2016-08-19,0.0,0.0,0.0,0.0,0.0,0.0,0.0,0.0,0.0,0.0,0.0,0.0,0.0,0.0,0.0,0.0,0.0,0.0,0.0,0.0,0.0,0.0,0.0,0.0,0.0,0.0,0.0,0.0,0.0,0.0
2016-08-20,0.0,8.0160475,0.0,0.0,0.0,15.280133,0.0,10.42229,0.0,7.289652,13.697072,7.5376015,10.038344,3.7984288,4.229584,0.0,0.0,10.893712,5.0550165,8.726838,0.0,13.542975,0.0,0.0,14.231117,0.0,0.0,5.9547014,0.0,0.0
2016-08-21,0.0,7.763818,0.0,5.1384993,0.0,6.803148,4.6884413,4.3976483,0.0,5.9339786,6.569344,6.203759,12.813543,4.1291685,0.0,0.0,2.7268276,15.254133,2.6895552,2.0927978,0.0,4.1782484,8.817562,2.9239857,6.067959,13.302617,5.3318777,9.615024,0.0,4.6040587
2016-08-22,0.0,5.296076,0.49936545,2.8051884,0.0,5.8335304,3.470964,6.5158873,0.0,5.644539,5.913499,0.0,5.846686,8.228598,2.4087498,7.270993,3.7157114,9.079164,3.0023706,9.138594,5.3252997,6.404099,5.1237288,0.0,7.1623983,0.0,6.768893,12.824147,2.7159736,4.303137
2016-08-23,2.209344,6.756346,4.960282,11.01193,10.128361,6.9049025,12.093853,9.653129,4.1979012,7.313816,8.052011,9.995301,9.418508,7.4925823,9.134461,0.0,3.8518355,14.531784,6.623943,8.165279,8.366698,9.70196,11.030289,5.8181276,8.396723,10.85165,13.616983,11.345718,5.4150176,12.886865
2016-08-24,0.0,4.189384,0.0,17.40733,11.518074,16.458885,0.0,5.3259673,0.0,0.0,13.566293,15.402326,0.0,5.1467233,6.038482,0.0,0.0,0.0,3.5209954,5.1868463,0.036069553,5.6114984,0.0,0.0,12.041431,0.0,4.5463724,0.0,0.0,4.5947595
2016-08-25,3.2203538,18.12013,5.073184,10.084656,8.436422,9.728351,3.0296776,18.876387,6.178351,6.11131,8.1426935,15.389684,7.292221,12.156008,7.342008,0.0,12.810011,6.6033516,12.939847,13.05581,23.935625,18.39139,16.717432,2.262012,16.811703,11.515895,17.384098,3.6794083,6.7023287,14.403868
2016-08-26,10.284607,33.555843,26.636301,35.065136,16.440456,39.03228,18.427183,41.366146,19.058577,32.872326,39.160908,38.17501,34.25237,19.601435,19.104944,40.672096,26.904402,34.698673,40.315453,23.797503,28.359879,39.766743,36.122322,14.43421,35.73757,31.716309,40.7768,40.619396,19.011179,42.305412
2016-08-27,22.882301,21.03088,40.545403,7.9029875,8.560755,13.942157,31.348335,17.467867,9.650021,18.606209,18.5313,6.0246906,26.798828,5.8544436,9.987128,23.485853,17.234222,28.148012,20.399921,8.874303,5.262213,16.151367,27.638605,15.911928,7.7044535,26.372662,25.652224,28.31905,12.860201,21.955196
2016-08-28,1.2480509,7.099968,0.0,9.368742,10.840546,4.1963234,1.9770019,8.301013,18.24698,4.1538916,5.532696,6.007259,7.915315,6.66862,15.828096,0.0,0.0,7.3716855,0.0,7.155094,0.0,8.301013,8.599391,2.05295,7.8584843,2.7376647,11.007944,5.3327,16.332512,9.924443
2016-08-29,0.0,17.32885,0.0,17.304474,6.7394934,17.30647,0.0,17.405382,4.8250103,7.0960684,16.633339,19.005161,11.933328,7.4936595,4.868196,0.0,14.866737,9.984874,10.77281,10.477265,7.206312,16.64787,16.08265,6.9481297,17.234627,15.512235,16.360287,0.0,4.4156795,10.503608
2016-08-30,2.7500772,21.390982,8.317491,29.214937,24.529821,25.341719,13.918219,25.078884,18.24698,14.605111,15.331313,32.480892,20.714346,22.81151,16.396801,0.0,16.979391,22.98355,19.331797,16.939028,18.633972,18.675293,18.808887,4.694135,31.685448,18.834068,22.987007,19.814297,15.393519,20.960978
2016-08-31,5.663736,26.8697,15.604699,27.141254,21.995794,30.409224,29.912672,26.754515,17.279737,34.133106,27.799534,31.923105,28.300596,25.575563,19.15572,0.0,22.186672,34.48802,31.420557,33.24472,38.16177,27.722013,28.156172,12.822088,32.5835,27.956907,31.718891,31.982376,15.358131,32.763992
2016-09-01,1.0461136,10.51804,8.9626665,11.432688,11.476824,10.262789,8.164516,9.489901,9.776351,6.0685163,10.134687,10.97565,10.509546,5.688971,9.632355,0.0,10.75736,8.81178,9.478948,10.665091,9.115043,9.205438,5.292283,3.0673473,13.163344,4.632891,8.689337,8.637124,11.9007845,7.4126024
2016-09-02,0.0,8.574008,5.409709,5.0535026,10.293575,6.1006384,3.4245927,5.8396106,7.71504,2.6337361,7.934992,10.033217,11.284654,3.6794198,6.3179398,6.1827974,5.8827095,14.258235,5.6121716,6.2578464,3.6441007,4.2774835,15.591862,2.834143,4.7377105,16.065294,5.9227004,3.6297736,10.782826,2.2531748
2016-09-03,5.094983,5.5053453,10.529935,14.394901,14.678435,7.3214335,7.1703296,2.1294081,15.060762,3.3987715,0.0,10.793593,6.1377788,4.279366,14.937977,10.526174,2.3265436,9.248845,8.0671215,4.177425,6.652316,2.6618989,9.5413885,7.923749,8.121197,9.938169,7.530547,4.4635167,15.528193,7.015046
2016-09-04,8.446786,7.576301,13.880589,19.687943,11.296269,23.10571,11.194607,11.554054,11.200868,5.2424207,17.406221,15.091282,6.386259,4.2831993,9.5470085,16.383295,5.3969617,16.527897,10.191129,6.5241814,0.0,10.041016,0.0,3.219248,12.53627,7.5777345,9.79726,16.60521,12.968152,6.3606024
2016-09-05,0.0,5.8705873,0.0,8.195833,5.526941,10.895302,0.0,9.021535,3.8165882,2.9589553,9.652256,6.433501,6.0214567,2.4454029,6.85955,0.0,5.9471154,5.890343,9.424142,6.5282516,4.383461,5.4917336,5.508681,0.0,8.959566,4.7708015,9.197872,2.7059724,6.3604765,5.7627873
2016-09-06,0.0,5.9849377,0.0,8.276962,5.1304355,8.093291,0.0,9.649854,5.491211,0.0,7.980619,8.156648,8.24216,5.421799,5.9058256,8.87806,0.0,10.936349,8.461253,6.153401,5.587361,6.831766,0.0,0.0,6.6977167,0.0,7.632339,9.135965,3.0721793,5.8903637
2016-09-07,1.8421172,4.075793,0.0,0.0,0.0,0.0,6.580342,3.5859282,0.0,0.0,0.0,0.0,2.171713,0.0,0.0,0.0,3.6443424,5.230519,9.404668,0.0,0.0,0.0,2.9099264,4.2125764,0.0,3.2447565,5.5303993,10.509416,0.0,6.168843
2016-09-08,0.0,5.1761265,0.0,0.0,0.0,0.0,0.0,3.8722172,0.0,0.0,3.7884214,0.0,0.0,0.0,0.0,0.0,6.38897,0.0,5.1126266,0.0,0.0,2.4634624,0.0,0.0,0.0,0.0,4.0823812,0.0,0.0,0.0
2016-09-09,0.0,8.785118,0.0,3.1909533,0.0,0.0,0.0,0.0,0.0,4.2193046,0.0,0.0,5.9954567,3.9956172,10.362727,0.0,9.641675,0.0,0.0,0.0,0.0,0.0,7.3628173,0.0,3.8907776,0.0,2.9938817,0.0,0.0,3.501893
2016-09-10,0.0,6.119164,10.272058,19.577969,17.637188,17.084406,17.262167,9.455212,8.764018,0.87956417,11.906758,13.374397,0.0,7.042914,12.230838,6.4769006,0.31670985,10.646609,11.742823,5.934683,0.0,7.2403035,4.7295613,2.332461,9.397921,5.119351,5.1099935,19.913158,9.981022,4.668689
2016-09-11,1.7419295,8.057973,6.820213,6.143695,5.222107,6.298719,2.3198366,8.135363,3.6446068,2.803356,8.863403,2.9823322,7.239926,4.4597535,6.7287517,0.0,7.5178137,8.32657,9.302768,4.9019127,3.7015803,4.282434,7.9557066,2.109445,3.1533935,8.0160055,8.683174,4.446624,3.710226,9.630693
2016-09-12,0.0,0.0,0.0,4.559847,2.5578403,5.901397,0.0,0.0,6.1783676,0.0,4.0802584,2.1159804,0.0,0.0,5.845235,0.0,0.0,0.0,0.0,0.0,0.0,0.0,0.0,0.0,0.0,0.0,0.0,0.0,5.59872,0.0
2016-09-13,0.0,5.2666607,0.0,4.360981,2.579354,7.90696,0.0,8.598965,2.4052,0.0,11.589808,4.1313467,3.3258703,3.5818567,2.4183166,0.0,3.447843,3.2560909,8.463453,5.091387,13.398335,6.172595,3.9080024,0.8261423,6.38094,2.5360038,5.597473,3.6494863,3.0812285,6.0138555
2016-09-14,1.7622105,6.307909,7.027809,9.709223,8.557359,8.2659445,9.536694,7.7494535,8.861088,4.2731056,10.666908,7.5116506,9.798924,5.0817323,8.524524,0.0,7.0167527,10.106649,11.964797,6.3635235,9.928754,5.507464,3.9885168,1.9097577,5.577592,3.7466333,8.668303,11.581974,8.335879,9.237902
2016-09-15,9.494685,3.6127126,11.166809,6.07546,6.605881,1.4753493,0.0,0.0,7.447243,7.818084,0.0,3.3306901,10.159969,1.7835824,6.6269274,13.024038,3.9041805,4.8418937,0.0,0.0,4.3147945,0.0,4.838672,1.9775248,1.6013772,4.864815,0.0,5.0729504,6.3774695,0.0
2016-09-16,0.0,5.3691154,5.974853,11.819662,12.150759,4.995235,0.0,8.687422,10.366376,4.306641,7.6247883,8.616185,5.08354,2.0071845,12.127314,6.6925664,3.5276802,5.0700693,0.0,2.6432705,0.0,1.7521832,5.0743103,0.0,2.315031,1.3048067,3.3742185,4.556494,11.6675205,0.0
2016-09-17,1.0589825,0.0,1.6382533,11.341162,5.718024,14.039347,0.55085844,5.8029175,11.676408,0.0,12.413766,10.130261,0.0,0.0,8.856153,0.0,0.0,0.0,6.9819217,0.0,0.0,0.0,0.0,0.8950886,7.516749,0.0,0.0,0.0,8.067265,0.0
2016-09-18,0.0,0.0,0.0,0.0,1.838571,0.0,0.0,0.0,0.0,0.0,0.0,0.0,4.8443832,0.0,2.928292,0.0,0.0,4.4841294,0.0,0.0,0.0,0.0,0.0,0.0,0.0,0.0,0.0,0.0,2.8004432,0.0
2016-09-19,0.0,0.0,0.0,3.0849586,3.332439,2.8540018,0.0,0.0,3.687665,0.0,0.0,2.1915572,0.0,1.0384232,3.3091602,0.0,0.0,0.0,0.0,1.537566,5.3175316,0.0,0.0,0.0,0.0,0.0,0.0,0.0,3.0861554,2.903695
2016-09-20,0.0,0.0,0.0,15.636776,14.694315,15.157489,0.0,9.502753,20.882698,3.6887608,17.710331,8.35621,0.0,3.770801,22.164825,0.0,0.0,0.0,19.739504,6.109921,9.77569,4.046923,0.0,0.0,7.3164053,0.0,8.037825,0.0,20.19712,7.2793126
2016-09-21,3.8107884,8.338076,5.93723,9.1445055,4.3962092,9.813491,3.8102355,11.633466,8.338116,0.0,13.289471,5.567118,3.2245972,0.0,9.826803,0.0,4.727053,3.5160968,14.478566,6.8271646,0.0,9.275951,5.3499527,1.1377077,8.206345,0.0,11.081469,4.050338,6.6326704,11.485032
2016-09-22,0.0,2.2353292,0.0,2.8954272,0.0,3.864777,0.0,3.541989,0.0,0.0,3.3073564,0.0,0.0,1.4022987,3.4540596,0.0,2.2310662,0.0,6.275238,1.974623,0.0,2.086387,0.0,0.0,0.0,0.0,3.6455247,0.0,0.0,3.640504
2016-09-23,0.0,0.0,0.0,0.0,0.0,0.0,0.0,0.0,0.0,0.0,2.960099,0.0,0.0,0.0,0.0,0.0,0.0,0.0,3.4992394,0.0,0.0,0.0,0.0,0.0,0.0,0.0,0.0,0.0,3.5063787,0.0
2016-09-24,0.0,0.0,0.0,0.0,0.0,0.0,0.0,0.0,0.0,0.0,0.0,0.0,0.0,0.0,0.0,0.0,0.0,0.0,0.0,0.0,0.0,0.0,0.0,0.0,0.0,0.0,0.0,0.0,0.0,0.0
2016-09-25,0.0,0.0,0.0,0.0,0.0,0.0,0.0,0.0,0.0,0.0,0.0,0.0,0.0,0.0,0.0,0.0,0.0,0.0,0.0,0.0,0.0,0.0,0.0,0.0,0.0,0.0,0.0,0.0,0.0,0.0
2016-09-26,0.0,0.0,0.0,2.9019182,2.949471,2.956969,0.0,2.2417662,4.9249597,0.0,3.4297373,2.4101388,0.0,2.3007362,3.1486318,0.0,0.0,0.0,2.8566406,2.5788505,0.0,2.4857967,0.0,0.0,3.0821743,0.0,0.0,0.0,2.4943483,0.0
2016-09-27,0.0,4.3077164,0.0,9.916979,9.0514345,9.518867,2.7036939,8.575932,7.823872,2.0002296,11.253754,8.566539,4.666468,4.701304,10.162264,0.0,1.4075096,5.749941,9.859156,3.296772,4.6223674,5.335542,2.0569026,0.0,7.0865555,3.9541798,8.137571,4.283677,6.9761434,7.865131
2016-09-28,0.0,8.107311,2.2965868,10.816919,12.285603,10.470624,2.981327,10.561865,13.039787,6.840416,12.499687,14.657117,6.9709578,9.520113,16.252888,5.556622,5.4413342,4.445209,12.3151865,9.558895,5.0216756,9.43845,4.5501966,0.0,14.484631,3.1499457,8.68022,6.9731846,11.842935,5.973285
2016-09-29,1.5974689,13.898681,9.002262,11.573229,11.797772,11.512769,7.5860953,13.904596,7.355628,9.801237,15.1968155,12.279936,10.402204,13.037632,10.812125,9.534922,11.514425,11.335665,16.903046,15.523214,13.851029,13.758365,11.479474,4.226259,15.592247,10.942414,13.911129,10.88258,7.3829117,13.883195
2016-09-30,9.770585,3.1957047,20.137554,6.59166,6.089492,6.018557,5.347064,2.9044604,7.358713,0.0,5.660593,2.8859057,2.6221807,0.0,7.3081756,35.49218,0.0,3.9060407,4.119443,1.4688358,0.0,3.5244315,3.2643101,7.782517,2.9954515,6.8699036,3.423305,5.6837735,7.238975,4.094721
2016-10-01,0.0,0.0,0.0,1.8350854,0.0,0.0,0.0,0.0,3.7178,0.0,0.0,0.0,0.0,0.0,3.9152093,0.0,0.0,0.0,0.0,0.0,0.0,0.0,0.0,0.0,0.0,0.0,0.0,0.0,1.7342814,0.0
2016-10-02,0.0,0.0,6.972511,0.0,0.0,0.0,0.0,0.0,0.0,0.0,0.0,0.0,0.0,0.0,0.0,12.697336,0.0,0.0,0.0,0.0,0.0,0.0,0.0,0.0,0.0,0.0,0.0,0.0,0.0,0.0
2016-10-03,0.0,0.0,0.0,0.0,0.0,0.0,0.0,0.0,0.0,5.3143024,0.0,0.0,5.9485703,4.5767174,0.0,0.0,0.0,0.0,0.0,6.957426,0.0,0.0,0.0,0.0,2.5163574,0.0,0.0,4.361571,0.0,0.0
2016-10-04,0.0,18.968763,0.0,15.353828,9.891962,14.573207,0.0,15.422098,0.0,13.244432,9.940276,16.878368,16.214014,16.495699,0.0,0.0,20.302542,10.163479,0.0,20.426731,13.470461,17.255028,14.258856,0.0,16.584177,11.857162,14.94307,0.0,0.0,7.3026977
2016-10-05,0.0,0.0,0.0,5.834291,0.0,10.295529,0.0,11.413072,0.0,8.10008,14.549724,7.96709,9.623873,0.0,0.0,0.0,0.0,10.557307,12.083336,6.470315,0.0,5.1386156,0.0,0.0,8.709198,0.0,0.0,10.64054,0.0,0.0
2016-10-06,0.0,0.0,0.0,7.976249,0.0,12.8919325,0.0,4.880273,0.0,0.0,8.706963,12.382475,0.0,0.0,5.917612,0.0,3.422207,0.0,4.841943,10.5318165,0.0,6.404794,0.0,0.0,13.157457,0.0,0.0,0.0,0.0,0.0
2016-10-07,0.0,10.0015955,0.0,13.140562,13.97695,14.76775,0.0,9.809874,12.447743,3.6711454,10.527762,6.9812665,3.3886218,6.791144,22.861145,0.0,5.8318105,0.0,11.010711,10.180523,0.0,10.6859255,4.0085125,0.0,10.005075,0.0,9.520784,0.0,13.38854,9.338044
2016-10-08,0.0,0.0,0.0,0.0,3.5695658,0.0,0.0,0.0,4.4750495,0.0,0.0,0.0,0.0,0.0,3.034586,0.0,0.0,0.0,0.0,0.0,0.0,0.0,0.0,0.0,0.0,0.0,0.0,0.0,8.370447,0.0
2016-10-09,0.0,0.0,0.0,9.124954,12.95865,5.812549,0.0,0.0,12.295042,0.0,0.0,11.708257,0.0,0.0,7.828318,0.0,0.0,0.0,0.0,0.0,0.0,0.0,0.0,0.0,0.0,0.0,0.0,0.0,15.963585,0.0
2016-10-10,0.0,0.0,0.0,8.973986,17.919373,5.812549,0.0,0.0,0.0,0.0,0.0,0.0,0.0,0.0,9.213695,0.0,0.0,0.0,0.0,0.0,0.0,0.0,0.0,0.0,0.0,0.0,0.0,0.0,6.57118,0.0
2016-10-11,0.0,7.366723,0.0,15.460436,16.50269,14.418118,0.0,10.816755,2.6428628,0.0,11.913162,21.937122,0.0,11.44063,6.697574,0.0,6.0254297,0.0,7.949123,10.467562,5.8954787,11.680444,0.0,0.0,13.295333,0.0,7.195982,0.0,2.0730689,8.825986
2016-10-12,0.0,27.279955,0.0,8.128213,11.590819,8.987638,0.0,22.222328,0.0,17.841885,10.299903,18.855507,20.14426,23.740911,3.9117575,0.0,27.85017,10.180906,22.742054,27.505663,23.792627,17.943726,23.641706,0.0,19.067371,9.741381,22.044106,12.748958,4.5712147,23.142233
2016-10-13,8.71242,3.826333,17.994165,8.14805,9.049205,5.1207604,14.438711,0.0,0.0,21.277489,1.8621621,17.26891,19.43716,15.098578,0.0,10.143438,12.196758,14.13475,0.0,5.832508,21.821285,0.0,0.0,2.9894168,11.477835,6.7204604,0.0,21.309618,0.0,0.0
2016-10-14,0.0,0.0,4.3647637,0.0,0.0,0.0,0.0,0.0,0.0,0.0,0.0,0.0,0.0,0.0,0.0,5.0771136,0.0,0.0,0.0,0.0,0.0,0.0,0.0,0.0,0.0,0.0,0.0,0.0,0.0,0.0
2016-10-15,0.0,0.0,0.0,0.0,0.0,0.0,0.0,0.0,0.0,0.0,0.0,0.0,0.0,0.0,0.0,0.0,0.0,0.0,0.0,0.0,0.0,0.0,0.0,0.0,0.0,0.0,0.0,0.0,0.0,0.0
2016-10-16,0.0,0.0,0.0,0.0,0.0,0.0,0.0,0.0,0.0,0.0,0.0,0.0,0.0,0.0,0.0,0.0,0.0,0.0,0.0,0.0,0.0,0.0,0.0,0.0,0.0,0.0,0.0,0.0,0.0,0.0
2016-10-17,0.0,0.0,0.0,0.0,0.0,0.0,0.0,0.0,0.0,0.0,0.0,0.0,0.0,0.0,0.0,0.0,0.0,0.0,0.0,0.0,0.0,0.0,0.0,0.0,0.0,0.0,0.0,0.0,0.0,0.0
2016-10-18,0.0,0.0,7.1319604,0.0,0.0,0.0,0.0,0.0,0.0,0.0,0.0,0.0,0.0,0.0,0.0,4.9103875,0.0,0.0,0.0,0.0,0.0,0.0,0.0,0.0,0.0,0.0,0.0,0.0,0.0,0.0
2016-10-19,3.0746007,3.118064,7.148544,0.0,0.0,0.0,3.5946496,0.0,0.0,0.0,0.0,0.0,0.0,0.0,0.0,0.0,3.382746,0.0,0.0,3.147281,0.0,0.0,0.0,0.0,0.0,0.0,0.0,0.0,0.0,0.0
2016-10-20,10.381468,2.8612978,15.376518,0.0,0.0,0.0,15.36291,0.0,0.0,6.9727497,0.0,0.0,12.245905,6.8405595,0.0,13.811996,5.537897,14.172295,0.0,0.0,3.961755,0.0,10.122166,12.522354,0.0,14.075459,0.0,15.168993,0.0,0.0
2016-10-21,11.863661,12.305547,18.894463,0.0,0.0,0.0,18.6234,13.687282,0.0,14.979891,6.7552814,0.0,16.91171,8.028462,0.0,15.41599,5.9674497,18.660292,12.695017,5.3327565,6.1795816,12.900438,13.859283,13.766634,0.0,15.82665,12.98129,19.204477,0.0,11.300209
2016-10-22,5.431637,13.804019,5.7563567,1.4347929,0.0,0.0,5.978147,4.1614156,0.0,9.618901,0.0,0.0,15.932304,7.9565125,0.9784292,0.0,11.31727,16.630589,8.390447,5.4092345,0.0,0.0,18.180504,10.617939,0.0,19.684713,15.228804,9.739408,0.0,10.78429
2016-10-23,0.0,11.505252,0.0,0.0,3.105017,0.18325202,2.972249,6.90984,2.123996,6.116659,4.292178,0.0,10.862913,6.449359,1.9964296,0.0,12.097607,10.142111,15.663344,5.5477357,0.0,5.342686,12.348482,8.479255,1.7012022,12.322154,10.094469,6.982224,1.8572928,15.063248
2016-10-24,0.0,8.236941,0.0,0.0,0.0,0.0,0.0,0.0,0.0,0.0,0.0,0.0,0.0,0.0,0.0,0.0,4.2748303,0.0,5.236266,9.430472,0.0,6.866176,0.0,0.0,0.0,0.0,4.871167,1.3328534,0.0,6.4838595
2016-10-25,6.8009615,0.0,10.841797,0.0,0.0,0.0,7.92531,0.0,0.0,0.0,0.0,0.0,3.8942938,0.0,0.0,13.559957,0.0,5.88691,5.5568404,0.0,0.0,0.0,3.9045632,5.1277194,0.0,4.3461714,0.0,7.0541286,0.0,0.0
2016-10-26,0.0,0.0,0.0,0.0,0.0,0.0,0.0,0.0,0.0,0.0,0.0,0.0,0.0,0.0,0.0,0.0,0.0,0.0,0.0,0.0,0.0,0.0,0.0,0.0,0.0,0.0,0.0,0.0,0.0,0.0
2016-10-27,0.0,0.0,0.0,0.0,0.0,0.0,0.0,0.0,0.0,0.0,0.0,0.0,0.0,0.0,0.0,0.0,0.0,0.0,0.0,0.0,0.0,0.0,0.0,0.0,0.0,0.0,0.0,0.0,0.0,0.0
2016-10-28,0.0,0.0,0.0,0.0,0.0,0.0,0.0,0.0,0.0,0.0,0.0,0.0,0.0,0.0,0.0,0.0,0.0,0.0,0.0,0.0,0.0,0.0,0.0,0.0,0.0,0.0,0.0,0.0,0.0,0.0
2016-10-29,0.0,13.076169,0.0,9.469337,0.0,9.440077,7.6941853,6.6875753,18.100744,5.9441366,9.571675,8.666411,0.0,8.799795,10.822756,0.0,10.069562,5.0813055,7.650372,12.795192,9.178849,13.323539,0.0,7.0850286,10.715488,9.446995,6.0802417,0.0,16.284607,5.716041
2016-10-30,0.0,24.61482,11.975588,13.0836935,12.515061,11.974887,11.812001,19.607876,14.991966,28.998745,18.023146,13.564836,25.140419,24.752157,16.4881,19.454462,20.454613,20.929604,20.459087,20.731857,31.050465,22.474346,27.545597,12.064243,22.014103,25.153,22.455814,21.197048,14.550708,22.670776
2016-10-31,20.224253,18.966986,29.620617,4.355934,5.9643254,13.039848,19.781776,19.97635,0.0,23.91722,16.07613,8.509605,20.784779,20.690441,0.0,31.188393,16.098946,13.924171,17.43881,13.555749,26.38245,17.13702,14.151032,23.981026,15.459234,18.544895,19.365574,16.161968,3.4692328,19.368189
2016-11-01,17.394133,4.031658,19.881052,4.862466,5.0048566,0.0,7.186886,0.0,12.254048,6.1126175,6.5634913,3.9267166,4.863615,0.0,9.610245,22.663176,0.32286698,6.9176197,20.817549,0.0,0.0,0.0,15.526255,16.505026,0.0,12.984938,8.498699,0.0,9.288718,16.504265
2016-11-02,25.313015,12.422501,31.189379,21.594015,10.456745,34.43654,16.02094,37.83419,13.75971,18.285728,41.99346,9.893019,17.30698,11.340519,20.059278,34.790974,10.195516,15.554569,42.887978,5.2698364,20.153374,23.054577,27.140732,25.054228,11.316549,16.769358,35.0931,13.926944,27.800934,38.301468
2016-11-03,15.869221,11.289886,22.880337,5.232895,0.0,8.122276,11.976277,15.265127,10.586382,14.165912,14.666474,3.8640285,9.017037,13.549735,6.8542986,24.195393,10.141584,8.349743,26.183287,8.635187,14.194504,8.33625,11.2676115,14.236442,8.095345,11.175486,16.122772,10.3126955,10.17054,25.221794
2016-11-04,11.534227,0.0,15.983458,0.0,0.0,0.0,19.664059,0.0,0.0,16.019938,0.0,0.0,22.985933,8.19506,0.0,10.379875,6.1262884,19.66159,0.0,0.0,0.0,0.0,0.0,16.665924,0.0,7.668646,0.0,24.41932,0.0,0.0
2016-11-05,5.9909897,0.0,5.635659,0.0,0.0,2.7804499,6.2152042,0.0,0.0,0.0,0.0,0.0,0.0,0.0,0.0,0.0,0.0,6.045553,0.0,0.0,0.0,2.7641666,0.0,0.0,3.0518963,0.0,0.0,6.5166807,0.0,0.0
2016-11-06,2.4350834,1.9717132,1.1541184,0.0,0.0,0.0,0.92552525,0.0,0.0,0.0,0.0,0.0,0.0,0.0,0.0,0.0,0.97079873,0.0,0.0,0.0,0.0,0.0,2.1912274,2.1693723,0.0,2.103198,2.6976027,2.5947545,0.0,0.0
2016-11-07,0.0,0.0,0.0,0.0,0.0,0.0,0.0,0.0,0.0,0.0,0.0,0.0,0.0,0.0,0.0,0.0,0.0,0.0,0.0,0.0,0.0,0.0,0.0,0.0,0.0,0.0,0.0,0.0,0.0,0.0
2016-11-08,0.0,0.0,0.0,0.0,0.0,0.0,0.0,0.0,0.0,0.0,0.0,0.0,0.0,0.0,0.0,0.0,0.0,0.0,0.0,0.0,0.0,0.0,0.0,0.0,0.0,0.0,0.0,0.0,0.0,0.0
2016-11-09,0.0,0.0,0.0,0.0,0.0,0.0,0.0,0.0,0.0,0.0,0.0,0.0,0.0,0.0,0.0,0.0,0.0,0.0,0.0,0.0,0.0,0.0,0.0,0.0,0.0,0.0,0.0,0.0,0.0,0.0
2016-11-10,0.0,0.0,0.0,0.0,0.0,0.0,0.0,0.0,0.0,0.0,0.0,0.0,0.0,0.0,0.0,0.0,0.0,0.0,0.0,0.0,0.0,0.0,0.0,0.0,0.0,0.0,0.0,0.0,0.0,0.0
2016-11-11,0.0,0.0,3.0823512,0.0,0.0,0.0,0.0,0.0,0.0,0.0,0.0,0.0,0.0,0.0,0.0,0.0,0.0,0.0,0.0,0.0,0.0,0.0,0.0,0.0,0.0,0.0,0.0,0.0,0.0,0.0
2016-11-12,0.0,0.0,0.0,0.0,0.0,0.0,0.0,0.0,0.0,0.0,0.0,0.0,0.0,0.0,0.0,0.0,0.0,0.0,0.0,0.0,0.0,0.0,0.0,0.0,0.0,0.0,0.0,0.0,0.0,0.0
2016-11-13,9.161039,0.0,3.852972,0.0,0.0,0.0,2.917867,3.2751472,0.0,7.269437,9.01047,0.0,6.8705645,0.0,0.0,0.0,0.0,0.0,14.122828,0.0,0.0,0.0,4.154413,6.8998356,0.0,4.3157306,5.587569,7.5205884,0.0,9.642922
2016-11-14,14.385953,5.033701,14.445684,5.306156,0.0,7.499308,13.089067,5.821663,0.0,18.707394,5.793642,3.436104,15.9289055,12.590732,0.0,10.295435,12.589254,10.113911,7.957791,5.91247,13.576859,5.1526875,5.842793,7.623802,5.105798,7.161462,8.345896,18.969286,0.0,8.849247
2016-11-15,7.3203707,0.0,5.2740803,0.0,0.0,0.0,6.880264,0.0,0.0,9.753197,0.0,0.0,4.8175015,0.84000796,0.0,3.1613162,0.0,0.0,0.0,0.0,7.9327555,0.0,0.0,7.2160916,0.0,0.0,0.0,4.9474106,0.0,0.0
2016-11-16,14.400836,8.416429,13.674592,0.0,0.0,0.0,9.456357,9.398898,0.0,0.0,0.0,0.0,4.952494,0.0,0.0,6.9699087,0.0,7.5267167,10.441034,0.0,0.0,5.9468746,16.834524,12.649045,0.0,11.66304,16.827404,7.841885,0.0,9.505415
2016-11-17,19.62255,5.7686014,12.416968,0.0,0.0,0.0,15.811663,18.655682,0.0,7.4615884,20.491581,0.0,3.284766,0.0,0.0,10.649333,4.0937243,11.054685,39.60845,2.522181,0.0,3.292221,23.410397,28.058727,0.0,24.03382,32.949936,5.4090967,0.0,39.60845
2016-11-18,12.016959,7.6913996,11.339286,0.0,4.244141,0.0,10.499681,15.205833,11.345534,5.466693,9.46074,0.41197312,4.744693,4.505394,5.068132,14.481176,4.7629924,4.1101217,32.586617,0.0,7.287775,8.065513,14.889725,21.865597,0.0,15.474322,17.310472,8.5156765,6.937456,23.150818
2016-11-19,34.174866,10.521099,26.617542,6.932643,9.411664,6.6776714,22.422419,27.095573,15.203343,0.0,28.611946,2.3995624,9.37364,0.0,10.12851,23.087727,4.5292034,13.142904,60.464172,3.3540957,0.0,6.148177,25.921566,30.664915,3.2132761,21.390123,41.18742,10.929286,17.20398,58.045918
2016-11-20,40.36861,21.320639,34.275974,30.599613,17.29771,27.13098,27.54327,35.156853,28.588049,9.822954,34.671497,16.499432,13.903011,10.903222,41.27978,27.704199,17.375746,17.754406,53.926834,19.008305,9.760147,30.07129,35.74197,28.623165,20.152433,19.083347,41.92465,13.434334,7.0728636,52.27279
2016-11-21,21.543552,0.0,22.609678,2.6181026,2.9760857,2.6444633,6.735801,0.0,0.0,0.0,1.0769715,4.1186523,3.698558,2.9368837,2.864619,23.234154,0.0,5.3348374,0.0,0.0,3.4380527,0.0,5.2668324,12.669498,0.0,7.3007207,0.0,3.440125,2.4792056,0.0
2016-11-22,12.961281,2.4302247,18.852463,0.0,0.0,0.0,2.4371238,0.0,0.0,0.0,0.0,0.0,0.0,0.0,0.0,20.988665,0.0,2.5416107,0.0,0.0,0.0,0.0,10.501063,8.758046,0.0,6.6908693,9.948982,2.4880896,0.0,0.0
2016-11-23,0.0,0.0,0.0,0.0,0.0,0.0,0.0,0.0,0.0,0.0,0.0,0.0,0.0,0.0,0.0,4.8622847,0.0,0.0,0.0,0.0,0.0,0.27194905,0.0,0.0,0.0,0.0,0.0,0.0,0.0,0.0
2016-11-24,2.289979,0.0,0.0,0.0,0.0,0.0,0.0,0.0,0.0,0.0,0.0,0.0,0.0,0.0,0.0,0.0,0.0,0.0,0.0,0.0,0.0,0.0,0.0,0.0,0.0,0.0,0.0,0.0,0.0,0.0
2016-11-25,0.0,0.0,0.0,0.0,0.0,0.0,0.0,0.0,0.0,0.0,0.0,0.0,0.0,0.0,0.0,0.0,0.0,0.0,0.0,0.0,0.0,0.0,0.0,0.0,0.0,0.0,0.0,0.0,0.0,0.0
2016-11-26,0.0,0.0,0.0,0.0,0.0,0.0,3.1065927,3.443749,0.0,0.0,2.8667502,0.0,0.0,0.0,0.0,0.0,0.0,0.0,4.369787,0.0,0.0,2.7264912,0.0,3.0919483,0.0,0.0,0.0,0.0,0.0,4.037574
2016-11-27,3.8209653,1.7200652,0.0,0.0,0.0,0.0,3.7364585,0.0,0.0,0.0,2.6235728,0.0,0.0,0.0,0.0,0.0,1.6923323,0.0,6.775688,0.0,0.0,0.0,4.8672147,3.8381805,0.0,0.0,4.901621,0.0,0.0,6.159586
2016-11-28,12.035201,6.072144,14.691211,5.2741985,4.856511,5.3145866,9.666646,3.548519,23.061806,5.687485,5.229691,2.0990977,9.930149,0.0,12.38876,7.4523873,3.7309067,9.328603,5.329867,2.6882722,4.0737495,4.0793734,7.01959,9.8103695,2.7686543,7.453076,7.574727,17.319405,11.744933,4.927968
2016-11-29,0.0,9.570384,0.0,10.196896,10.989454,8.184292,5.210244,11.406571,10.028229,17.601934,11.426661,7.7281485,10.674647,11.74847,10.547523,0.0,9.51276,9.370548,12.878411,9.725208,14.935001,8.462866,14.0892105,9.399037,9.104217,10.484399,13.244237,16.19467,11.818099,10.834498
2016-11-30,14.692909,10.916459,13.3855095,10.354288,9.042668,16.658188,15.631422,18.807688,15.421176,18.110645,21.55369,7.4060645,20.96962,11.048953,14.264061,0.0,13.019444,15.262379,31.835663,10.163773,17.59743,12.624195,14.1215105,17.39353,11.084536,15.134628,20.050205,20.833094,11.175022,31.11744
2016-12-01,47.379627,44.074177,45.54685,54.877815,60.709927,47.881935,62.807682,53.337833,120.18843,57.37321,58.612324,16.440147,56.859287,38.812046,103.13812,8.048335,35.657787,56.700787,67.177795,40.98725,88.88083,47.901527,39.77027,53.90199,42.94535,47.260944,48.86257,78.71153,103.28368,59.761497
2016-12-02,0.0,0.0,0.0,0.0,0.0,0.0,0.0,0.0,0.0,8.137157,0.0,0.0,0.0,8.172047,21.644352,0.0,0.0,0.0,19.679482,0.0,11.607236,0.0,0.0,0.0,0.0,0.0,0.0,0.0,0.0,25.414803
2016-12-03,0.0,0.0,0.0,0.0,0.0,0.0,14.718265,0.0,0.0,31.553219,0.0,0.0,0.0,17.10272,0.0,0.0,0.0,12.909674,0.0,0.0,38.404716,0.0,0.0,0.0,0.0,13.167584,0.0,17.306192,16.098501,0.0
2016-12-04,0.0,0.0,0.0,47.021027,14.0594425,39.593678,0.0,0.0,55.654423,0.0,0.0,0.0,0.0,0.0,45.937595,0.0,0.0,0.0,0.0,0.0,0.0,0.0,0.0,0.0,0.0,0.0,0.0,0.0,42.050312,0.0
2016-12-05,0.0,0.0,51.63411,0.0,0.0,0.0,0.0,0.0,0.0,0.0,0.0,0.0,0.0,0.0,0.0,40.601063,0.0,0.0,0.0,0.0,0.0,0.0,0.0,0.0,0.0,0.0,0.0,0.0,0.0,0.0
2016-12-06,0.0,0.0,0.0,0.0,0.0,0.0,0.0,0.0,0.0,0.0,0.0,0.0,0.0,0.0,0.0,0.0,0.0,0.0,0.0,0.0,0.0,0.0,0.0,0.0,0.0,0.0,0.0,0.0,0.0,0.0
2016-12-07,0.0,0.0,0.0,0.0,0.0,0.0,0.0,0.0,0.0,0.0,0.0,0.0,0.0,0.0,0.0,0.0,0.0,0.0,0.0,0.0,0.0,0.0,0.0,0.0,0.0,0.0,0.0,0.0,0.0,0.0
2016-12-08,7.800411,0.0,2.356693,0.0,0.0,0.0,0.0,0.0,0.0,0.0,0.0,0.0,0.0,0.0,0.0,0.0,0.0,0.0,0.0,0.0,0.0,0.0,0.0,0.0,0.0,0.0,0.0,0.0,0.0,0.0
2016-12-09,0.0,0.0,4.677403,0.0,0.0,0.0,0.0,0.0,6.209579,0.0,0.0,0.0,0.0,0.0,8.070905,6.703489,0.0,0.0,0.0,0.0,7.9777246,0.0,0.0,0.0,0.0,0.0,0.0,0.0,9.008872,0.0
2016-12-10,7.117405,4.5370426,0.0,15.574644,12.00882,19.723791,9.595471,15.323611,14.948148,4.257462,21.030163,7.3713923,1.8355922,4.74401,19.01441,0.0,1.877068,4.5399017,15.32008,4.1163855,16.070938,6.5245976,7.927622,12.484877,8.103836,10.026681,9.318866,0.0,13.457675,12.059545
2016-12-11,0.0,6.6862006,0.0,23.279007,19.605188,30.527754,0.0,11.063798,58.058765,37.66916,29.412136,10.314899,21.865475,10.944056,50.087547,0.0,3.9392848,5.330145,22.44783,2.5735364,21.76397,5.1483545,12.523171,0.0,1.2914474,6.748726,12.75201,17.789682,50.111668,10.162178
2016-12-12,0.0,12.929709,0.0,138.18204,130.84763,110.87503,0.0,29.279785,96.7646,7.733919,83.04726,77.31144,0.0,28.948269,117.01133,0.0,0.0,2.2505379,34.06849,33.658813,26.681965,23.97248,2.4501982,0.0,77.00275,2.353341,13.903313,0.0,111.88088,18.439209
2016-12-13,0.0,0.0,0.0,0.0,0.0,0.0,0.0,0.0,0.0,0.0,0.0,0.0,0.0,0.0,0.0,8.836502,0.0,0.0,0.0,0.0,13.414336,0.0,0.0,0.0,0.0,0.0,0.0,0.0,0.0,0.0
2016-12-14,0.0,0.0,0.0,0.0,0.0,0.0,0.0,0.0,0.0,0.0,0.0,0.0,0.0,0.0,0.0,0.0,0.0,0.0,0.0,0.0,6.8831105,0.0,0.0,0.0,0.0,0.0,0.0,0.0,0.0,0.0
2016-12-15,8.212058,0.0,10.690773,0.0,0.0,0.0,0.0,0.0,0.0,0.0,0.0,0.0,0.0,0.0,0.0,11.841328,0.0,0.0,0.0,0.0,0.0,0.0,0.0,0.0,0.0,0.0,0.0,0.0,0.0,0.0
2016-12-16,0.0,0.0,0.0,0.0,0.0,0.0,0.0,0.0,0.0,0.0,0.0,0.0,0.0,0.0,0.0,0.0,0.0,0.0,0.0,0.0,0.0,0.0,0.0,0.0,0.0,0.0,0.0,0.0,0.0,0.0
2016-12-17,0.0,0.0,0.0,0.0,0.0,0.0,0.0,0.0,0.0,0.0,0.0,0.0,0.0,0.0,0.0,0.0,0.0,0.0,18.533915,0.0,0.0,0.0,0.0,0.0,0.0,0.0,0.0,0.0,0.0,0.0
2016-12-18,0.0,0.0,0.0,0.0,0.0,0.0,0.0,0.0,0.0,0.0,0.0,0.0,0.0,0.0,0.0,0.0,0.0,0.0,0.0,0.0,0.0,0.0,0.0,0.0,0.0,0.0,0.0,0.0,0.0,0.0
2016-12-19,0.0,0.0,0.0,0.0,0.0,0.0,0.0,0.0,0.0,0.0,0.0,0.0,0.0,0.0,0.0,0.0,0.0,0.0,0.0,0.0,0.0,0.0,0.0,0.0,0.0,0.0,0.0,0.0,0.0,0.0
2016-12-20,5.398398,12.372589,6.16282,0.0,0.0,0.0,0.0,25.213757,0.0,0.0,22.910744,0.0,5.837787,0.0,0.0,6.7208323,4.7061977,5.5233917,44.115883,5.7423573,0.0,16.46706,10.577238,0.0,9.318985,6.643584,27.099022,0.0,0.0,44.115883
2016-12-21,7.679836,0.0,9.077823,0.0,0.0,0.0,0.0,0.0,0.0,3.4063644,0.0,0.0,0.0,9.355529,0.0,10.384217,0.0,0.0,0.0,0.0,12.758247,0.0,0.0,0.0,0.0,0.0,0.0,0.0,0.0,0.0
2016-12-22,0.0,0.0,0.0,0.0,0.0,0.0,0.0,0.0,0.0,0.0,0.0,0.0,0.0,0.0,0.0,0.0,0.0,0.0,0.0,0.0,0.0,0.0,0.0,0.0,0.0,0.0,0.0,0.0,0.0,0.0
2016-12-23,0.0,0.0,0.0,0.0,0.0,0.0,0.0,0.0,0.0,0.0,0.0,0.0,0.0,0.0,0.0,0.0,0.0,0.0,0.0,0.0,0.0,0.0,0.0,0.0,0.0,0.0,0.0,0.0,0.0,0.0
2016-12-24,0.0,0.0,0.0,0.0,0.0,0.0,0.0,0.0,0.0,0.0,0.0,0.0,0.0,0.0,0.0,0.0,0.0,0.0,0.0,0.0,0.0,0.0,0.0,0.0,0.0,0.0,0.0,0.0,0.0,0.0
2016-12-25,0.0,0.0,0.0,0.0,0.0,0.0,0.0,0.0,0.0,0.0,0.0,0.0,0.0,0.0,0.0,0.0,0.0,0.0,0.0,0.0,0.0,0.0,0.0,0.0,0.0,0.0,0.0,0.0,0.0,0.0
2016-12-26,0.0,0.0,0.0,0.0,0.0,0.0,0.0,0.0,0.0,0.0,0.0,0.0,0.0,0.0,0.0,0.0,0.0,0.0,0.0,0.0,0.0,0.0,0.0,0.0,0.0,0.0,0.0,0.0,0.0,0.0
2016-12-27,0.0,0.0,6.6773367,0.0,0.0,0.0,0.0,0.0,0.0,0.0,0.0,0.0,0.0,0.0,0.0,7.1844864,0.0,0.0,20.668085,0.0,0.0,0.0,0.0,36.946712,0.0,0.0,0.0,0.0,0.0,0.0
2016-12-28,5.225195,0.0,6.750204,0.0,0.0,0.0,0.0,0.0,0.0,0.0,0.0,0.0,0.0,2.299661,0.0,6.8533735,0.0,0.0,30.180199,0.0,9.538316,0.0,0.0,0.0,0.0,0.0,0.0,0.0,0.0,29.432968
2016-12-29,0.0,0.0,0.0,0.0,0.0,0.0,0.0,0.0,0.0,0.0,0.0,0.0,0.0,0.0,0.0,0.0,0.0,0.0,0.0,0.0,0.0,0.0,0.0,0.0,0.0,0.0,0.0,0.0,0.0,0.0
2016-12-30,0.0,0.0,0.0,0.0,0.0,0.0,0.0,0.0,0.0,0.0,0.0,0.0,3.23026,0.0,0.0,0.0,0.0,0.0,0.0,0.0,0.0,0.0,0.0,0.0,0.0,0.0,0.0,3.7386253,0.0,0.0
2016-12-31,0.0,0.0,0.0,0.0,0.0,0.0,0.0,0.0,0.0,0.0,0.0,0.0,0.0,0.0,0.0,0.0,0.0,0.0,0.0,0.0,0.0,0.0,0.0,0.0,0.0,0.0,0.0,0.0,0.0,0.0
2017-01-01,0.0,7.324662,0.0,7.4283905,6.2311044,8.282923,0.0,0.0,7.257129,11.971598,5.347857,7.9960523,10.798588,8.592794,8.232951,0.0,7.177945,0.9478621,0.0,7.5636063,11.744127,9.245736,0.0,0.0,7.5624876,0.0,0.0,10.136532,7.463566,0.0
2017-01-02,0.0,0.0,0.0,0.0,5.1764746,0.0,0.0,0.0,5.9369855,0.0,0.0,4.291562,0.0,0.0,5.69735,0.0,0.0,0.0,0.0,0.0,2.6912122,0.0,0.0,0.0,0.0,0.0,0.0,0.0,5.208353,0.0
2017-01-03,0.0,7.222976,0.0,6.7188063,6.3296585,0.0,0.0,0.0,0.0,0.0,0.0,7.335313,0.0,0.0,0.0,0.0,6.849475,0.0,0.0,4.767597,0.0,0.0,0.0,0.0,7.0560875,0.0,0.0,0.0,0.0,0.0
2017-01-04,0.0,0.0,0.0,0.0,0.0,0.0,0.0,0.0,0.0,0.0,0.0,0.0,0.0,0.0,0.0,0.0,0.0,0.0,0.0,0.0,0.0,0.0,0.0,0.0,7.678136,0.0,0.0,0.0,0.0,0.0
2017-01-05,0.0,0.0,0.0,0.0,4.377468,0.0,0.0,0.0,0.0,0.0,0.0,4.077758,0.0,0.0,0.0,0.0,0.0,0.0,0.0,0.0,0.0,0.0,0.0,0.0,0.0,0.0,0.0,0.0,0.0,0.0
2017-01-06,0.0,0.0,0.0,0.0,0.0,0.0,0.0,0.0,2.5690427,6.2011127,0.0,0.0,0.0,4.4002395,3.471112,0.0,0.0,0.0,0.0,0.0,10.664244,0.0,0.0,0.0,0.0,0.0,0.0,0.0,5.932412,0.0
2017-01-07,0.0,3.8562813,0.0,0.0,0.0,0.0,0.0,0.0,0.0,0.0,0.0,1.3316128,0.0,0.0,0.0,0.0,4.0201435,0.0,0.0,0.0,0.0,0.0,0.0,0.0,0.0,0.0,0.0,0.0,0.0,0.0
2017-01-08,0.0,0.0,0.0,4.38788,0.0,6.2003055,0.0,0.0,0.0,0.0,0.0,4.011821,0.0,0.0,0.0,0.0,0.0,0.0,0.0,0.0,0.0,0.0,0.0,0.0,5.141224,0.0,0.0,0.0,0.0,0.0
2017-01-09,0.0,5.5785513,0.0,0.0,0.0,0.0,0.0,0.0,0.0,3.6339605,0.0,0.0,5.257588,3.815926,0.0,0.0,4.8003635,0.0,0.0,6.283657,0.0,5.2865276,0.0,0.0,6.0535765,0.0,0.0,0.0,0.0,0.0
2017-01-10,0.0,5.2236524,0.0,0.0,0.0,0.0,0.0,0.0,0.0,4.707355,0.0,0.0,0.0,7.6469417,0.0,0.0,0.0,0.0,0.0,5.344368,9.625134,5.181868,0.0,0.0,0.0,0.0,0.0,0.0,0.0,0.0
2017-01-11,0.0,0.0,0.0,0.0,0.0,0.0,0.0,0.0,0.0,0.0,0.0,0.0,0.0,0.0,0.0,0.0,0.0,0.0,0.0,0.0,0.0,0.0,0.0,0.0,0.0,0.0,0.0,0.0,0.0,0.0
2017-01-12,0.0,0.0,0.0,0.0,0.0,4.9267807,0.0,0.0,0.0,0.0,0.0,0.0,0.0,0.0,0.0,0.0,0.0,0.0,0.0,0.0,0.0,0.0,0.0,0.0,0.0,0.0,0.0,0.0,0.0,0.0
2017-01-13,0.0,6.207044,0.0,0.0,0.0,5.5678368,0.0,0.0,0.0,7.2877445,0.0,5.3845487,5.7706585,6.1054654,0.0,0.0,0.0,0.0,0.0,6.751599,6.1439652,5.6322947,0.0,0.0,6.2938757,0.0,0.0,5.7584777,0.99340326,0.0
2017-01-14,0.0,0.0,0.0,0.0,0.0,0.0,0.0,0.0,0.0,0.0,0.0,0.0,0.0,0.0,0.0,0.0,0.0,0.0,0.0,0.0,0.0,0.0,0.0,0.0,0.0,0.0,0.0,0.0,0.0,0.0
2017-01-15,0.0,0.0,0.0,0.0,0.0,0.0,0.0,0.0,0.0,0.0,0.0,0.0,0.0,0.0,0.0,0.0,0.0,0.0,0.0,0.0,0.0,0.0,0.0,0.0,0.0,0.0,0.0,0.0,0.0,0.0
2017-01-16,0.0,0.0,0.0,0.0,0.0,0.0,0.0,0.0,0.0,0.0,0.0,0.0,0.0,0.0,0.0,0.0,0.0,0.0,0.0,0.0,0.0,0.0,0.0,0.0,0.0,0.0,0.0,0.0,0.0,0.0
2017-01-17,0.0,0.0,0.0,0.0,0.0,0.0,0.0,0.0,0.0,0.0,0.0,0.0,0.0,0.0,0.0,0.0,0.0,0.0,0.0,0.0,0.0,0.0,0.0,0.0,0.0,0.0,0.0,0.0,0.0,0.0
2017-01-18,0.0,0.0,0.0,0.0,0.0,0.0,0.0,0.0,0.0,0.0,0.0,0.0,0.0,0.0,0.0,0.0,0.0,0.0,0.0,0.0,0.0,0.0,0.0,0.0,0.0,0.0,0.0,0.0,0.0,0.0
2017-01-19,0.0,0.0,0.0,0.0,0.0,0.0,0.0,0.0,0.0,0.0,0.0,0.0,0.0,0.0,0.0,0.0,0.0,0.0,0.0,0.0,0.0,0.0,0.0,0.0,0.0,0.0,0.0,0.0,0.0,0.0
2017-01-20,0.0,9.5544,0.0,7.34571,5.974186,10.842815,0.0,0.0,6.582342,10.413536,5.6513696,7.2754955,8.041834,7.974923,0.0,0.0,5.1451087,0.0,0.0,10.110586,9.834524,9.583918,0.0,0.0,9.6498165,0.0,0.0,8.403352,4.9123716,0.0
2017-01-21,3.3487265,22.210794,2.8449147,7.291046,6.961445,11.67685,7.0311484,14.642301,9.348763,8.727965,16.350603,7.4106517,18.004597,7.9306626,7.947039,0.0,20.824028,10.598932,24.71308,8.754457,8.691772,21.536163,16.236326,15.765504,9.818041,14.448535,17.891113,6.867341,7.3025413,22.47523
2017-01-22,0.0,8.398759,0.0,0.0,0.0,0.0,0.0,9.461533,0.0,0.0,5.896923,0.0,0.0,0.0,0.0,0.0,0.0,0.0,6.5684223,0.0,0.0,6.910416,3.9513106,0.0,0.0,0.0,7.7525883,0.0,0.0,5.6849356
2017-01-23,5.1721773,0.0,9.39458,14.751532,13.812067,10.914785,5.5201283,0.0,0.0,0.0,0.0,0.0,0.0,0.0,11.286484,2.4189143,0.0,0.0,0.0,0.0,0.0,0.0,3.4512095,6.5326867,0.0,0.0,0.0,2.0420299,12.80104,0.0
2017-01-24,0.0,0.0,0.0,0.0,0.0,0.0,0.0,0.0,0.0,0.0,0.0,0.0,0.0,0.0,0.0,0.0,0.0,0.0,0.0,0.0,0.0,0.0,0.0,4.2519364,0.0,0.0,0.0,0.0,0.0,0.0
2017-01-25,1.6204609,0.0,0.0,7.9405985,0.0,14.971467,0.0,0.0,0.0,0.0,13.953992,0.0,0.0,0.0,4.2093596,0.0,0.0,0.0,37.3827,0.0,0.0,16.462458,3.2747033,5.881452,0.0,4.7458844,9.44947,0.0,0.0,23.500565
2017-01-26,0.0,0.0,5.5633626,0.0,0.0,7.148185,0.0,14.140897,0.0,0.0,16.202839,0.0,0.0,0.0,0.0,3.5281675,0.0,0.0,15.055973,0.0,0.0,12.112462,6.4575644,6.5409007,0.0,0.0,14.029618,0.0,0.0,11.771905
2017-01-27,30.92201,21.088284,43.17857,12.75782,11.099565,28.22411,31.061499,32.498856,0.0,13.79784,30.51695,0.0,18.310677,4.5722055,16.83067,45.9765,0.0,30.131878,37.57408,0.0,30.693958,21.536844,27.620386,41.99373,3.8924026,32.267452,31.361755,29.792221,11.2839985,32.027412
2017-01-28,0.0,0.0,16.1918,0.0,0.0,10.110511,16.336815,7.0105395,0.0,0.0,10.435269,0.0,37.25342,4.8836837,0.0,0.0,0.0,10.919068,0.0,0.0,23.743742,6.739668,0.0,0.0,0.0,0.0,0.0,41.378036,0.0,0.0
2017-01-29,0.0,0.0,0.0,0.0,0.0,0.0,0.0,0.0,0.0,0.0,0.0,0.0,0.0,0.0,0.0,0.0,0.0,0.0,0.0,0.0,0.0,0.0,0.0,0.0,0.0,0.0,0.0,0.0,0.0,0.0
2017-01-30,0.0,0.0,0.0,0.0,0.0,0.0,0.0,0.0,0.0,0.0,0.0,0.0,0.0,0.0,0.0,0.0,0.0,0.0,0.0,0.0,0.0,0.0,0.0,0.0,0.0,0.0,0.0,0.0,0.0,0.0
2017-01-31,0.0,0.0,0.0,0.0,0.0,0.0,0.0,0.0,0.0,0.0,0.0,0.0,0.0,0.0,0.0,0.0,0.0,0.0,0.0,0.0,0.0,0.0,0.0,0.0,0.0,0.0,0.0,0.0,0.0,0.0
2017-02-01,0.0,0.0,0.0,0.0,0.0,0.0,0.0,0.0,0.0,0.0,0.0,0.0,0.0,0.0,0.0,0.0,0.0,0.0,0.0,0.0,0.0,0.0,0.0,0.0,0.0,0.0,0.0,0.0,0.0,0.0
2017-02-02,0.0,0.0,0.0,0.0,0.0,0.0,0.0,0.0,0.0,0.0,0.0,0.0,0.0,0.0,0.0,0.0,0.0,0.0,0.0,0.0,0.0,0.0,0.0,0.0,0.0,0.0,0.0,0.0,0.0,0.0
2017-02-03,0.0,0.0,0.0,0.0,0.0,0.0,0.0,0.0,0.0,0.0,0.0,0.0,0.0,0.0,0.0,0.0,0.0,0.0,0.0,0.0,0.0,0.0,0.0,0.0,0.0,0.0,0.0,0.0,0.0,0.0
2017-02-04,0.0,0.0,0.0,0.0,0.0,0.0,0.0,0.0,0.0,0.0,0.0,0.0,0.0,0.0,0.0,0.0,0.0,0.0,0.0,0.0,0.0,0.0,0.0,0.0,0.0,0.0,0.0,0.0,0.0,0.0
2017-02-05,0.0,0.0,0.0,0.0,0.0,3.3162944,0.0,0.0,0.0,0.0,0.0,0.0,0.0,0.0,0.0,0.0,0.0,0.0,0.0,3.4702291,0.0,0.5742459,0.0,0.0,3.96403,0.0,0.0,0.0,0.0,0.0
2017-02-06,0.0,0.0,0.0,0.0,0.0,0.0,0.0,0.0,0.0,0.0,0.0,0.0,0.0,0.0,0.0,0.0,0.0,0.0,0.0,0.0,0.0,0.0,0.0,0.0,0.0,0.0,0.0,0.0,0.0,0.0
2017-02-07,0.0,0.0,0.0,0.0,0.0,0.0,0.0,0.0,0.0,0.0,0.0,0.0,0.0,0.0,0.0,0.0,0.0,0.0,0.0,0.0,0.0,0.0,0.0,0.0,0.0,0.0,0.0,0.0,0.0,0.0
2017-02-08,0.0,0.0,0.0,0.0,0.0,0.0,0.0,0.0,0.0,0.0,0.0,0.0,0.0,0.0,0.0,0.0,0.0,0.0,0.0,0.0,0.0,0.0,0.0,0.0,0.0,0.0,0.0,0.0,0.0,0.0
2017-02-09,0.0,0.0,0.0,0.0,0.0,0.0,0.0,0.0,0.0,0.0,0.0,0.0,0.0,0.0,0.0,0.0,0.0,0.0,0.0,0.0,0.0,0.0,0.0,0.0,0.0,0.0,0.0,0.0,0.0,0.0
2017-02-10,0.0,0.0,0.0,0.0,0.0,0.0,0.0,0.0,0.0,0.0,0.0,0.0,0.0,0.0,0.0,0.0,0.0,0.0,0.0,0.0,0.0,0.0,0.0,0.0,0.0,0.0,0.0,0.0,0.0,0.0
2017-02-11,0.0,0.0,0.0,0.0,0.0,0.0,0.0,0.0,0.0,0.0,0.0,0.0,0.0,0.0,0.0,0.0,0.0,0.0,0.0,0.0,0.0,0.0,0.0,0.0,0.0,0.0,0.0,0.0,0.0,0.0
2017-02-12,0.0,0.0,0.0,0.0,0.0,0.0,0.0,0.0,0.0,0.0,0.0,0.0,0.0,0.0,0.0,0.0,0.0,0.0,0.0,0.0,0.0,0.0,0.0,0.0,0.0,0.0,0.0,0.0,0.0,0.0
2017-02-13,0.0,0.0,0.0,0.0,0.0,0.0,0.0,0.0,0.0,0.0,0.0,0.0,0.0,0.0,0.0,0.0,0.0,0.0,0.0,0.0,0.0,0.0,0.0,0.0,0.0,0.0,0.0,0.0,0.0,0.0
2017-02-14,0.0,0.0,0.0,0.0,0.0,0.0,0.0,0.0,0.0,0.0,0.0,1.650403,0.0,0.0,0.0,0.0,0.0,0.0,2.3273523,0.0,3.2285068,0.0,0.0,0.0,2.901413,0.0,0.0,0.0,0.0,0.0
2017-02-15,0.0,0.0,0.0,0.0,0.0,0.0,0.0,0.0,0.0,0.0,0.0,0.0,0.0,0.0,0.0,0.0,0.0,0.0,0.0,0.0,0.0,0.0,0.0,0.0,0.0,0.0,0.0,0.0,0.0,0.0
2017-02-16,0.0,0.0,0.0,0.0,0.0,0.0,0.0,0.0,0.0,0.0,1.9560872,0.0,0.0,2.9004471,0.0,0.0,0.0,0.0,0.0,0.0,5.5247602,0.0,4.472256,3.4918864,0.0,1.8016149,4.1102886,0.0,0.0,0.0
2017-02-17,0.0,0.0,0.0,0.0,0.0,0.0,0.0,0.0,0.0,0.0,0.0,0.0,0.0,0.0,0.0,0.0,0.0,0.0,0.0,0.0,0.0,0.0,0.0,0.0,0.0,0.0,0.0,0.0,0.0,0.0
2017-02-18,0.0,0.0,0.0,0.0,0.0,0.0,0.0,0.0,0.0,0.0,0.0,0.0,0.0,0.0,0.0,0.0,0.0,0.0,0.0,0.0,0.0,0.0,0.0,0.0,0.0,0.0,0.0,0.0,0.0,0.0
2017-02-19,0.0,3.022975,4.3629117,0.0,0.0,0.0,5.624652,0.0,0.3090415,0.0,0.0,0.0,4.250313,0.0,0.0,6.6397715,3.653834,6.272401,0.0,3.028327,4.957194,0.0,0.0,0.0,0.0,0.0,0.0,2.8730116,0.0,0.0
2017-02-20,0.0,0.0,0.0,0.0,0.0,0.0,0.0,0.0,0.0,13.62571,0.0,0.0,5.3964496,7.482587,0.0,0.0,2.8907015,0.0,0.0,3.8866818,8.043354,0.0,0.0,1.6806332,4.4096746,0.0,0.0,8.568437,0.0,0.0
2017-02-21,5.258697,4.9077415,20.192543,0.0,0.0,0.0,8.34976,0.0,0.0,0.0,0.0,0.0,6.508699,0.0,0.0,27.629187,3.9100678,5.3783584,9.577587,0.0,3.634227,0.0,0.0,19.314695,0.0,8.935847,0.0,5.6776414,0.0,8.925695
2017-02-22,0.0,0.0,0.0,0.0,0.0,0.0,0.0,0.0,0.0,0.0,0.0,0.0,0.0,0.0,0.0,0.0,0.0,0.0,0.0,0.0,0.0,0.0,0.0,0.0,0.0,0.0,0.0,0.0,0.0,0.0
2017-02-23,0.0,0.0,0.0,0.0,0.0,0.0,0.0,0.0,0.0,0.0,0.0,0.0,0.0,0.0,0.0,0.0,0.0,0.0,0.0,0.0,0.0,0.0,0.0,0.0,0.0,0.0,0.0,0.0,0.0,0.0
2017-02-24,0.0,0.0,0.0,2.796008,0.0,3.6654186,0.0,0.0,0.0,0.0,0.0,3.9186783,0.0,0.0,0.0,0.0,0.0,0.0,0.0,3.2155998,0.0,0.0,3.8691518,3.8730667,4.049128,2.8022783,1.397763,0.0,0.0,0.0
2017-02-25,11.638742,0.0,10.501213,0.0,0.0,0.0,10.552099,0.0,0.0,7.658388,0.0,0.0,7.751438,4.2319326,0.0,7.8095794,3.9338322,10.598374,0.0,1.5015106,6.372037,0.0,0.0,9.786406,0.0,0.0,0.0,14.226169,0.0,0.0
2017-02-26,2.0577266,2.966895,3.2955067,3.8216968,4.0335107,1.7271808,4.614026,3.104087,4.1727667,11.051247,0.0,5.0862613,5.2389646,5.9730954,4.8294888,0.0,1.0711427,5.383544,0.0,1.6755985,20.379242,3.8932285,1.858915,5.2624764,5.9391365,5.9495754,2.7975566,1.5897094,4.2603846,0.0
2017-02-27,1.4034885,8.932768,3.1178813,7.613635,7.4807696,4.437834,0.0,8.57308,3.4244807,0.0,8.847342,8.695703,2.86307,5.93762,3.7457538,3.8421147,2.612517,1.5473827,12.175541,7.365714,0.0,12.319252,8.455319,6.567087,9.753445,4.7066207,10.365666,0.0,3.619881,11.90942
2017-02-28,12.4562235,0.0,12.424136,0.0,0.0,0.0,2.741268,0.0,0.0,0.36714846,3.893164,0.0,0.0,0.0,0.0,12.025949,0.0,2.1784027,6.772966,2.3465383,0.0,0.0,0.0,4.0601344,0.0,3.5561004,4.660633,0.0,0.0,7.016896
2017-03-01,17.614143,6.2410083,22.41539,6.282932,4.3916903,11.0908985,21.287727,6.473454,0.0,7.1198144,5.660278,5.303617,10.320434,0.0,0.0,19.19606,5.162964,18.006638,3.6138473,6.0806804,14.467955,6.209109,8.564945,12.189758,11.640081,8.521237,8.085886,20.372393,0.0,5.647026
2017-03-02,4.4476366,7.042428,9.726944,12.696708,9.500102,7.428215,0.5613369,9.159244,3.8113275,15.387924,6.0139623,14.4186535,18.030653,9.870538,10.067499,0.0,4.9048257,6.4578395,3.8364317,8.733592,13.291057,6.806316,5.778586,5.2048965,9.768787,4.4869747,8.41643,20.6538,8.641177,4.696702
2017-03-03,3.7191262,5.2689075,11.037722,0.0,0.0,0.0,7.176745,6.4890018,0.0,0.0,5.735848,0.0,3.4022655,0.0,0.0,4.902745,1.4912022,3.5838072,13.756554,0.0,0.0,6.3060374,8.233481,13.599745,0.0,9.01846,11.460403,0.0,0.0,14.041268
2017-03-04,9.750317,12.1646385,16.71393,6.234767,6.5388002,10.381312,21.223402,10.252067,0.0,33.074688,13.3960285,8.721919,19.392399,9.730242,6.147362,27.522942,12.242635,24.315983,11.366011,12.039051,27.763834,8.911846,9.140335,6.3355913,11.827763,8.027309,9.58888,32.17364,3.8737516,11.052204
2017-03-05,6.526465,3.755315,23.994093,0.0,0.0,1.0054718,21.970629,5.6952896,0.0,13.633524,6.0682125,8.938503,7.374072,22.03558,3.268089,0.0,0.0,7.4769745,0.0,0.0,4.356045,7.7948565,0.0,0.0,11.683023,2.7620664,0.0,23.182384,0.0,0.0
2017-03-06,7.6209064,7.5615616,11.021223,0.0,0.0,4.705795,12.960025,0.0,0.0,16.04156,0.0,11.439811,15.564628,17.302162,0.0,4.6470437,4.1497946,9.875826,0.0,7.073806,21.32743,9.756037,2.570065,0.0,11.813843,3.5633194,0.9825194,16.108673,0.0,0.0
2017-03-07,3.9645545,0.0,10.711222,0.0,0.0,0.0,6.6741557,0.0,0.0,13.962389,0.0,6.3972945,0.0,6.796305,0.0,7.125876,0.0,5.0986543,0.0,0.0,17.214762,0.0,0.0,0.0,0.0,0.0,0.0,7.9096093,0.0,0.0
2017-03-08,0.0,0.0,5.239884,8.1143055,9.654655,0.0,4.5165563,0.0,0.0,6.515618,0.0,13.31557,0.0,8.186793,0.0,5.7800484,0.0,3.894813,0.0,0.0,7.002936,0.0,0.0,0.0,2.5784714,0.0,0.0,6.683204,0.0,0.0
2017-03-09,4.3166027,5.298802,11.230567,5.7077656,0.0,7.9615374,11.13156,7.5099654,0.0,9.031061,7.505843,5.1898174,10.723146,6.0412083,0.0,7.745886,4.16303,9.085453,0.0,7.4730744,0.0,4.7121887,4.946632,2.7348483,6.490244,3.5075912,9.106612,12.551976,0.0,0.0
2017-03-10,6.0115347,12.360378,7.009635,14.366918,12.13526,14.117386,9.326085,13.850595,0.0,10.365173,12.244984,12.193328,10.106477,9.471348,7.879272,4.952228,3.9731739,10.875451,5.226177,9.804009,19.135576,14.495107,6.7013645,0.0,12.355843,6.9722166,10.001712,11.026979,0.0,4.879561
2017-03-11,2.9808295,4.8761926,5.830496,2.9596596,0.0,6.5304403,6.2650175,4.4841146,0.0,6.2277246,5.0541663,3.3297052,6.8257356,0.0,0.0,3.9023876,1.1274767,4.68005,0.0,5.118605,0.0,7.039447,2.575746,1.9040135,5.9815626,3.5935643,0.0,6.637184,0.0,0.0
2017-03-12,0.0,6.8519197,5.8612957,2.3361766,0.0,6.456651,6.751503,12.191166,1.4360592,0.0,8.601229,4.0555687,6.419501,0.0,0.0,0.0,3.4962263,7.843824,0.0,0.0,0.0,8.959383,4.6602464,1.725044,2.964433,5.7201767,11.007626,9.000445,6.4231515,5.757352
2017-03-13,0.0,2.14036,11.722591,6.550668,10.803386,2.7956123,12.86949,0.0,0.0,5.179332,0.0,9.019905,4.8757987,6.991399,0.0,0.0,0.0,10.111514,0.0,0.8221899,0.0,0.0,3.8405068,0.0,6.9463863,0.0,4.6922417,12.432885,8.982154,0.0
2017-03-14,6.674082,4.2464185,9.743327,3.977271,4.540683,4.035189,12.605276,6.786736,0.0,17.740934,6.224484,4.9918165,6.875886,16.96256,2.4664044,3.565437,1.7650499,11.905027,11.643818,3.6153524,29.109194,5.0675206,1.4247591,2.9473853,4.993404,2.4182925,11.94524,15.607942,4.3120584,12.640538
2017-03-15,15.526938,3.6870105,16.218555,0.0,0.0,0.0,17.3558,3.9200022,0.0,17.85384,0.0,0.0,14.315713,4.897533,0.0,14.5309925,2.3608003,13.998752,7.690409,2.3720224,11.469973,0.0,6.9402924,7.7912636,0.0,6.6221433,7.716769,16.448801,0.0,9.641722
2017-03-16,3.7191994,2.314448,4.6456285,0.0,0.0,1.9409525,3.2831423,1.4830159,0.0,3.7808506,2.0135798,6.4356074,0.0,2.0715964,0.0,2.598679,0.0,0.0,1.8952607,1.7253247,6.403935,3.0848677,0.0,0.0,3.2405815,0.0,1.1369193,3.2273698,0.0,1.8952607
2017-03-17,0.7534014,0.0,3.7354143,0.0,0.0,0.0,0.0,0.0,0.0,0.0,0.0,2.4482403,0.0,5.3479533,0.0,3.5303252,0.0,0.0,0.0,0.0,3.4650245,0.0,0.0,0.0,1.6840153,0.0,0.0,3.3227367,0.0,0.0
2017-03-18,0.0,0.0,4.1866536,1.9557492,0.0,0.0,3.3581595,0.0,0.0,2.4254212,0.0,3.193796,1.7920119,4.0325375,0.0,2.6638117,0.0,0.0,0.0,2.68652,2.7770565,0.0,0.0,0.0,3.5445065,0.0,0.0,3.6101527,1.8810852,0.0
2017-03-19,0.0,0.0,0.0,0.0,0.0,0.0,0.0,0.0,0.0,2.6590354,0.0,0.0,0.0,2.3144543,0.0,0.0,0.0,0.0,0.0,0.0,2.8766582,0.0,0.0,0.0,0.0,0.0,0.0,0.0,0.124563366,0.0
2017-03-20,0.0,1.6628611,3.3845692,0.0,4.739116,0.0,0.0,0.0,0.0,6.541423,0.0,0.0,4.5681424,4.364828,2.8930748,0.0,1.9792073,0.0,0.0,5.1943207,4.382309,1.438425,0.0,0.0,3.4707394,0.0,0.0,5.6992335,4.788701,0.0
2017-03-21,0.0,0.0,0.0,0.0,0.0,0.0,0.0,0.0,0.0,2.1394968,0.0,0.0,0.0,0.0,0.0,2.4075985,0.0,0.0,0.0,0.0,0.0,0.0,0.0,0.0,0.0,0.0,0.0,0.0,0.0,0.0
2017-03-22,0.0,0.0,0.0,0.0,0.0,0.0,0.0,0.0,0.0,0.0,0.0,0.0,0.0,0.0,0.0,0.0,0.0,0.0,0.0,0.0,0.0,0.0,0.0,0.0,0.0,0.0,0.0,0.0,0.0,0.0
2017-03-23,0.0,0.0,0.0,0.0,0.0,0.0,0.0,0.0,0.0,0.0,0.0,0.0,0.0,0.0,0.0,0.0,0.0,0.0,0.0,0.0,0.0,0.0,0.0,0.0,0.0,0.0,0.0,0.0,0.0,0.0
2017-03-24,0.0,0.0,0.0,0.0,0.0,0.0,0.0,0.0,0.0,0.0,0.0,0.0,0.0,0.0,0.0,0.0,0.0,0.0,0.0,0.0,0.0,0.0,0.0,0.0,0.0,0.0,0.0,0.0,0.0,0.0
2017-03-25,0.0,0.0,0.0,0.0,0.0,0.0,0.0,0.0,0.0,0.0,0.0,0.0,0.0,0.0,0.0,0.0,0.0,0.0,0.0,0.0,0.0,0.0,0.0,0.0,0.0,0.0,0.0,0.0,0.0,0.0
2017-03-26,0.0,0.0,0.0,0.0,0.0,0.0,0.0,0.0,0.0,0.0,0.0,0.0,0.0,0.0,0.0,0.0,0.0,0.0,0.0,0.0,0.0,0.0,0.0,0.0,0.0,0.0,0.0,0.0,0.0,0.0
2017-03-27,0.0,0.0,0.0,0.0,0.0,0.0,0.0,0.0,0.0,0.0,0.0,0.0,0.0,0.0,0.0,0.0,0.0,0.0,0.0,0.0,0.0,0.0,0.0,0.0,0.0,0.0,0.0,0.0,0.0,0.0
2017-03-28,0.0,0.0,0.0,0.0,0.0,1.0341558,0.0,1.5214753,0.0,0.0,1.6531941,0.0,0.0,0.0,0.0,0.0,0.0,0.0,0.0,0.0,0.0,1.8033454,0.0,0.0,0.0,0.0,0.0,0.0,0.0,0.0
2017-03-29,2.454168,0.0,4.320925,0.0,0.0,0.0,0.0,0.0,0.0,0.0,0.0,0.0,0.0,0.0,0.0,3.2320316,0.0,0.0,0.0,0.0,0.0,0.0,0.0,0.5785193,0.0,0.0,0.0,0.0,0.0,0.0
2017-03-30,0.0,0.0,4.0289717,0.0,0.0,0.0,3.8738596,0.0,0.0,0.0,0.0,0.0,0.0,0.0,0.0,0.0,0.0,0.0,0.0,0.0,0.0,0.0,0.0,0.0,0.0,0.0,0.0,3.7524285,0.0,0.0
2017-03-31,6.852478,0.0,12.103974,0.0,0.0,0.0,8.755497,0.0,0.0,0.0,0.0,0.0,0.0,0.0,0.0,9.15769,0.0,5.8631573,0.0,0.0,0.0,0.0,0.0,0.0,0.0,0.0,0.0,7.72461,0.0,0.0
2017-04-01,0.0,0.0,0.0,0.0,0.0,0.0,0.0,0.0,0.0,0.0,0.0,0.0,0.0,0.0,0.0,0.0,0.0,0.0,0.0,0.0,0.0,0.0,0.0,0.0,0.0,0.0,0.0,0.0,0.0,0.0
2017-04-02,0.0,0.0,10.455316,0.0,0.0,0.0,0.0,0.0,0.0,0.0,0.0,0.0,0.0,0.0,0.0,10.689727,0.0,0.0,0.0,0.0,0.0,0.0,0.0,0.0,0.0,0.0,0.0,0.0,0.0,0.0
2017-04-03,0.0,0.0,0.0,0.0,0.0,0.0,0.0,0.0,0.0,0.0,0.0,0.0,0.0,0.0,0.0,0.0,0.0,0.0,0.0,0.0,2.5849152,0.0,0.0,0.0,0.0,0.0,0.0,0.0,0.0,0.0
2017-04-04,0.0,0.0,0.0,0.0,0.0,0.0,0.0,0.0,0.0,0.0,0.0,0.0,0.0,1.9536184,0.0,0.0,0.0,0.0,0.0,0.0,3.4867594,0.0,0.0,0.0,0.0,0.0,0.0,0.0,0.0,0.0
2017-04-05,0.0,0.0,0.0,0.0,0.0,0.0,0.0,0.0,0.0,0.0,0.0,0.0,0.0,0.0,0.0,0.0,0.0,0.0,0.0,0.0,5.4009356,0.0,0.0,0.0,0.6869593,0.0,0.0,0.0,0.0,0.0
2017-04-06,0.0,0.0,5.0784745,0.0,0.0,0.0,2.078589,0.0,0.0,9.896187,0.0,4.8699627,6.011339,10.09221,0.0,0.0,0.0,0.0,0.0,2.3006942,22.577486,0.0,0.0,0.0,4.0001345,0.0,0.0,8.723538,0.0,0.0
2017-04-07,0.0,0.0,0.0,0.0,0.0,0.0,0.0,0.0,0.0,4.056167,0.0,0.0,0.0,0.0,0.0,0.0,0.0,0.0,0.0,0.0,6.6298256,0.0,0.0,0.0,0.0,0.0,0.0,0.0,0.0,0.0
2017-04-08,0.0,0.0,4.39391,0.0,0.0,0.0,4.432756,0.0,0.0,6.449451,0.0,0.0,0.0,0.0,0.0,0.0,0.0,0.0,0.0,0.0,0.0,0.0,0.0,0.0,0.0,0.0,0.0,6.5354557,0.0,0.0
2017-04-09,0.0,0.0,6.544982,0.0,0.0,0.0,0.0,0.0,0.0,2.9044797,0.0,0.0,0.0,0.0,0.0,8.192659,0.0,0.0,0.0,0.0,6.3453674,0.0,0.0,0.0,0.0,0.0,0.0,0.0,0.0,0.0
2017-04-10,0.0,0.0,0.0,0.0,0.0,0.0,0.0,0.0,0.0,0.0,0.0,0.0,0.0,0.0,0.0,0.0,0.0,0.0,0.0,0.0,3.6818671,0.0,0.0,0.0,0.0,0.0,0.0,0.0,0.0,0.0
2017-04-11,5.9677234,1.0955329,7.200628,0.0,1.3901645,0.0,3.975054,0.0,0.0,9.2773905,0.0,1.4103009,6.2252126,3.4703944,0.0,4.537677,1.0479376,2.9885807,0.0,3.2449265,0.0,0.0,5.819442,9.931088,3.4687595,6.853676,3.649282,7.335582,0.0,0.0
2017-04-12,0.0,0.0,11.784456,0.0,0.0,0.0,5.9063997,0.0,0.0,6.1936636,0.0,0.0,4.4623528,2.7030146,0.0,12.950482,0.0,3.6562028,0.0,0.0,7.1495237,0.0,0.0,0.0,0.0,0.0,0.0,8.394608,0.0,0.0
2017-04-13,9.321218,2.4985104,15.184844,0.0,0.0,3.6377614,11.967039,2.466378,0.0,5.319047,3.519884,0.0,6.981811,0.0,0.0,18.471205,1.1925838,7.9764986,1.4782789,1.2633477,7.342541,1.7828225,3.835896,5.293517,1.224265,3.7412775,4.0280657,13.430567,0.0,4.2040715
2017-04-14,5.181979,2.3126593,8.024647,5.209092,4.3494353,6.592828,7.0239015,0.4051902,6.4945235,1.628482,1.51468,5.791483,3.340917,1.9817837,5.6407824,11.012038,2.5230544,6.265449,0.0,1.8519508,0.0,0.9126669,1.6467903,0.0,6.011814,0.0,2.7378175,5.4025006,6.5158906,0.0
2017-04-15,2.4593778,0.0,0.0,0.0,0.0,0.0,0.0,0.0,0.0,0.0,0.0,0.0,0.0,0.0,0.0,0.0,0.0,0.0,0.0,0.0,0.0,0.0,0.0,0.0,0.0,0.0,0.0,0.0,0.0,0.0
2017-04-16,0.0,1.2223396,0.0,0.0,0.0,0.0,0.0,0.0,0.0,2.1834528,0.0,3.5264363,2.347707,4.449235,0.0,0.0,2.0971155,0.0,0.0,2.5042582,2.5381615,0.0,0.0,0.0,2.60672,0.0,0.0,2.360117,0.0,0.0
2017-04-17,0.0,0.0,0.0,0.0,0.0,0.0,0.0,0.0,0.0,0.0,0.0,4.6827683,2.2809918,5.0440893,0.0,0.0,1.4354459,1.4001602,0.0,2.0291047,0.0,0.0,0.0,0.0,3.6845672,0.0,0.0,1.8140612,0.0,0.0
2017-04-18,0.0,0.0,0.0,0.0,0.0,0.0,0.0,0.0,0.0,1.5538477,0.0,5.131814,0.0,4.733578,0.0,0.0,0.0,0.0,0.0,0.0,3.54837,0.0,0.0,0.0,0.0,0.0,0.0,0.0,0.0,0.0
2017-04-19,0.0,0.0,0.0,0.0,0.0,0.0,0.0,0.0,0.0,0.0,0.0,0.0,0.0,0.0,0.0,0.0,0.0,0.0,0.0,0.0,0.0,0.0,0.0,0.0,0.0,0.0,0.0,0.0,0.0,0.0
2017-04-20,0.0,2.951494,0.0,9.264619,10.332582,7.4037237,0.0,0.0,0.0,10.004645,0.0,11.610396,8.372244,14.213575,3.122055,0.0,4.132105,2.6582108,0.0,5.764654,15.367015,0.0,0.0,0.0,9.308237,0.0,0.0,7.277159,5.431253,0.0
2017-04-21,0.0,2.0274622,0.0,5.5735273,5.4333477,4.6276007,0.0,0.0,0.0,3.7336009,0.0,7.388968,3.8945582,5.9804344,0.0,0.0,1.3907689,2.662461,0.0,2.1224904,5.6151657,2.3595376,1.1216717,0.0,6.5924144,0.0,0.0,3.3075626,0.0,0.0
2017-04-22,0.0,2.9825969,0.0,4.756177,6.5460377,2.889548,3.337192,0.0,0.0,3.785879,0.0,8.644708,3.870983,6.081993,0.0,0.0,3.6948538,2.435797,0.0,5.119747,3.053818,2.481569,1.2526256,0.0,6.8574147,1.7634768,0.0,4.3226805,0.0,0.0
2017-04-23,3.577532,3.3875895,8.434527,4.3959894,2.6306074,5.815758,6.607406,0.0,0.0,3.4845355,2.5813777,4.5274177,6.8268504,2.7563972,0.0,0.0,1.9326485,5.170101,0.0,3.1754751,2.9103835,4.3111806,1.3756591,0.0,5.0267735,1.5395582,0.0,9.867611,0.0,0.0
2017-04-24,1.6167264,5.8731318,4.122457,4.3995275,3.8825648,5.7937846,6.507517,4.569293,0.0,5.108184,2.9186947,6.7101026,7.276191,5.3601,0.0,0.0,4.321343,5.9729824,0.0,4.7524,0.0,5.300365,7.237945,0.86639154,6.54497,4.528594,4.603634,6.703605,0.0,0.0
2017-04-25,2.7247086,7.369541,3.1352339,5.9088907,6.197681,6.124223,3.5534058,3.2750275,0.0,4.5236473,4.923355,6.889119,4.140572,5.372721,1.6232216,0.0,4.533354,3.2532923,0.0,6.410149,3.084046,7.950547,2.433726,0.0,7.671198,1.2781141,0.0,3.3518026,3.682882,0.0
2017-04-26,7.445234,3.6043391,9.018638,0.0,0.0,0.0,8.295875,0.0,0.0,6.5259056,0.0,0.0,9.871578,2.9292088,0.0,6.2846146,3.0645297,5.9298973,0.0,0.0,0.0,2.0238848,3.392291,5.902287,0.0,5.314985,2.4527068,10.228948,0.0,0.0
2017-04-27,8.842255,0.0,10.296432,0.0,0.0,0.0,6.010567,0.0,0.0,4.5056615,0.0,0.0,0.0,0.0,0.0,10.407523,0.0,3.3547072,0.0,0.0,1.9163074,0.0,0.0,5.902287,0.0,0.0,0.0,4.4966297,0.0,0.0
2017-04-28,0.0,0.0,0.0,0.0,0.0,0.0,0.0,0.0,0.0,0.0,0.0,0.0,0.0,0.0,0.0,0.0,0.0,0.0,0.0,0.0,0.0,0.0,0.0,0.0,0.0,0.0,0.0,0.0,0.0,0.0
2017-04-29,5.4155293,0.0,8.056253,0.0,0.0,0.0,4.746357,0.0,0.0,6.688416,0.0,2.0467703,5.7039385,4.3806176,0.0,0.0,2.2617981,0.0,0.0,0.0,4.8780603,0.0,0.0,0.0,0.0,0.0,0.0,0.0,0.0,0.0
2017-04-30,0.0,0.0,4.9651685,0.0,0.0,0.0,4.5419383,0.0,0.0,3.4846213,0.0,0.0,0.0,2.1717863,0.0,0.0,1.6945714,3.7003822,0.0,0.0,0.0,0.0,0.0,0.0,0.0,2.044333,0.0,4.4134765,0.0,0.0
2017-05-01,0.0,0.0,0.0,0.0,0.0,0.0,0.0,0.0,0.0,7.7988496,0.0,0.0,3.9412675,7.902065,0.0,0.0,5.9592595,0.0,0.0,4.4563894,9.313702,0.0,0.0,0.0,0.0,0.0,0.0,4.115199,0.0,0.0
2017-05-02,6.543593,0.0,22.964737,0.0,0.0,0.0,12.956804,0.0,0.0,7.9005027,0.0,0.0,9.33416,3.9353464,0.0,19.85466,3.9930694,10.999605,0.0,0.0,0.0,0.0,0.0,0.0,0.0,0.0,0.0,14.002116,0.0,0.0
2017-05-03,0.0,0.0,12.471402,0.0,0.0,0.0,9.658243,4.453447,0.0,9.059894,3.8066406,1.5211511,6.369167,4.6850414,0.0,0.0,0.0,3.9399803,5.194578,0.0,6.759917,0.0,0.30651575,3.3816533,0.0,3.3735907,4.7329793,10.3929405,0.0,4.462705
2017-05-04,0.0,0.0,0.0,0.0,0.0,0.0,0.0,0.0,0.0,0.0,0.0,0.0,0.0,0.0,0.0,0.0,0.0,0.0,2.8990433,0.0,4.2130075,0.0,0.0,0.0,0.0,0.0,2.2973456,0.0,0.0,2.788873
2017-05-05,0.0,6.201644,0.0,0.0,0.0,0.0,0.0,0.0,0.0,15.440952,0.0,0.0,5.202584,0.0,0.0,8.41059,6.023029,0.0,0.0,0.0,8.76824,0.0,5.4582834,0.0,0.0,3.321149,2.5336149,5.0539827,0.0,0.0
2017-05-06,0.0,0.0,16.783699,0.0,0.0,0.0,6.495777,0.0,0.0,14.718489,0.0,3.6315343,4.7832594,14.965173,0.0,0.0,0.0,4.3187957,0.0,11.178958,10.130969,0.0,0.0,0.0,10.140665,0.0,0.0,9.883383,0.0,0.0
2017-05-07,10.591195,17.231632,20.807247,12.011135,10.602745,14.675206,12.986198,9.823788,2.5930052,15.756525,9.651266,15.58178,17.124891,15.951776,4.9522967,24.927328,17.499113,7.9073863,6.564245,18.096252,13.844801,14.939,8.674834,0.0,17.050598,6.2219806,8.281548,17.807762,7.2009196,4.7505336
2017-05-08,4.1182084,5.4383526,10.130699,0.0,0.0,0.0,5.7901773,0.0,0.0,5.955922,0.0,0.0,10.422182,0.0,0.0,9.85007,5.119915,9.140778,0.0,0.0,4.4599795,0.0,4.7980337,11.9838295,0.0,11.153858,4.33491,11.5464115,0.0,4.2820654
2017-05-09,9.094628,21.193964,11.186209,18.52232,17.323444,17.833546,11.273643,12.950186,3.2320933,10.766353,16.071537,18.655344,14.029147,19.176197,10.566195,10.997423,16.86057,11.323841,11.344587,19.99275,6.1166563,22.21848,11.903679,6.820125,20.592613,11.6992035,11.991684,11.391157,7.306747,10.557657
2017-05-10,20.692997,10.155001,31.709484,0.0,0.0,0.0,20.464674,7.5357265,0.0,17.38025,4.951629,8.712754,17.365458,13.419161,0.0,39.099438,13.310065,16.988722,9.965107,8.986422,17.29545,5.3635397,15.166144,18.467014,5.5508604,17.459188,10.903036,22.442118,0.0,9.612356
2017-05-11,0.0,20.036346,18.805304,14.677607,11.282159,14.054002,10.4825325,14.991026,3.5924203,15.362684,13.364735,16.290161,19.998896,11.886747,6.308036,13.767302,13.249813,13.953834,14.771992,24.751732,12.247533,13.4368,14.29128,10.765078,18.32716,13.823869,15.898272,19.141161,2.9316037,16.495134
2017-05-12,12.275211,8.208285,23.137703,0.0,0.0,0.0,12.936271,5.007119,0.0,24.616821,0.0,0.0,14.571932,13.257618,0.0,27.698732,6.8639293,11.119934,0.0,0.0,27.832788,0.0,8.629726,14.969228,7.501727,14.461674,6.9763894,22.958542,0.0,6.4627414
2017-05-13,8.103166,0.0,8.042149,0.0,0.0,0.0,5.822332,0.0,0.0,17.222403,0.0,0.0,14.528573,11.002982,0.0,0.0,7.19417,10.084969,0.0,0.0,13.649524,0.0,6.4099555,2.9151082,4.5114484,6.911682,3.8047757,12.8875265,0.0,0.0
2017-05-14,0.0,12.948071,13.394429,5.105365,5.398056,0.0,6.576386,2.8279436,0.0,18.891926,0.0,31.718065,9.298006,27.978575,0.0,15.083911,16.75121,5.604766,0.0,21.214525,19.176714,11.562657,0.0,0.0,29.751627,0.0,0.0,6.063979,0.0,0.0
2017-05-15,3.2949235,7.6671133,8.989803,6.9730453,9.792803,5.9051924,14.882395,5.299536,0.0,10.837325,5.574067,12.849428,14.669008,16.95823,0.0,0.0,15.610569,13.395919,0.0,24.457201,0.0,8.311191,7.352422,3.1421402,20.385746,9.498413,0.0,20.73361,1.3671852,0.0
2017-05-16,0.0,0.0,1.3539921,0.0,4.1887712,0.0,0.0,0.0,0.0,4.921124,0.0,11.175374,6.76697,4.7621803,0.0,0.0,4.681039,0.0,3.633069,0.0,4.3238635,0.0,0.0,0.0,0.0,0.0,3.2297401,2.5749977,0.0,5.101572
2017-05-17,0.0,13.802708,0.0,6.504739,6.3685384,8.152853,0.0,4.0199323,1.1324352,9.9858675,5.7567167,14.920864,8.98758,17.550026,0.0,0.0,11.804863,0.0,4.132587,14.799138,8.100954,13.195229,4.4943395,0.0,15.036164,0.0,6.1574154,2.782645,0.87599915,6.2546396
2017-05-18,25.991215,13.917569,39.596634,12.197237,10.155802,13.505254,14.470102,14.631095,1.7367502,16.187605,10.959408,19.763409,14.036837,23.308102,5.295539,46.031815,13.030781,14.141913,13.41057,15.899892,16.207018,12.3383665,13.103784,7.81385,22.841803,13.188672,14.770243,13.28213,3.4540424,14.277851
2017-05-19,5.230205,0.0,10.820524,9.141926,7.553691,8.805366,9.061923,0.0,0.0,6.028535,1.3117836,9.695233,3.1292202,0.0,1.4460975,6.288162,0.0,6.964702,0.0,3.9957905,4.1319547,4.323691,6.2615924,3.4016082,7.963874,3.4861257,1.2175467,8.129861,3.1285436,0.0
2017-05-20,3.5370657,14.581814,5.419372,10.957021,10.797654,7.669825,12.276789,5.104272,0.0,18.287893,3.6723487,14.484906,17.428505,18.08135,1.9229386,9.322451,17.502045,13.861389,4.6618156,15.84272,17.313536,11.7677145,14.1718855,11.564369,15.837236,14.864032,10.224247,12.955899,5.0992217,6.5587444
2017-05-21,10.125407,4.454075,13.400827,0.0,0.0,3.3963504,9.734265,3.237752,0.0,4.9180512,3.5901997,14.03939,5.8475547,14.84343,0.0,24.2686,6.499033,6.7901597,5.4098635,5.204326,6.4664884,3.0789895,11.840419,13.111187,14.287987,13.761459,8.660079,6.0101557,0.0,5.051302
2017-05-22,7.1085186,19.970654,12.288893,18.706108,16.192219,16.344599,11.042193,10.718588,0.0,14.959093,9.49235,25.328922,11.467187,21.632685,2.1394522,21.13766,16.69247,13.010656,3.8967695,20.830433,18.286167,18.906029,13.796404,12.622007,20.05202,13.297319,12.873436,12.013359,4.791222,8.436406
2017-05-23,2.517267,0.0,6.1800203,2.9667606,0.0,2.6879861,4.2367024,0.0,0.0,0.0,2.630988,0.0,1.8166306,0.0,0.0,5.5522523,0.0,2.5393035,8.496229,0.0,0.0,0.0,0.0,0.0,0.0,0.0,11.244389,3.4441178,1.2123836,12.135392
2017-05-24,6.3316884,5.2712336,12.847883,0.0,3.6933231,4.9342194,8.473405,6.638612,0.0,8.283175,6.303974,11.306615,6.4998846,9.799367,0.0,0.0,5.1004863,6.5001097,12.9626255,5.031165,7.533075,2.244087,8.324861,9.060544,4.113863,7.047356,12.737146,9.171294,0.0,13.127849
2017-05-25,0.0,0.0,4.246106,7.2472425,9.033769,5.184511,3.309674,0.0,0.0,11.347402,0.0,17.66867,4.760345,18.079266,0.0,5.736791,2.8535244,3.814357,0.0,12.515219,15.608594,0.0,0.0,4.965409,16.019566,5.0535326,0.0,4.9268775,0.0,0.0
2017-05-26,0.0,28.174364,0.0,26.192444,23.232817,20.512606,13.627514,19.997826,2.632281,29.498283,18.062622,40.720276,19.234797,43.07857,9.401738,0.0,21.856842,14.338917,7.2185793,39.15826,36.444782,25.969597,13.473075,0.0,43.275784,6.3505735,19.50801,13.8864155,7.5207863,8.628621
2017-05-27,0.0,0.0,0.0,7.8156133,6.5177803,5.5866156,0.0,4.9583898,0.0,11.416556,5.2248077,11.266366,11.815155,13.700673,3.816457,0.0,0.0,6.8136992,6.983575,0.0,16.54286,0.0,0.0,0.0,0.0,0.0,5.0809126,11.605465,3.3183377,6.0645375
2017-05-28,0.0,10.114103,0.0,0.0,0.0,0.0,0.0,0.0,4.8558893,0.0,0.0,0.0,9.162938,6.8277946,4.0007977,0.0,7.4348216,13.025495,0.0,6.9481044,0.0,0.0,15.328027,0.0,0.0,13.207426,9.060795,0.0,3.980389,0.0
2017-05-29,16.934746,10.59387,29.981676,0.0,0.0,0.0,35.814198,0.0,0.0,10.586332,0.0,0.0,16.752548,5.2615395,1.8771969,52.145805,5.8826175,27.16371,0.0,0.0,17.944637,0.0,14.321211,14.557463,0.0,18.703674,9.238713,36.067493,0.836345,0.0
2017-05-30,8.333662,6.4566016,20.792555,0.0,0.0,0.0,10.373408,6.3749266,0.0,0.0,5.310551,0.0,7.017157,0.0,0.0,24.50992,0.0,7.7923164,3.6595368,0.0,0.0,5.763474,10.544817,7.41359,0.0,8.665433,8.511353,0.0,0.8080122,9.343235
2017-05-31,0.0,7.484622,0.0,9.484211,4.1096506,9.056319,2.3988945,4.0174017,0.0,8.162737,3.7858672,7.9102573,7.235723,8.681128,4.476029,0.0,8.238149,6.644887,3.535212,9.636448,10.123436,6.624833,0.0,0.0,7.53222,0.0,3.5675817,6.6250772,0.0,4.3309436
2017-06-01,9.881031,5.257655,7.6233516,0.0,0.0,2.4035387,0.0,0.0,0.0,13.035616,2.0656948,2.5074434,6.3185186,6.2955613,0.0,14.191973,3.428422,0.0,0.0,5.0755086,18.737373,2.9135916,4.821351,2.851616,10.9584255,4.7391567,1.3213575,0.0,0.0,0.0
2017-06-02,0.0,6.488253,0.0,4.573848,5.3591003,5.033564,0.0,1.8102313,0.0,18.754473,2.15051,10.483971,14.2883,11.137955,0.0,0.0,6.578892,6.2562704,0.0,4.403475,55.39252,2.3549185,0.0,0.0,8.84772,0.0,0.0,12.959983,0.0,0.0
2017-06-03,0.0,0.0,0.0,6.2404513,8.199143,0.0,0.0,0.0,0.0,0.0,0.0,7.7581987,0.0,5.309599,0.0,0.0,0.0,0.0,0.0,0.0,17.88258,0.0,0.0,0.0,0.0,0.0,0.0,0.0,3.152717,0.0
2017-06-04,0.0,0.0,0.0,0.0,5.1768756,0.0,0.0,0.0,0.0,0.0,0.0,0.0,0.0,0.0,0.0,0.0,0.0,0.0,0.0,0.0,0.0,0.0,0.0,0.0,0.0,0.0,0.0,0.0,3.1118002,0.0
2017-06-05,13.354427,13.640976,47.4006,0.0,0.0,4.146727,40.546196,9.414042,0.0,44.448086,7.7003784,0.0,29.242586,8.223283,0.0,49.287342,7.6869173,28.697855,5.083164,7.906465,32.598896,10.352985,17.078218,12.074247,7.896616,21.841959,10.39904,52.778954,2.7383668,7.6029267
2017-06-06,6.7289286,9.679994,25.265928,28.070953,30.089098,18.59378,24.225431,9.377123,7.184987,30.581768,8.768231,18.519007,12.239032,10.353415,9.124392,27.673214,6.272204,14.945181,7.692968,10.3239355,52.087822,10.891,9.011286,5.2364717,11.32275,12.6006365,7.2715144,28.712896,14.30061,7.692968
2017-06-07,37.921776,13.700967,55.84485,8.786839,8.120078,6.5544577,17.222698,6.311937,8.221445,27.571096,7.463578,3.6304832,12.77613,3.1504676,7.90188,40.25202,7.973152,15.400283,9.069987,1.4310077,0.0,5.5827026,15.460078,15.709416,2.923974,18.552874,14.17944,15.924374,9.329159,15.066392
2017-06-08,8.452325,6.5020285,14.214104,5.3654666,5.0240374,4.1895432,14.316008,1.6398783,4.1336536,7.5023227,3.5879662,3.045734,5.5535264,1.7331762,3.9209256,9.312689,2.6577172,11.700228,1.7199237,1.5646489,19.14667,1.7522237,8.6787,6.1946692,2.828902,12.807188,5.625972,17.762402,5.045423,5.707561
2017-06-09,0.0,3.208818,0.0,0.0,0.0,0.0,7.0424314,2.3010566,3.4826794,0.0,0.9293169,0.0,3.3670657,0.0,2.0519361,0.0,0.0,7.0703187,1.6573086,0.0,0.0,0.0,4.538673,5.287479,0.0,6.4552965,3.3526335,6.972049,2.558305,2.6641295
2017-06-10,0.0,0.0,0.0,0.0,2.9005399,0.0,0.0,0.0,3.882365,7.190383,0.0,0.0,0.0,0.0,3.5851736,0.0,0.0,0.0,0.9118546,0.0,0.0,0.0,3.9843338,0.0,0.0,0.0,3.3175325,0.0,3.6016371,0.0
2017-06-11,36.60579,1.7586635,31.108885,4.5144644,4.0278034,4.0929346,0.0,1.7586913,2.3619273,13.679971,0.53495467,7.3119364,2.738778,2.1017709,2.964758,20.849112,1.6845088,0.0,2.8092582,0.6739321,26.361574,1.5835752,5.5167093,7.6371107,2.148552,9.6811695,4.5283327,7.0194464,3.4630547,4.991247
2017-06-12,38.765484,12.873048,83.31075,4.6059227,4.6939673,4.354966,53.86713,9.737653,2.7611384,16.68044,6.907122,4.582499,13.421375,2.6183197,2.4420311,73.80159,5.2579155,34.74091,2.6813242,3.8465867,9.379145,9.593963,18.991886,13.836834,3.9287958,24.691113,13.053543,37.578903,2.5383193,3.0358417
2017-06-13,0.0,3.590754,16.246885,1.4614369,0.0,2.0901153,11.674089,2.1010966,0.0,34.159004,1.8626734,2.4349542,10.181484,5.351953,0.0,0.0,2.8029904,8.247636,0.0,5.1092935,0.0,3.6066415,0.77012825,0.0,6.4752216,0.0,1.3058424,16.345028,0.0,0.27973056
2017-06-14,0.0,8.600702,0.0,11.477551,8.902732,9.50165,6.946541,3.9544919,2.3807168,9.754125,4.109549,6.57494,7.2858396,4.049611,3.177301,0.0,3.9947238,9.710049,1.083644,5.7795453,18.611176,4.3434176,9.872869,2.49991,7.0849886,10.860823,5.425237,13.088067,2.775112,3.9550588
2017-06-15,8.461136,7.0820045,25.654747,7.911564,12.332328,4.656163,21.497551,4.449161,9.064282,27.341005,4.0182533,8.000929,8.934683,5.3728623,8.222741,0.0,3.613044,18.11914,3.2540684,6.975298,32.877216,4.731325,6.029061,6.6772275,8.015385,16.04064,4.3190594,25.485027,9.514529,3.6908581
2017-06-16,3.0092392,11.822984,7.1696334,35.021713,30.453505,21.68725,13.254828,12.583567,14.458236,37.713917,12.710021,21.467571,15.121988,11.05758,16.513592,0.0,6.850055,15.040966,4.4242997,13.848888,55.60015,13.267755,9.809064,10.001165,16.896198,18.652729,8.0061035,19.574724,15.142317,5.6175184
2017-06-17,0.0,0.0,5.649619,0.0,3.4859061,0.0,13.365554,0.0,0.0,0.0,0.0,4.5525227,0.0,0.0,0.0,0.0,0.0,12.937141,0.0,0.0,1.2934523,0.0,0.0,0.0,0.0,2.7979565,0.0,16.210197,2.0008001,0.0
2017-06-18,0.0,0.0,0.0,4.1707916,4.871103,0.0,0.0,0.0,8.213043,0.0,0.0,2.2050664,0.0,0.0,6.063426,0.0,0.0,0.0,0.0,0.0,0.0,0.0,0.0,0.0,0.0,0.0,0.0,0.0,6.4849644,0.0
2017-06-19,0.0,9.79817,0.0,24.797234,24.116987,14.779655,0.0,5.3350797,19.893742,8.174878,6.4883943,14.188489,5.85629,6.433736,19.683474,0.0,5.9207187,5.3471937,4.3667994,9.268165,27.220423,7.6426287,12.669768,0.0,12.393953,6.7638435,10.589306,7.2139087,20.56427,9.141259
2017-06-20,0.0,16.265285,0.0,19.850113,14.431857,15.974578,2.0393043,14.847363,12.8673315,23.077774,10.209555,15.227309,13.841135,11.436261,10.46035,0.0,11.381694,8.8341055,10.221015,11.27547,31.72217,14.262159,16.203287,0.0,17.229218,9.583577,15.293537,13.98177,11.872508,10.221015
2017-06-21,0.0,7.727732,0.0,0.0,4.4743633,0.0,12.872891,4.7209654,2.6690948,31.289215,0.0,5.910799,8.835795,5.0644007,2.641375,0.0,4.684399,16.285192,3.884132,3.3931317,13.907143,4.9203043,7.800115,3.2128546,7.8997006,10.406652,4.9007344,24.938246,4.816046,4.0826178
2017-06-22,0.0,2.5235076,0.0,4.579645,3.8398938,4.377656,0.0,2.9906871,5.143111,0.04897344,0.0,2.5021431,0.0,2.6555126,4.719523,0.0,0.13343646,0.0,0.0,2.0152354,8.816906,3.3432863,0.0,0.0,2.244978,0.0,1.4069957,0.0,4.9916844,0.0
2017-06-23,0.0,4.8109517,0.0,12.239573,10.961495,8.87478,9.364399,4.790798,6.9001226,10.491986,5.4666915,8.365553,7.3058,2.9474833,6.2682867,0.0,0.0,9.605368,0.8581003,4.123788,32.080162,6.2546325,5.476726,3.5091863,6.082403,10.099933,0.0,9.203564,8.298212,0.0
2017-06-24,8.426546,6.43927,20.074293,11.206749,11.346585,7.712066,0.8190048,2.9256368,9.418592,11.622041,3.8068025,9.795805,3.905307,3.4710784,8.622616,20.05751,0.04610581,0.0,4.4854746,5.6406765,24.148472,1.2267308,9.438186,3.4222054,7.22371,9.017251,9.282028,11.70256,9.416425,7.5601296
2017-06-25,17.24296,5.0145535,58.020515,10.414338,11.51836,4.3540993,13.218777,2.9133244,8.948905,6.7973175,3.9747949,3.9261708,3.9497883,0.0,8.406445,63.762283,4.677857,11.641242,0.89567506,1.7388663,4.2783136,3.1504004,5.638438,6.6970754,2.6939845,5.506516,5.3314843,16.027761,10.062928,3.417075
2017-06-26,13.157926,0.0,66.8476,4.2909703,1.6519488,3.7968786,10.045117,1.1009407,0.0,38.598316,2.1992803,0.0,6.6312375,0.0,0.0,74.18661,0.28708056,7.358572,1.2554917,0.0,0.0,0.0,3.968848,1.2592914,0.0,5.4890304,3.132578,24.076256,1.4470723,2.952501
2017-06-27,0.0,5.3108582,58.158592,8.564669,5.115627,3.4983985,10.24187,1.794606,3.7012427,0.2429871,0.0,7.981138,4.8728204,6.053481,3.3685198,45.264267,3.075328,0.0,2.1057706,0.0,52.900505,2.1997674,7.545635,0.0,8.103056,0.0,4.8457136,0.0,3.3564606,2.9833105
2017-06-28,0.0,0.0,0.0,2.4576688,6.985927,0.0,0.0,0.0,2.2621171,0.0,0.0,6.519883,0.0,0.0,2.4166713,0.0,0.0,0.0,0.0,0.0,0.0,0.0,0.0,0.0,0.0,0.0,0.0,0.0,6.318158,1.367643
2017-06-29,0.0,0.0,0.0,0.0,2.7361603,0.0,0.0,0.0,0.0,0.0,0.0,0.0,0.0,0.0,0.0,0.0,0.0,0.0,0.0,0.0,0.0,0.0,0.0,0.0,0.0,0.0,0.0,0.0,2.1159732,0.0
2017-06-30,0.0,12.12422,0.0,6.6321387,8.535806,4.3799753,0.0,4.2835975,5.550202,18.288954,3.0514429,0.0,10.724639,0.0,4.8683906,0.0,1.1360409,12.13901,2.2163093,0.90136945,25.634644,4.4964457,12.882286,0.0,0.0,12.597582,6.1318035,0.0,3.9523232,3.0523405
2017-07-01,0.0,10.650478,0.0,26.219402,26.958033,12.94607,9.568107,5.128566,19.00482,13.904068,6.6785808,12.62071,12.75727,1.8934525,18.22967,0.0,4.5292397,14.745317,3.7606757,2.0589209,0.0,5.9892726,10.8795,0.0,8.612435,11.258311,4.4403553,21.044922,18.09108,4.267864
2017-07-02,7.360608,5.3111506,14.080061,5.1713552,4.6356177,3.768394,9.480621,0.91343695,0.0,0.0,0.0,4.5399113,6.1677,1.445894,0.0,19.092667,0.0,11.485386,2.8365989,2.3643847,5.333431,0.0,12.557983,0.0,4.4215803,12.799299,3.7208714,19.643183,0.0,3.5816445
2017-07-03,0.0,4.4598317,0.0,9.103386,13.2193365,8.6640005,11.504142,3.042093,11.6174,6.188028,6.255128,7.833894,7.2798414,2.9466186,11.069777,0.0,0.0,10.8054,0.0,8.119272,48.950943,7.9190855,0.01732165,0.77919436,8.38987,7.68622,0.0,14.706636,11.423881,0.0
2017-07-04,0.0,18.602116,0.0,5.150779,7.4208364,12.9183,0.9370155,12.620446,6.4370008,26.685698,14.004979,7.097223,10.358427,2.0404437,3.5128443,0.0,7.008619,10.221817,13.077211,12.239484,13.824733,11.927773,20.50953,0.88016367,16.095827,12.241659,15.252893,8.213263,6.1327176,13.31689
2017-07-05,0.0,5.033347,28.695494,3.2367477,0.0,4.1621633,0.0,5.302377,0.0,2.4844544,3.8418608,2.0216844,5.306668,0.013067171,2.854225,0.0,0.0,6.400459,7.331709,2.7606702,0.0,5.402878,7.434624,3.1580115e-08,2.8088338,7.5649576,5.42042,10.273479,0.0,7.5384617
2017-07-06,5.1566153,7.0652266,12.71187,12.787811,19.489367,8.4257965,11.088529,5.535867,16.627735,10.723129,8.681252,7.8703723,4.8894196,2.709487,11.593397,3.8117616,5.259962,10.385574,11.357032,5.1933293,11.244242,6.0824604,9.4808035,0.58360416,7.582114,9.101467,6.8953886,10.412218,13.75073,11.553743
2017-07-07,5.922259,13.447794,21.40964,13.714652,17.970331,10.416194,18.807348,11.0473585,14.10746,26.203081,13.002823,9.257598,18.066935,3.757323,9.740236,9.936895,7.831885,24.31317,11.691491,7.7814827,30.566189,6.171185,21.367744,1.473671,8.038101,22.305052,14.515638,24.457521,13.15194,11.660601
2017-07-08,4.2022233,9.06169,17.165903,19.907534,21.284435,17.656906,10.557366,13.898284,35.448765,10.824456,14.676956,9.508801,9.897346,2.4382167,26.485546,17.637094,3.127057,12.46806,9.303517,9.6250725,10.741903,10.2454405,11.371343,1.1024889,11.526365,12.635206,9.45229,10.49564,23.01159,6.6156297
2017-07-09,2.3450565,7.732605,6.7412286,8.388067,14.635815,4.557423,6.4938197,4.007229,8.078896,8.808195,3.479027,3.8934393,9.060116,1.0320954,8.116498,1.2064934,2.9799538,9.08376,5.0239673,2.93452,5.2768326,3.7234507,9.87615,0.18705182,2.8418562,9.196006,6.4489417,7.987023,10.692779,5.0239673
2017-07-10,0.0,0.0,0.0,8.361952,7.9045424,5.606848,3.6671772,3.4080856,6.508122,5.067674,3.3796127,7.2747846,5.3164525,0.6504759,4.427853,0.0,0.0,5.629598,2.8785465,2.3638911,3.7674878,3.021646,4.6796455,0.0,6.8027973,5.196502,2.3031113,5.4515343,0.0,3.1923912
2017-07-11,0.0,8.802521,0.0,12.951145,13.444516,11.373691,0.97299343,4.1583424,13.742447,6.4827914,5.0675898,12.990401,7.0019746,2.5373662,9.390516,0.0,4.223516,8.8331,5.0444574,6.1654816,9.711463,6.468139,8.961319,0.1983512,13.665752,9.511649,5.097044,5.611189,11.988336,5.109991
2017-07-12,1.4513973,18.11198,14.250047,13.996988,13.723013,19.535028,11.354703,11.5122595,11.644935,29.207209,19.249191,17.181503,17.406946,4.8671575,14.551013,0.0,17.672533,9.907027,7.514963,20.671007,26.413687,13.332356,18.017347,0.41523233,22.35386,12.011575,11.541573,12.316543,9.986221,8.343023
2017-07-13,2.6284084,15.4916115,20.719679,6.6974096,10.366797,5.5398703,16.778734,2.395768,9.771021,8.140504,2.38235,6.4464927,15.693953,1.551652,8.363051,5.4625688,0.0,26.317867,13.178373,1.7313821,8.986606,2.684227,26.43042,0.69430095,5.9268265,29.942343,15.27244,14.371861,7.420059,13.178373
2017-07-14,4.108588,10.747332,11.985453,11.33843,9.581418,15.302606,6.518714,11.172327,11.56883,7.8667593,15.399352,11.102195,6.43783,1.5691521,12.626648,11.822026,4.205902,7.2149696,8.944026,15.436513,12.599832,10.9861355,9.938601,0.34227258,16.524906,6.0057874,8.963882,7.8993845,9.703724,8.295113
2017-07-15,0.0,2.2127845,5.388179,4.02398,5.592058,3.7183251,0.22222036,4.454304,11.171161,4.56193,2.7821078,3.5493834,3.7194521,0.85770935,9.239127,0.0,0.0,4.9110827,1.7958205,0.38880593,8.359928,2.6014497,4.7761626,0.0,3.566545,0.0,3.4776216,7.092552,9.123476,1.6877719
2017-07-16,2.505037,3.6174626,20.931702,5.622548,5.8522315,5.651863,13.471954,1.1430677,2.1020405,3.7665741,5.082442,3.846666,3.686617,1.2407734,2.2398562,14.235046,1.8945847,9.29309,1.9297044,1.8791674,0.0,2.0489872,4.9773693,0.36824492,3.8406155,5.0938997,2.4148018,13.067692,2.9843378,1.6765913
2017-07-17,2.77275,6.139671,8.73508,8.235533,10.221205,5.514195,1.5491408,2.1453533,7.1006837,13.983201,2.4604614,6.562888,7.746606,0.21551728,5.98359,10.404171,3.372258,11.015967,5.339226,1.3586539,0.0,1.9276795,12.973749,0.027681276,4.0852585,13.297553,5.382091,5.3761992,8.051403,5.6227183
2017-07-18,0.0,3.6958134,0.657274,3.3819988,3.6068811,3.2872796,0.0,1.7750609,6.0684075,19.035696,1.9075061,3.1451547,6.1000705,0.6795666,4.664885,14.846848,1.683801,5.643575,0.0,1.0771846,32.08467,1.9075062,3.451597,0.0,4.5416503,0.0,3.268351,9.184352,3.9150007,0.0
2017-07-19,0.5630072,11.981654,15.872482,2.5033283,0.0,7.1699324,11.183663,8.240534,1.1515998,24.607605,7.9633813,4.066139,9.37755,3.4823315,2.7720416,0.0,9.544559,10.680637,4.104558,10.630197,39.789017,8.327032,12.214271,0.0,11.748268,9.813229,8.799539,13.342888,0.8106772,3.991231
2017-07-20,0.0,0.0,0.0,0.0,0.0,0.0,0.0,0.0,0.0,0.0,0.0,0.0,0.0,0.0,0.0,0.0,0.0,0.0,0.0,0.0,0.0,0.0,0.0,0.0,0.0,0.0,0.0,0.0,0.0,0.0
2017-07-21,0.0,0.0,0.0,0.0,0.0,0.0,0.0,0.0,0.0,0.0,0.0,0.0,0.0,0.0,0.0,0.0,0.0,0.0,0.0,0.0,0.0,0.0,0.0,0.0,0.0,0.0,0.0,0.0,0.0,0.0
2017-07-22,0.0,0.0,10.268596,3.7699046,4.3823004,0.0,8.382622,0.0,0.0,12.486939,0.0,0.0,0.0,0.110837944,1.6309931,0.0,0.07434275,5.251608,0.01329698,0.09143421,14.944754,0.0,0.0,0.014071027,0.01971405,0.009331617,0.0,11.503735,0.8795532,0.0
2017-07-23,0.0,0.0,0.0,0.0,0.0,0.0,0.0,0.0,0.0,0.0,0.0,0.0,0.0,0.0,0.0,0.0,0.0,0.0,0.0,0.0,0.0,0.0,0.0,0.0,0.0,0.0,0.0,0.0,0.0,0.0
2017-07-24,0.0,0.0,0.0,2.144209,2.7537563,2.5290265,0.0,0.0,1.0374073,0.0,0.0,0.0,0.0,0.0,0.0,0.0,0.0,0.0,0.0,0.0,0.0,0.0,0.0,0.0,0.0,0.0,0.0,0.0,3.878954,0.0
2017-07-25,0.0,0.0,0.0,0.0,0.0,0.0,0.0,0.0,0.0,0.0,0.0,0.0,0.0,0.0,0.0,0.0,0.0,0.0,0.0,0.0,0.0,0.0,0.0,0.0,0.0,0.0,0.0,0.0,0.0,0.0
2017-07-26,0.0,0.0,0.0,7.000435,9.736736,6.953344,0.0,0.0,5.8644056,0.0,0.0,0.0,0.0,0.0,7.001169,0.0,0.0,0.0,0.0,0.0,0.0,0.0,0.0,0.0,0.0,0.0,0.0,0.0,8.274601,0.0
2017-07-27,7.260746,10.978705,33.932323,19.19999,18.568447,18.125729,11.116459,15.641388,0.0,6.0365686,15.740643,6.9442177,0.0,1.0173906,20.26684,17.286018,2.2938128,8.192889,8.070275,6.3970013,10.105345,12.297291,9.629293,0.2985718,7.574375,9.213771,9.898739,8.946985,0.0,8.145236
2017-07-28,0.0,25.546803,0.0,45.345318,33.03189,49.973186,0.0,33.13379,0.0,10.481673,36.621773,44.063496,12.58903,8.599514,15.118827,0.0,12.242938,15.686887,11.821228,37.388145,15.825914,40.44296,12.826713,1.0939938e-08,51.05271,15.29286,19.45626,9.939507,6.041195,9.465682
2017-07-29,0.0,20.15421,11.383076,10.718977,11.06742,12.545336,18.646423,0.0,0.0,33.98915,9.524158,11.243369,22.49387,5.5114264,7.2890673,0.0,15.381003,22.329811,0.0,1.3129264,24.828493,0.0,17.489151,8.231795e-09,10.126362,18.70255,8.207273,24.843403,0.0,0.0
2017-07-30,8.181335,15.585719,27.797695,23.472748,19.255613,21.766603,26.91736,8.81161,9.467266,18.023567,11.509751,30.195333,22.69317,9.332679,8.792277,22.49303,8.703964,31.92565,5.1497626,8.576611,27.030466,8.551163,29.590017,3.488817,34.98107,26.881212,15.539532,36.911728,10.175068,10.613487
2017-07-31,6.1842775,32.389374,17.84264,18.402885,20.190184,10.404166,17.625341,15.230779,11.435164,46.95852,7.264259,18.088484,38.004395,14.934298,15.122905,10.686229,20.475197,41.584164,0.0,27.0578,82.44347,18.55539,34.226807,2.6502347,25.740456,37.28375,28.975712,36.14012,10.074933,9.544183
2017-08-01,13.752419,29.602383,31.117842,13.226017,11.397072,10.414521,35.77044,25.182146,5.684623,42.343136,6.508796,12.85958,37.077106,21.30175,7.007751,5.365395,27.605118,36.64563,13.453428,15.702564,48.036957,17.002771,27.085344,1.3934314,14.402554,22.564407,26.871758,37.284046,4.9019704,22.248669
2017-08-02,4.4317856,5.1735287,8.974999,9.393291,10.481372,14.249153,8.71126,8.763314,6.358028,10.963169,10.200668,14.917105,30.601868,7.724447,8.182151,0.0,0.0,33.678856,3.475347,7.294385,5.5843067,6.465038,30.207989,0.0,17.022139,33.436405,0.0,32.19459,6.8064156,2.310025
2017-08-03,0.0,0.0,0.0,15.36017,9.076851,14.363712,0.0,0.0,0.0,0.0,6.296275,13.150818,0.0,9.625023,6.213629,0.0,0.0,0.0,0.0,6.407243,4.1769476,0.0,0.0,0.0,12.409067,0.0,0.0,0.0,3.127429,0.0
2017-08-04,0.0,14.363372,0.0,11.756157,11.21029,13.999793,0.0,17.506779,14.354027,4.310132,16.384418,10.608568,3.8863113,5.448806,12.428972,0.0,7.1763735,0.0,9.307216,9.376307,3.2940025,20.027178,2.1355019,0.0,13.588539,0.0,10.0805435,0.0,13.019891,6.5691533
2017-08-05,1.9758633,11.81866,1.4701035,24.03645,16.970127,24.524485,2.6175702,17.526628,18.017761,36.152443,21.67626,27.335386,13.243084,19.00456,17.01132,0.0,12.615918,13.752437,9.061208,20.776722,35.88716,16.449312,23.905977,2.5676644,25.579357,18.30485,19.211796,16.562675,15.816826,10.175965
2017-08-06,6.2508273,14.568878,17.445356,13.572213,13.888161,11.789675,17.427065,13.382322,3.1529856,7.0913563,0.0,13.573214,10.375516,9.934367,9.105103,12.715906,13.456747,0.0,10.701088,12.055321,10.578261,12.516593,15.736953,2.4244678,7.518782,2.7500904,19.847483,9.366566,2.9424949,19.850933
2017-08-07,11.762011,13.98689,13.564558,16.041273,14.688842,13.457658,15.320804,14.824087,3.4494843,10.758419,14.638143,19.269915,13.2841625,13.7432375,5.294453,5.5461736,8.26444,13.804798,10.989745,12.82885,20.033587,17.61477,8.14786,1.6795654,16.216862,8.898369,13.29291,14.298557,3.8438816,12.505514
2017-08-08,23.627285,31.672468,40.237804,12.937372,14.3676405,15.700865,58.12807,21.900871,10.418486,44.32547,15.870192,17.387634,43.88295,18.979658,9.523666,18.902555,24.769508,56.44739,10.020596,18.9131,34.01358,26.306473,33.339054,13.165706,18.200874,33.365883,28.27694,56.02175,9.157453,19.75457
2017-08-09,11.8136425,33.42386,27.79624,17.454819,13.493328,21.419495,40.950043,21.586689,3.8928053,43.35735,16.486748,32.403976,54.73726,30.158026,12.341426,19.03667,31.361963,56.218925,12.923556,34.22509,39.79579,24.326862,32.440186,19.730406,33.42059,31.55214,23.524168,68.19743,9.897387,19.850933
2017-08-10,16.973042,13.406645,25.689297,17.11412,13.756452,19.279469,20.337826,11.2845955,3.945407,18.701046,14.577872,28.285862,23.099718,13.669372,3.9915721,19.107515,8.407681,25.19597,19.318642,20.00293,9.65402,14.952586,21.745796,4.942381,25.586842,19.786665,23.336945,36.848804,11.4648905,18.105757
2017-08-11,3.0125358,17.114086,6.9727015,29.562618,20.24536,35.091278,9.740054,15.843674,3.9508202,8.418327,29.22954,39.89517,15.094229,14.692169,7.3222184,0.0,10.632407,19.077843,15.56128,13.565678,9.091747,16.696812,24.270163,6.6912613,32.164124,19.496048,26.311337,15.163317,10.331265,24.821188
2017-08-12,11.307859,23.957474,13.958794,39.509827,32.871616,34.832764,23.90318,24.51281,0.0,16.298822,36.54646,38.181526,24.239328,14.947031,15.2151575,10.907101,17.37908,30.445465,33.782223,20.286701,13.27418,21.705095,45.440907,17.611763,22.06191,31.801088,43.056923,26.447577,11.621234,32.136585
2017-08-13,9.302149,17.266861,13.560296,35.158844,39.688408,30.30164,21.641535,18.460085,29.683455,20.538782,18.777159,44.482887,29.406937,26.94206,27.964695,6.0660005,16.668278,37.37377,12.500711,24.323673,27.865877,17.221394,30.293938,14.70502,33.924477,24.563227,28.015324,38.586388,28.282007,14.383936
2017-08-14,14.238131,36.975647,22.184153,26.197222,28.171015,21.594503,29.220165,20.636065,9.913664,32.055927,27.081577,38.632893,44.353035,26.228373,15.355708,6.0660005,28.85151,38.92998,20.37902,22.037813,28.485193,23.169605,36.49523,21.977997,39.705723,32.316013,35.40325,43.53638,12.421613,26.653963
2017-08-15,6.249217,15.231333,16.369627,31.555439,23.390408,36.33499,18.900244,15.174716,9.671478,14.018768,18.282091,31.960861,16.977016,20.863533,12.649232,5.036125,9.783317,17.149712,35.2986,19.611202,22.26325,12.47494,38.318775,10.236408,30.457432,21.17553,40.398674,18.798758,12.391365,31.399899
2017-08-16,1.5730984,9.535841,1.0409126,7.105775,6.9558754,12.110789,2.1740084,12.965098,3.5858555,19.547125,12.728612,11.15723,23.0141,12.005804,4.995968,0.0,11.092328,20.769976,7.422394,8.855919,7.930537,10.522832,14.555183,9.108856,10.933187,15.587002,12.877512,30.695444,4.0582457,9.568651
2017-08-17,0.0,8.201714,0.0,21.650612,21.392357,25.720474,11.417631,12.310789,29.165907,19.014893,25.585888,22.58996,17.14831,18.168402,25.808771,0.0,11.092328,11.005597,15.265938,19.071335,13.767879,9.242571,7.044459,3.5024552,21.092304,7.342093,13.795402,10.907054,27.896315,15.524377
2017-08-18,21.15041,23.291225,33.53663,25.538956,17.145042,35.903954,40.797554,22.981026,23.720621,38.60765,36.812325,27.815012,43.692833,24.276884,20.53854,17.41028,17.247171,51.621872,23.471447,23.995754,31.049904,21.010042,33.07282,17.874308,27.71111,30.005198,34.649635,51.681854,20.851036,33.111015
2017-08-19,8.292451,11.135393,18.62794,24.054697,17.008383,30.899578,21.67468,9.739507,14.3035755,7.065515,33.706505,17.194126,26.966194,10.860509,20.850615,6.638417,7.6253524,29.574118,18.84564,10.410745,4.941157,11.67538,28.692112,8.876896,15.399254,24.071198,28.857428,31.005573,17.489773,23.631453
2017-08-20,0.0,9.377118,0.0,19.256721,6.7725916,19.497211,0.0,9.955312,8.2302475,9.953313,13.506836,15.742084,12.706906,9.532494,15.186753,3.001542,4.088992,8.9498415,7.0711207,7.4004216,6.4067464,8.235766,11.702319,0.0,14.296213,11.174746,7.092029,8.065634,8.569487,4.895384
2017-08-21,0.0,1.3155779,0.0,4.5612183,15.270299,4.8201013,0.0,1.9477865,7.1455297,0.0,0.0,11.536503,0.0,9.37606,7.212731,0.0,0.0,0.0,1.6297196,8.92973,5.9587355,0.0,0.0,0.0,10.717793,0.0,0.0,0.0,9.71668,0.0
2017-08-22,7.84433,10.656436,16.046612,12.709948,19.897572,12.295467,16.06703,8.168381,13.666002,14.3061695,11.357356,8.472367,16.019552,4.1317143,16.422132,0.0,5.1752634,15.683695,6.670941,5.1947308,0.0,8.274296,9.927099,4.0904346,5.193207,11.080313,6.19489,18.56573,14.118843,5.9318876
2017-08-23,6.2443833,6.2653303,8.654616,8.685448,10.233297,8.41777,17.081606,3.5315888,3.164117,14.850865,3.8586445,17.930542,13.443292,10.9840975,3.7584682,5.411453,8.22707,21.811357,0.0,5.845001,14.258604,2.4794893,6.3387036,4.244044,14.242894,7.7237663,5.60386,22.83684,5.8137794,0.0
2017-08-24,13.808616,13.686446,22.51568,15.955117,19.072174,14.559303,18.822168,11.309613,18.23354,19.539429,12.878097,17.739733,20.256248,10.1322975,17.545761,12.009313,10.623715,26.308655,7.62494,7.563859,7.772068,12.746265,15.83676,3.2429066,11.234922,14.8878565,12.556557,27.07054,17.86236,10.720235
2017-08-25,4.80805,17.394531,7.9470234,17.233328,13.494978,19.895554,16.980896,12.358335,13.471503,24.039513,17.170795,21.701359,21.765167,19.830505,14.011122,8.377389,15.105373,24.812101,12.8119,18.4895,27.554274,14.449608,19.0734,14.054063,21.619452,22.04098,17.224245,24.051529,12.921681,15.273326
2017-08-26,0.0,2.7477715,0.0,13.409868,7.9208913,13.150691,0.0,5.319676,8.073383,0.0,8.553816,13.582325,4.1105046,5.4381104,9.973648,0.0,0.0,5.5133634,5.351277,6.604829,7.9335938,4.0796366,0.0,0.0,10.497016,0.0,2.7861571,0.0,10.964155,0.0
2017-08-27,7.200158,17.821005,12.963316,10.283236,9.200095,27.9337,11.717212,19.058212,11.599362,9.866422,27.321966,11.009555,14.828637,11.099681,16.362911,9.60634,11.2584095,16.129478,16.295294,10.370779,9.872576,18.680948,16.99596,13.071146,12.974895,16.869135,17.665567,17.533152,11.233708,16.25593
2017-08-28,7.251586,18.441475,13.6832905,20.175907,19.479511,19.455078,15.852751,11.304731,17.182766,31.496601,14.067989,25.097427,28.27859,20.118345,16.198818,7.2464566,18.584007,24.61797,9.9238615,17.752384,32.450806,13.170438,14.625651,4.7234526,18.46976,15.042101,12.547211,36.31969,16.411018,10.375724
2017-08-29,0.0,8.391338,3.4434073,13.084083,11.522844,9.49763,4.983778,4.096955,7.3394203,23.422518,7.5112534,14.711696,7.272056,15.510651,9.419582,2.1003587,6.423678,5.1836567,0.0,14.48577,26.703457,7.2938676,0.0,0.0,15.482405,0.0,0.0,6.332974,9.818377,0.0
2017-08-30,3.467814,6.574505,5.819135,8.628798,10.923734,4.7493677,6.567759,3.1978452,2.8998406,12.50093,4.563609,11.045452,10.13047,10.426714,6.4361024,4.049968,7.0898676,7.938806,0.0,8.511149,13.951741,4.1725106,5.260693,0.32176018,6.6826553,3.8912077,3.754909,7.7205987,7.160293,0.0
2017-08-31,11.743225,7.7168307,20.620394,5.329498,5.9306626,8.155613,17.49256,9.443204,0.0,16.197153,9.096698,10.983986,15.281485,10.752861,3.3332493,24.46071,8.201611,21.271246,8.789155,12.818975,10.294315,7.5650105,5.744879,4.1462317,13.332759,5.731842,8.422903,26.240934,0.0,7.6370945
2017-09-01,16.694214,17.373365,38.441254,19.35707,19.35226,17.893436,31.860777,5.1826553,15.490274,24.621649,11.513834,26.523003,36.769073,11.32219,18.434652,26.341024,13.953202,38.14423,6.685829,11.650265,18.733755,0.0,23.564497,18.920233,8.432781,24.37856,17.107908,39.754707,17.442749,9.310995
2017-09-02,12.71498,17.743397,21.132236,12.258643,23.171577,11.1260195,9.799561,0.0,9.62924,13.680156,0.0,38.63761,13.378716,25.297083,5.9768667,20.243847,15.914207,10.830962,0.0,20.718008,23.97669,11.308263,29.374943,7.9972086,21.215458,23.247753,21.345406,11.835729,8.262755,0.0
2017-09-03,7.0632515,14.85846,14.442304,8.257381,9.295178,9.038911,10.634553,13.690197,0.0,8.075363,6.989544,21.114319,22.007967,10.890835,0.0,17.184755,10.380437,18.323895,17.29926,11.434392,9.69884,13.476256,17.170689,20.779196,16.443754,19.008854,13.021902,20.359121,7.54351,18.210495
2017-09-04,7.839084,39.408855,22.494694,11.203907,7.614179,15.310286,25.224438,27.221735,6.4467425,25.47696,13.162705,15.733352,32.168026,19.403244,9.711863,12.398083,27.044924,31.035551,0.0,22.675419,24.748743,21.232899,19.999203,8.152642,17.56069,21.976246,30.610437,34.336002,7.457297,12.834234
2017-09-05,13.039619,21.297325,29.118122,34.79516,28.167194,33.89211,10.318628,13.673024,0.0,14.494837,19.98799,34.577385,15.384021,28.116375,21.116573,32.203434,21.928219,10.616676,0.0,26.346544,28.570278,16.951723,10.741243,8.0209875,33.43059,7.478818,0.0,17.069168,13.290822,0.0
2017-09-06,4.5035925,24.93599,17.702745,16.25748,20.242535,6.7214613,10.068188,0.0,0.0,12.517726,4.820339,35.22501,29.197447,0.0,9.928407,22.505774,0.0,24.855679,11.631989,0.0,5.5470533,0.0,17.189262,9.639907,7.5032997,19.181236,9.832798,23.49526,10.617722,12.504443
2017-09-07,6.237145,21.941338,18.514399,11.766774,12.41705,15.904717,15.775573,15.321243,15.893261,10.3297615,15.044415,19.773077,27.551378,16.485424,15.156089,12.914874,14.354208,24.572895,5.8875556,27.131598,16.233753,21.088951,10.3122425,7.1047325,22.61802,13.319321,8.066809,17.260607,14.485723,0.0
2017-09-08,12.63105,24.111523,32.70667,21.555012,16.473429,22.15058,14.276068,20.834381,18.796446,15.203996,26.895582,26.448624,19.242723,18.054901,21.690123,50.72655,21.754198,19.139755,31.84412,22.847857,16.980083,21.43508,23.781973,8.928941,24.744389,17.813826,23.48316,19.778873,15.829636,22.005148
2017-09-09,18.921877,53.68864,32.70667,7.9856358,11.917749,7.8593044,30.862885,32.37254,6.4300804,13.829376,9.082942,17.05957,57.36779,15.774325,6.300714,39.546562,44.860535,54.860962,39.352108,20.81602,6.3733926,20.055597,49.217163,41.111107,21.697695,50.95655,38.396603,37.29735,9.437832,42.40368
2017-09-10,0.0,14.360011,0.0,0.0,0.0,5.7552543,0.9011113,12.5343485,0.0,11.635975,4.773077,4.779127,18.25879,12.242414,0.0,0.0,18.256657,9.723138,12.85993,11.303321,15.534623,10.335375,11.536922,0.0,11.592973,12.283592,13.131168,12.209967,0.0,12.672042
2017-09-11,24.123451,0.0,31.392235,0.0,0.0,0.0,16.484436,0.0,0.0,6.147835,0.0,0.0,12.866428,5.609925,0.0,40.821697,0.0,16.596083,0.0,0.0,7.9634476,0.0,8.634404,10.408778,0.0,10.266104,0.0,19.46656,0.0,0.0
2017-09-12,44.80023,0.0,53.699417,0.0,2.282938,0.0,41.175037,7.2719846,0.0,0.0,8.01418,6.4789305,24.985025,0.0,0.0,63.349857,0.0,35.87396,5.2327175,0.0,0.0,0.0,19.442364,24.457844,0.0,31.4481,8.434526,56.601173,0.0,0.0
2017-09-13,21.277718,27.539663,52.607697,0.0,0.0,0.0,37.379692,11.972529,0.0,9.925812,12.484678,7.3912187,26.358541,10.326381,0.0,47.933132,26.479418,32.36686,0.0,13.549096,11.608902,15.4226675,23.258484,19.531145,14.165314,16.274376,0.0,35.240067,0.0,0.0
2017-09-14,0.0,5.941352,0.0,5.754091,5.6276364,8.340243,0.0,9.616728,5.4178815,4.4016953,10.450667,13.192638,0.0,15.431289,5.2235084,0.0,0.0,0.0,0.0,0.0,11.855154,11.626322,0.0,0.0,11.044218,0.0,0.0,0.0,4.3566217,0.0
2017-09-15,0.0,0.0,0.0,7.5896955,6.025136,8.961589,0.0,0.0,7.7873087,6.110618,8.176205,5.4511065,0.0,8.571903,10.049516,0.0,5.7145743,0.0,0.0,9.364647,15.608095,0.0,0.0,0.0,10.689544,0.0,0.0,0.0,7.342777,0.0
2017-09-16,21.321733,28.26434,48.229053,21.312061,19.178032,22.22801,19.954126,20.79383,22.88399,33.378834,22.627823,20.737812,41.79285,26.544468,20.07039,57.83178,29.395586,32.005013,22.11025,26.979551,41.071983,23.864317,24.812613,12.110929,24.812347,21.16056,21.102268,37.947613,21.363567,21.156069
2017-09-17,20.89616,10.073984,47.758556,7.9216313,10.014097,5.8924923,28.826584,14.876686,12.219475,17.356783,22.374134,9.84582,9.864524,8.640879,11.7884245,91.76523,8.56051,28.61796,19.617064,11.278178,22.862894,8.950684,7.1387677,8.435225,6.4541206,8.651877,13.769878,36.484463,11.35958,12.732992
2017-09-18,0.0,0.0,13.701922,4.7806053,4.3799906,0.0,12.370228,0.0,4.5375886,0.0,0.0,0.0,0.0,4.4774227,5.9236355,0.0,0.0,0.0,0.0,0.0,0.0,0.0,0.0,0.0,5.3451443,3.6313248,0.0,0.0,5.6444964,0.0
2017-09-19,0.0,0.0,0.0,4.435911,4.325185,5.5199175,0.0,0.0,4.040854,2.8155477,4.8920856,5.512533,0.0,4.3323236,4.2834244,0.0,3.203174,0.0,0.0,5.379913,18.561493,0.0,0.0,0.0,7.047565,0.0,0.0,0.0,3.5312738,0.0
2017-09-20,0.0,5.403914,0.0,0.0,0.0,3.1461408,0.0,4.4406323,0.0,0.0,0.0,0.0,7.4551063,0.0,0.0,0.0,0.0,0.0,6.0977383,0.0,0.0,0.0,4.682793,0.0,3.8479018,5.961481,4.6769505,0.0,0.0,4.823361
2017-09-21,0.0,0.0,0.0,0.0,0.0,0.0,0.0,0.0,0.0,0.0,0.0,0.0,0.0,0.0,0.0,0.0,0.0,0.0,0.0,0.0,0.0,0.0,0.0,0.0,0.0,0.0,0.0,0.0,0.0,0.0
2017-09-22,0.0,18.552616,0.0,8.037214,7.145878,7.909153,0.0,10.387449,8.606796,3.2299151,8.378344,8.844635,0.0,11.75905,8.326695,0.0,6.845255,0.0,0.0,20.315126,5.8131747,18.223206,0.0,0.0,17.219913,0.0,0.0,0.0,8.245262,0.0
2017-09-23,0.0,6.803593,0.0,0.0,0.0,0.0,0.0,9.689129,0.0,1.8510772,11.051071,0.0,0.0,3.7932048,0.0,0.0,5.682604,0.0,14.178648,5.1155,2.3585317,5.9913597,4.691158,5.461629,3.6992984,5.4636874,10.459102,0.0,0.0,10.408167
2017-09-24,5.138534,29.553688,6.8777637,18.265076,18.952793,17.182371,11.639538,23.462347,16.675497,15.357059,22.501814,20.992975,29.134552,17.015705,16.526611,0.0,23.082516,31.088522,19.072317,23.99646,16.958797,23.725801,29.55458,18.589157,23.540718,31.380495,22.187237,19.644262,15.458088,19.914642
2017-09-25,9.184536,24.56788,12.945141,18.980694,15.126152,18.717672,15.847635,30.446903,9.41604,8.759696,28.050486,20.214443,24.433222,15.775417,8.039687,15.199184,21.082474,20.526726,33.135963,20.315126,14.405759,18.755108,19.743402,10.31562,18.541527,19.427206,32.22124,15.769042,10.170524,31.604006
2017-09-26,3.6544983,15.017903,9.214573,8.525578,8.639731,10.906151,11.636314,7.321468,9.735791,18.182285,8.866122,17.177544,18.983744,15.172002,8.934471,0.0,13.623979,17.953503,8.026517,13.077269,27.641237,11.797492,12.506626,7.2600417,13.761934,13.750643,6.7837996,19.426094,8.018932,7.815306
2017-09-27,2.3418157,13.547893,4.1924787,16.2431,11.983467,15.798512,13.824008,14.915546,9.793269,22.524292,15.358408,18.026836,27.258844,18.416145,9.864813,0.0,17.24307,16.254032,14.646675,12.679106,27.579382,11.238501,12.717035,6.194273,17.822458,11.689701,14.509989,25.32296,8.915329,14.73179
2017-09-28,0.0,8.034784,0.0,12.403032,15.889225,11.472831,6.12561,4.324671,14.045074,12.599798,8.0951805,14.303892,12.148392,12.459265,12.643685,0.0,5.3125815,10.70366,11.335478,7.8847523,9.144328,4.5827436,10.712782,6.784772,11.913591,8.309139,11.652946,13.907119,12.663638,12.214047
2017-09-29,0.0,10.631411,0.0,9.767115,10.521372,8.921459,0.0,10.213628,11.339422,15.600832,11.93996,9.049613,11.400148,10.045998,11.526842,0.0,9.891825,0.0,9.7409935,9.032664,13.442043,12.139463,3.2922304,0.0,7.6356297,0.0,6.081641,7.8626575,8.951826,5.8732877
2017-09-30,0.0,6.1488094,0.0,18.26427,21.013557,8.424582,0.0,8.125646,14.902536,12.563292,8.010892,20.357292,6.1288486,17.398102,12.614691,0.0,6.2694755,0.0,6.3442516,6.029285,20.09524,6.4927964,2.620802,0.0,10.533049,0.0,5.3621798,0.0,14.068132,4.247612
2017-10-01,0.0,11.546064,0.0,38.645412,53.477486,28.379526,0.0,18.68367,42.62913,7.267637,28.520567,41.760326,7.7467256,17.861633,44.606068,0.0,8.157049,8.658602,13.342914,10.521191,15.97456,16.742468,12.999715,0.0,20.270584,10.326341,10.332598,8.971825,49.18412,13.032652
2017-10-02,0.0,0.0,0.0,28.354797,29.411354,20.82335,0.0,0.0,0.0,9.569647,4.7725897,30.830467,3.7619991,5.5752473,16.121925,0.0,0.0,0.0,6.4165273,5.3160477,9.089251,3.9744527,0.0,0.0,10.126821,0.0,0.0,0.0,0.0,4.8631067
2017-10-03,0.0,5.0912795,0.0,24.090681,28.713255,17.736757,0.0,1.8286334,27.222939,4.2600036,8.982069,23.859118,0.0,10.5459795,29.741148,0.0,0.0,0.0,7.5053205,11.330185,10.796504,6.441066,0.0,0.0,17.908802,0.0,3.0983849,0.0,31.808899,8.346658
2017-10-04,2.6082478,22.190632,6.4714327,28.474909,36.852306,22.45548,14.890609,20.039406,0.0,15.451996,17.21653,34.820316,11.635253,28.541204,20.45778,2.5738077,16.00363,11.638324,12.338471,28.55738,23.871521,21.372875,6.5588636,4.257809,30.028664,7.560511,11.702143,15.192459,16.156713,6.51442
2017-10-05,8.762357,12.345898,12.762256,18.173193,23.359293,13.61487,13.196048,11.184812,8.893968,21.200321,11.00279,23.337208,16.238302,17.927876,18.557625,10.208804,14.152774,13.957603,6.3632956,16.698502,23.941391,10.356475,9.305393,7.268921,18.234924,9.023574,10.212654,17.368793,23.02254,8.692385
2017-10-06,0.0,9.515492,11.463127,24.532486,23.46988,30.196556,4.43291,15.91331,8.033748,19.389904,23.187963,19.776234,18.901432,16.970617,28.687082,22.380566,7.9971642,14.122553,13.132117,16.961052,27.056435,15.029086,3.6295917,1.4141041,17.821898,3.7800179,6.5736074,21.069674,12.0193,12.676722
2017-10-07,9.4693165,5.2409844,13.114553,17.728853,21.531488,10.240587,10.185994,4.7435837,3.6467845,13.674139,12.173347,24.507223,11.436704,13.439413,10.188485,5.4345546,4.629094,7.2285924,4.3076444,8.434341,14.704758,6.5056715,4.290725,4.577878,18.042809,3.1772437,4.027395,12.845688,22.454489,3.9220057
2017-10-08,0.0,13.587009,3.3741226,16.93942,21.664482,17.323215,10.985463,15.001083,0.0,17.741262,14.952676,34.538734,21.841286,24.588915,6.5624723,0.0,14.515149,11.216092,17.5948,21.56582,26.448286,11.730919,8.19699,3.2831318,26.431332,6.040875,16.880714,17.414646,12.022693,16.25217
2017-10-09,11.090407,12.975528,11.383561,21.41142,21.770004,18.733652,6.5071683,11.180625,0.0,21.170622,10.046703,40.338852,17.650982,29.475714,7.105239,11.744369,12.229562,11.887481,8.44195,21.705973,34.97694,13.79955,8.8781395,4.77215,29.283432,8.853486,6.4559364,17.543377,0.0,7.527606
2017-10-10,19.610998,12.994568,17.598984,22.46519,19.854958,24.891886,9.272156,2.5668926,0.0,19.292217,15.448738,47.22471,11.418057,25.054901,0.0,13.856762,16.74629,9.879633,3.9492044,26.492603,24.477308,15.148094,0.0,12.433786,42.77772,5.25676,3.034097,12.599934,0.0,3.9887373
2017-10-11,12.357995,8.831388,15.139075,5.9182878,7.074051,10.825883,19.637335,8.650514,11.442704,21.194595,11.363082,13.426514,11.819292,15.676657,7.768934,10.0557375,11.117983,15.963602,12.575529,12.660893,39.799942,8.46374,7.2442985,11.67571,11.646624,7.4954886,8.907803,22.277733,8.291767,9.186788
2017-10-12,11.42753,8.723465,24.376595,18.398087,18.483492,21.81755,11.607665,8.340446,21.290161,12.9303255,15.406047,32.216595,11.069762,20.421173,19.092577,21.260286,13.765559,8.514362,13.211997,20.783985,16.439535,9.64557,8.728017,7.389555,28.016872,8.793433,10.341133,14.138451,23.439495,12.553649
2017-10-13,10.120091,11.732288,13.138727,16.882944,14.860824,17.827267,9.519338,12.71389,19.864214,14.529252,13.82518,22.83699,7.145475,11.073898,16.438976,19.937489,10.2481985,11.03622,17.981953,14.744581,17.998894,13.667517,10.400662,6.706527,21.28714,7.474452,14.4990425,14.167207,30.05335,19.430994
2017-10-14,3.3998942,10.473168,7.2885666,22.657417,26.33339,25.148418,5.897412,7.8624406,26.100368,14.633756,24.474699,44.192894,6.768863,25.86534,18.98834,19.194159,6.6866693,6.976773,11.671532,15.313026,19.812704,14.755797,7.707923,4.821913,28.593864,6.7834044,9.242955,8.333129,22.634943,9.791497
2017-10-15,0.0,3.4358275,0.0,22.062067,25.876026,16.097935,0.0,7.905098,35.343575,0.0,15.747336,14.097803,3.075838,6.9286118,32.956535,0.0,5.16185,2.7367935,8.884313,11.429573,0.0,8.488512,2.8157625,2.1682763,12.968102,2.8129678,3.758739,0.0,36.37444,6.8812866
2017-10-16,8.058727,6.5376515,14.309182,14.656174,16.57733,13.049928,3.8926687,9.550227,14.1604595,13.464721,14.712566,17.786268,12.20401,20.844263,14.304126,19.95328,7.990712,5.41156,13.406762,11.566539,24.556808,11.27229,6.0616465,3.8732667,15.763084,5.477769,6.43093,10.978871,17.078218,6.7841063
2017-10-17,10.160567,17.39903,10.589216,11.215004,10.432509,12.806358,7.4399743,13.032523,12.254003,6.3026104,13.969299,22.101871,10.885159,18.138992,12.594018,13.054498,9.317517,11.211751,10.607536,17.287853,12.268278,20.702108,7.113199,5.9545236,20.512201,7.607649,9.273977,0.0,12.256702,10.028006
2017-10-18,0.0,0.0,0.0,0.0,1.7524046,0.0,0.0,0.0,0.0,0.0,0.0,0.0,0.0,0.0,0.0,0.0,0.0,0.0,0.0,0.0,0.0,0.0,0.0,0.0,0.0,0.0,0.0,0.0,2.637619,0.0
2017-10-19,0.0,0.0,0.0,0.0,0.0,0.0,0.0,0.0,0.0,0.0,0.0,0.0,0.0,0.0,0.0,0.0,0.0,1.8672217,0.0,0.0,0.0,0.0,0.0,0.0,0.0,0.0,0.0,0.0,0.0,0.0
2017-10-20,3.282323,6.081545,0.0,0.0,0.0,2.7912786,0.0,2.390201,0.0,11.031463,2.7938597,0.0,5.877093,9.472643,0.0,0.0,6.0580406,2.290437,0.0,8.016611,12.3998,5.26723,0.0,0.0,7.060974,1.9077908,0.0,8.209118,0.0,0.0
2017-10-21,0.0,12.458506,4.2043056,7.3326893,7.7751007,5.56342,5.9051657,9.11103,0.0,16.659826,6.3012967,5.48593,17.24505,11.619222,0.0,0.0,13.0158,17.019222,16.598967,12.677262,8.062445,8.048078,9.116728,0.0,10.480324,7.3087883,11.792631,15.687558,0.0,14.991814
2017-10-22,0.0,0.0,0.0,14.376598,8.735811,15.423661,0.0,17.852812,3.929371,0.0,18.42685,12.579031,0.0,0.0,14.365739,0.0,0.0,0.0,17.650583,0.0,0.0,13.781744,0.0,0.0,14.573454,0.0,9.151952,0.0,4.504997,6.1209116
2017-10-23,5.102771,6.7435455,11.61694,0.0,0.0,0.0,15.476103,10.303884,0.0,0.0,9.31231,0.0,7.207035,0.0,0.0,9.066742,0.0,11.00377,21.218958,0.0,0.0,11.805894,1.8290292,5.4261885,0.0,5.9245057,9.092986,15.794102,0.0,17.185434
2017-10-24,10.772667,3.3741329,15.736568,0.0,0.0,0.0,13.054498,3.49244,0.0,0.0,0.0,0.0,5.6202645,0.0,1.1771914,13.840694,0.0,12.859141,2.6784787,0.0,0.0,1.8616734,5.1361833,10.126077,0.0,6.8828454,5.3489995,14.032198,0.0,6.342999
2017-10-25,3.227723,3.1124222,7.696365,6.7769246,7.9906526,4.527952,7.0626845,3.1759388,0.0,0.0,5.313119,4.371136,3.037118,3.4472594,6.6018,8.92052,3.7447104,0.44479635,0.0,2.9391289,3.6231544,4.588546,3.2024984,3.2835412,6.0919933,3.1283236,3.3293452,7.642404,2.4993742,3.5387573
2017-10-26,7.2057457,7.9090333,10.882597,0.0,0.0,0.0,8.584724,0.0,0.0,12.518288,0.0,0.0,12.4827385,6.4867187,0.0,7.4404955,11.672355,13.103277,0.0,0.0,23.190107,0.0,12.226578,7.643123,0.0,11.29519,7.8425198,12.069706,12.18003,0.0
2017-10-27,7.563201,16.170353,19.852165,15.323403,11.225346,20.492786,14.835391,9.248859,0.0,24.005613,6.1146398,13.272047,17.637762,22.916971,20.715506,8.260342,18.875347,14.898565,10.752486,16.041094,24.43843,8.992564,11.653516,9.237112,18.3039,11.99829,10.105795,17.422928,13.243913,10.852209
2017-10-28,12.768995,8.222854,20.233896,0.0,0.0,9.53212,16.501743,0.0,0.0,13.077474,0.0,0.0,10.542558,0.0,9.325452,20.348888,6.4626126,8.658232,28.408394,0.0,7.510028,4.984069,7.30261,9.0975485,0.0,8.266257,8.457542,15.481919,0.0,25.646307
2017-10-29,8.558565,0.0,8.3173485,0.0,0.0,0.0,0.0,9.970049,14.602544,0.0,0.0,0.0,0.0,0.0,14.159158,14.055163,0.0,0.0,12.465683,0.0,0.0,0.0,8.921884,10.895745,0.0,7.8808165,8.491163,0.0,14.756829,7.469195
2017-10-30,16.91318,47.999844,36.31805,68.157265,64.37621,86.69818,17.632223,82.49401,116.39621,10.450434,95.99807,41.664978,12.148695,9.348669,108.49864,37.311604,27.433964,15.188449,96.83078,35.74662,0.0,57.734833,42.94275,29.466282,49.741337,26.749714,72.998474,17.219189,108.85082,88.143616
2017-10-31,24.004345,26.455206,25.730042,57.02515,45.884544,62.44856,8.774434,49.799885,69.66489,15.811953,68.78559,31.692629,10.964154,9.759777,81.77978,25.305948,13.798937,9.194983,62.029995,19.753326,27.473616,33.63539,21.45023,17.970285,25.12498,12.634051,43.128815,17.660662,59.20421,45.9142
2017-11-01,14.247113,9.962537,20.384268,31.17952,22.699772,31.51203,14.484659,23.999989,52.185623,8.717722,27.576492,2.74058,8.81293,7.1184726,46.950283,18.912123,7.9911094,14.675793,38.084625,8.01135,0.0,7.5426626,11.334543,5.31957,5.4982862,8.760691,25.540504,16.220718,49.68069,36.43248
2017-11-02,20.327234,21.382532,22.121548,44.47621,28.59878,64.53807,17.301373,67.161095,68.39303,13.761877,74.40072,5.2409453,15.195678,14.139792,57.724876,22.543022,13.183994,14.485181,73.99341,10.345522,12.734046,33.323956,38.34445,19.838066,16.12928,21.164587,70.78382,16.457027,60.074764,73.657906
2017-11-03,4.4800434,20.115072,4.867687,19.208832,15.023461,27.70321,3.5432954,32.657207,67.56864,6.8288717,33.23859,7.8417,7.865671,5.0608435,46.654526,4.3429046,12.878684,6.4452343,42.8281,11.873592,11.763096,28.716782,24.156294,15.953053,17.089985,16.100082,35.398067,0.0,58.328484,45.937737
2017-11-04,29.014929,27.237785,26.821024,34.71781,20.426794,46.22995,9.19362,51.519096,45.342495,0.0,55.64138,11.538627,9.340257,5.303406,41.262062,23.659504,23.712803,8.808277,54.815178,24.312063,0.0,32.636864,34.44122,20.139868,26.154716,16.893702,46.46496,3.9319236,36.757008,50.5611
2017-11-05,31.837128,11.096486,31.526415,16.564869,9.596653,31.943165,12.760736,24.345924,15.115813,8.342879,33.876392,12.787979,11.932174,6.879154,20.630444,25.117018,8.783917,10.72162,32.94467,9.200844,0.0,14.435393,14.881014,15.75981,11.901407,11.071621,21.878738,13.324181,31.327202,29.933708
2017-11-06,18.142172,13.458563,22.386932,9.257979,6.387275,12.784347,8.994107,16.304958,9.924075,11.588725,18.533192,5.622261,0.0,6.2505627,9.925529,26.25954,3.9574196,7.7163496,37.47205,4.1713476,16.893028,16.192541,17.300655,11.431194,6.0323806,8.97167,28.128742,9.05783,11.393738,37.573963
2017-11-07,16.445835,10.019714,25.298355,0.0,2.5471585,2.8429992,15.884145,28.860733,16.56714,4.056004,25.958351,1.8466256,7.811512,6.8011174,14.400139,26.248037,7.8833346,11.461278,37.719917,7.229719,6.1089926,10.488086,13.677272,17.26375,3.1721456,12.44679,31.48266,17.339415,14.278144,37.573963
2017-11-08,23.815855,4.9165955,21.832262,0.0,0.0,0.0,15.840846,6.2122626,0.0,3.2242713,6.6639724,0.0,5.725627,3.932698,7.2251034,21.987984,4.09212,10.396292,19.756313,0.0,0.0,4.2900615,6.637695,8.248077,0.0,7.3287168,7.019124,5.316647,0.0,13.442453
2017-11-09,3.5208006,0.0,3.2610044,0.0,0.0,0.0,0.0,0.0,7.4327765,0.0,0.0,0.0,0.0,0.0,7.0277715,6.3996735,0.0,0.0,6.2438474,0.0,0.0,0.0,0.0,0.0,0.0,0.0,0.0,0.0,4.8368845,0.0
2017-11-10,0.0,30.172014,5.2858195,34.617626,23.798223,41.07962,12.78779,52.355648,67.50687,8.408475,52.949123,13.861066,21.076618,9.314167,56.967056,5.6003366,21.774048,21.338064,56.388824,19.70006,0.0,32.97605,42.224323,26.179296,25.679781,28.204185,53.389046,14.398868,53.52876,57.066856
2017-11-11,0.0,26.940598,0.0,32.21141,23.608934,34.770542,2.692209,40.52879,45.721714,9.99367,42.438232,12.604109,16.723278,10.681075,39.672348,0.0,15.717895,16.709593,96.70463,7.6770754,12.03975,22.890766,41.3616,20.058973,13.673005,23.47406,57.970245,4.1773562,37.750797,78.109436
2017-11-12,5.017926,0.0,5.896262,25.659092,25.20563,26.858671,5.146419,9.598255,50.653767,6.201416,30.174425,3.8684592,4.012851,3.3035688,49.00588,0.0,0.0,3.9340305,20.406507,1.5163708,8.336791,2.2019908,12.98014,13.969112,0.0,12.444139,14.715465,4.0509963,47.387947,13.198148
2017-11-13,0.0,1.4745116,0.0,6.3433495,9.642868,11.380972,0.0,0.0,44.67035,0.0,8.002187,0.0,4.326236,3.1972413,32.427025,0.0,3.545282,4.3133564,5.7261233,0.0,0.0,0.0,10.777255,9.3168955,0.0,8.552585,9.173139,0.0,40.992165,0.0
2017-11-14,0.0,0.0,0.0,6.3601847,7.832924,6.772818,0.0,0.0,43.05176,0.0,4.7770762,0.0,0.0,0.0,34.054817,0.0,0.0,0.0,0.0,0.0,0.0,0.0,9.055041,0.0,3.0339622,0.0,8.2348385,0.0,35.27898,0.0
2017-11-15,0.0,0.0,0.0,6.371747,4.297231,6.6837983,0.0,0.0,0.0,0.0,0.0,0.0,0.0,0.0,6.122641,0.0,0.0,0.0,10.994441,0.0,0.0,0.0,0.0,0.0,0.0,0.0,0.0,0.0,4.354724,10.706003
2017-11-16,0.0,0.0,0.0,1.2209026,3.4550073,3.0944436,0.0,0.0,0.0,0.0,0.0,1.9497058,4.8805013,0.0,0.0,0.0,0.0,0.0,0.0,0.0,0.0,0.0,1.7828062,0.0,0.0,1.8388181,0.0,0.0,0.0,0.0
2017-11-17,0.0,0.0,5.0212417,0.0,7.445667,0.0,5.98398,0.0,0.0,5.4919157,0.0,0.0,0.0,0.0,0.0,0.0,0.0,4.767893,0.0,0.0,0.0,0.0,0.0,0.0,0.0,0.0,0.0,11.000388,4.4292917,0.0
2017-11-18,0.0,0.0,0.0,3.3808203,3.7454975,0.0,0.0,0.0,0.0,7.1747537,0.0,0.0,0.0,0.0,0.0,0.0,0.0,0.0,0.0,0.0,0.0,0.0,0.0,0.0,0.0,0.0,0.0,0.0,0.0,0.0
2017-11-19,11.384797,2.3679464,13.032827,0.0,0.0,0.0,8.780785,1.2356017,0.0,5.716688,0.0,0.0,0.0,0.0,0.0,5.132267,0.0,0.0,2.1445055,0.0,0.0,2.7513907,3.298583,6.6050663,0.0,0.0,2.174158,0.0,0.0,2.1445055
2017-11-20,13.125671,0.0,20.121063,6.6370583,4.1613293,0.0,8.119646,0.0,0.0,13.490106,0.0,0.7252879,0.0,3.0650158,0.0,19.042883,0.0,0.0,4.7424526,2.704454,13.580498,0.0,0.32846034,7.3221936,2.395103,0.0,2.5139785,10.040229,2.2109404,4.4920874
2017-11-21,10.923461,11.350408,19.520174,6.2222037,4.0063767,6.0435863,21.28938,3.3199797,0.0,12.670974,2.5376372,3.7902179,11.784069,11.839196,0.0,18.97316,11.885904,19.207127,0.0,8.919922,15.059948,3.9225242,6.222124,7.3365626,3.9888635,5.3554416,5.316861,11.786991,3.7685077,0.0
2017-11-22,19.754267,0.0,24.565033,0.0,0.0,0.0,12.288475,0.0,0.0,0.0,0.0,0.0,0.0,0.0,0.0,31.641165,0.0,5.2170515,0.0,0.0,5.093839,0.0,0.0,6.603283,0.0,0.0,0.0,16.357489,0.0,0.0
2017-11-23,0.0,0.0,0.0,0.0,0.0,0.0,0.0,0.0,0.0,0.0,0.0,0.0,0.0,0.0,0.0,0.0,0.0,0.0,0.0,0.0,0.0,0.0,0.0,0.0,0.0,0.0,0.0,0.0,0.0,0.0
2017-11-24,18.887785,6.9943647,24.004923,9.074495,9.454023,8.132324,14.211213,10.827798,13.235663,14.142966,9.856529,4.3312287,15.981393,12.173031,11.775679,24.483032,8.886075,11.375517,8.992995,7.7185416,13.554354,7.226624,5.564144,7.538567,6.655306,3.6170163,7.1103487,18.89232,12.273574,8.064821
2017-11-25,15.153938,12.28069,14.623346,14.887821,8.839388,15.605798,10.178067,14.416071,19.405062,0.0,17.465803,4.424768,9.696871,0.0,17.27349,9.795046,6.127067,10.983677,36.982513,4.0844264,4.0901165,5.949918,14.902263,15.081668,3.3166814,12.520982,21.429993,6.690057,16.727531,34.00412
2017-11-26,26.40292,35.804043,21.548134,40.076717,32.430416,45.894817,40.703403,42.792946,59.288918,24.766808,56.724697,23.821926,34.56142,22.657454,70.24968,18.512852,30.485626,38.88727,66.19542,20.171734,20.950138,36.024433,45.367947,41.464436,26.306335,42.891483,62.63777,32.563393,72.967674,69.81038
2017-11-27,36.53382,25.724436,24.682333,9.328779,13.239278,37.47048,28.356583,61.725388,0.0,9.24276,53.026287,0.0,20.18199,9.471794,17.696566,24.331747,14.79065,26.587082,46.520035,9.202856,0.0,33.170315,26.271225,44.268143,12.644278,28.81795,49.13692,14.241953,14.613001,28.552992
2017-11-28,34.628086,16.088022,31.818369,0.0,0.0,16.406569,28.406567,20.308765,22.36352,16.631975,22.034664,0.0,23.97362,10.166991,24.222912,26.727955,12.796705,22.68168,29.752277,10.311734,0.0,10.374871,24.260166,27.413797,5.380419,21.099884,26.129082,25.827131,18.051693,30.473145
2017-11-29,37.24846,19.69764,45.906265,34.71564,18.346579,56.216877,28.274214,35.051792,50.721386,20.552422,43.478096,20.704296,28.654366,10.988468,56.26773,47.462273,14.234541,23.15987,70.483116,19.823029,0.0,21.304214,30.353758,26.762081,23.881897,26.783873,43.034515,36.375805,32.594894,52.872005
2017-11-30,63.191788,33.279636,61.51466,52.25888,39.425003,40.49039,63.679554,66.36283,44.72704,66.18458,58.598442,21.410889,55.2386,47.12669,76.63091,50.24644,38.709263,52.978153,86.7732,33.946827,83.384224,56.628716,30.473143,48.871876,36.404648,15.632934,58.869476,64.27793,45.05223,86.48003
2017-12-01,41.731983,36.974472,41.761734,94.6774,70.27238,119.35223,42.250015,100.66528,78.58682,42.39781,126.247,45.673008,42.798054,28.954794,90.309715,39.49145,21.841879,33.95844,135.81802,22.468647,59.64826,53.395504,17.804678,15.810385,48.58378,19.030428,64.409515,47.206367,61.13233,127.13546
2017-12-02,38.565464,48.238445,52.34668,0.0,0.0,18.500193,4.9843583,69.970665,0.0,6.2490478,52.046444,11.066222,27.982334,6.7575226,0.0,58.889412,13.14923,30.793911,53.941658,13.09897,0.0,65.20881,30.24698,26.618029,5.299595,31.946016,57.708923,0.0,0.0,55.021786
2017-12-03,0.0,0.0,8.798061,0.0,0.0,0.0,0.0,0.0,0.0,0.0,0.0,0.0,3.6167133,0.0,0.0,16.751202,0.0,0.0,0.0,0.0,0.0,0.0,14.925529,0.0,0.0,0.0,0.0,0.0,0.0,0.0
2017-12-04,0.0,0.0,0.0,0.0,0.0,0.0,0.0,0.0,0.0,0.0,0.0,0.0,0.0,0.0,0.0,0.0,0.0,0.0,0.0,0.0,0.0,0.0,0.0,0.0,0.0,0.0,0.0,0.0,0.0,0.0
2017-12-05,0.0,0.0,0.0,0.0,0.0,0.0,12.9194355,0.0,0.0,0.0,0.0,0.0,0.0,0.0,0.0,0.0,0.0,0.0,0.0,0.0,0.0,0.0,0.0,0.0,0.0,0.0,0.0,20.25098,0.0,0.0
2017-12-06,17.284065,4.447557,18.656834,0.0,0.0,0.0,16.747154,0.0,8.824795,0.0,0.0,0.0,0.0,0.0,7.1437707,6.6141176,4.0755663,12.137612,7.678733,0.0,0.0,0.0,5.573319,9.036466,0.0,5.807657,7.011219,13.53188,7.7194705,7.705984
2017-12-07,0.0,0.0,0.0,4.0571795,2.4162366,5.6015906,11.420782,5.96984,0.0,1.170633,7.684301,0.0,0.0,2.9414,7.039074,0.0,0.0,0.0,0.0,0.0,0.0,0.0,0.0,0.0,0.0,0.0,0.0,18.101612,0.17247322,0.0
2017-12-08,0.0,0.0,0.0,0.0,0.0,0.0,0.0,0.0,0.0,0.0,0.0,0.0,0.0,0.0,0.0,5.7451987,0.0,0.0,0.0,0.0,0.0,0.0,0.0,0.0,0.0,0.0,0.0,0.0,0.0,0.0
2017-12-09,0.0,0.0,0.0,0.0,0.0,0.0,0.0,0.0,0.0,0.0,0.0,0.0,0.0,0.0,0.0,0.0,0.0,0.0,0.0,0.0,0.0,0.0,0.0,0.0,0.0,0.0,0.0,0.0,0.0,0.0
2017-12-10,0.0,0.0,0.0,0.0,0.0,0.0,0.0,0.0,0.0,0.0,0.0,0.0,0.0,0.0,0.0,0.0,0.0,0.0,0.0,0.0,0.0,0.0,0.0,0.0,0.0,0.0,0.0,0.0,0.0,0.0
2017-12-11,0.0,0.0,0.0,0.0,0.0,0.0,0.0,0.0,0.0,0.0,0.0,0.0,0.0,0.0,0.0,0.0,0.0,0.0,0.0,0.0,0.0,0.0,0.0,0.0,0.0,0.0,0.0,0.0,0.0,0.0
2017-12-12,8.582999,0.0,38.081734,0.0,0.0,0.0,36.849354,0.0,0.0,0.0,0.0,0.0,0.0,0.0,0.0,39.229816,0.0,33.59828,0.0,0.0,16.637527,0.0,0.0,0.0,0.0,0.0,0.0,41.3715,0.0,0.0
2017-12-13,18.544617,0.0,17.461815,0.0,0.0,0.0,5.395858,0.0,0.0,25.878983,0.0,2.8170917,12.949622,14.191585,0.0,18.04428,0.0,0.69709486,0.0,0.0,28.900835,0.0,0.0,0.0,0.0,0.0,0.0,21.631062,0.0,0.0
2017-12-14,0.0,0.0,0.0,0.0,0.0,0.0,0.0,0.0,3.012469,19.017775,0.0,0.0,0.0,0.0,0.0,0.0,0.0,0.0,0.0,0.0,0.0,0.0,0.0,0.0,0.0,0.0,0.0,0.0,0.0,0.0
2017-12-15,19.224897,5.474591,28.994633,0.0,0.0,4.82614,7.033123,8.058922,6.72752,0.0,5.833128,0.0,0.0,0.0,2.7009678,0.0,5.4360566,4.751324,0.0,5.4436955,0.0,6.9158278,5.045384,9.342299,5.3063073,5.658662,5.5567493,0.0,5.2006335,5.2674193
2017-12-16,0.0,0.0,0.0,0.0,0.0,0.0,5.430099,0.0,0.0,0.0,0.0,0.0,0.0,0.0,0.0,0.0,0.0,0.0,0.0,0.0,0.0,0.0,0.0,5.568759,0.0,0.0,0.0,0.0,0.0,0.0
2017-12-17,0.0,0.0,0.0,0.0,0.0,0.0,0.0,0.0,0.0,0.0,0.0,0.0,0.0,0.0,0.0,0.0,0.0,0.0,0.0,0.0,0.0,0.0,0.0,0.0,0.0,0.0,0.0,0.0,0.0,0.0
2017-12-18,0.0,0.0,0.0,0.0,0.0,0.0,0.0,0.0,0.0,0.0,0.0,0.0,0.0,0.0,0.0,0.0,0.0,0.0,0.0,0.0,0.0,0.0,0.0,0.0,0.0,0.0,0.0,0.0,0.0,0.0
2017-12-19,7.658925,0.0,0.0,0.0,0.0,0.0,10.936442,0.0,0.0,0.0,0.0,0.0,0.0,0.0,0.0,0.0,0.0,0.0,5.2758856,0.0,0.0,0.0,0.0,52.398773,0.0,32.83423,4.3272705,0.0,0.0,5.5549974
2017-12-20,6.957828,0.0,11.83607,0.0,0.0,0.0,0.0,0.0,9.405726,0.0,0.0,0.0,0.0,0.0,3.8291712,0.0,0.0,0.0,0.0,0.0,0.0,0.0,0.0,29.99537,0.0,0.0,0.0,0.0,8.819999,0.0
2017-12-21,0.0,4.340875,0.0,0.0,0.0,4.585156,0.0,0.0,7.70946,3.5595047,0.0,5.35277,3.7888823,4.127509,3.4796138,0.0,4.0918336,0.0,0.0,4.6115727,0.0,4.926375,0.0,0.0,4.7419043,0.0,2.006908,0.0,7.5186386,0.0
2017-12-22,0.0,0.0,0.0,0.0,0.0,0.0,0.0,0.0,3.4770699,0.0,0.0,0.0,0.0,0.0,0.0,0.0,0.0,0.0,0.0,0.0,0.0,0.0,0.0,0.0,0.0,0.0,0.0,0.0,0.0,0.0
2017-12-23,0.0,0.0,0.0,0.0,0.0,0.0,0.0,0.0,0.0,0.0,0.0,0.0,0.0,0.0,0.0,0.0,0.0,0.0,0.0,0.0,0.0,0.0,0.0,0.0,0.0,0.0,0.0,0.0,0.0,0.0
2017-12-24,0.0,0.0,0.0,0.0,0.0,0.0,0.0,0.0,0.0,0.0,0.0,0.0,0.0,0.0,0.0,0.0,0.0,0.0,0.0,0.0,0.0,0.0,0.0,0.0,0.0,0.0,0.0,0.0,0.0,0.0
2017-12-25,0.0,0.0,0.0,0.0,0.0,0.0,0.0,0.0,0.0,0.0,0.0,0.0,0.0,0.0,0.0,0.0,0.0,0.0,0.0,0.0,0.0,0.0,0.0,0.0,0.0,0.0,0.0,0.0,0.0,0.0
2017-12-26,12.810606,8.961337,0.0,0.0,0.0,0.0,13.1985655,0.0,0.0,0.0,0.0,0.0,0.0,0.0,0.0,0.0,0.0,8.964365,13.953327,0.0,0.0,0.0,10.412119,13.049859,0.0,11.592742,13.495088,0.0,0.0,13.906665
2017-12-27,0.0,0.0,0.0,0.0,0.0,0.0,0.0,0.0,0.0,4.328324,0.0,0.0,0.0,5.9595265,0.0,0.0,6.5041265,0.0,0.0,6.59781,0.0,0.0,0.0,0.0,4.788936,0.0,0.0,0.0,0.0,0.0
2017-12-28,0.0,0.0,0.0,0.0,0.0,0.0,0.0,0.0,0.0,0.0,0.0,0.0,0.0,0.0,0.0,0.0,0.0,0.0,0.0,0.0,0.0,0.0,0.0,0.0,0.0,0.0,0.0,0.0,0.0,0.0
2017-12-29,0.0,9.521123,0.0,0.0,0.0,0.0,0.0,0.0,8.602465,0.0,0.0,0.0,0.0,0.0,6.140253,0.0,8.043409,0.0,0.0,9.149309,0.0,12.897595,7.318519,0.0,9.600899,0.0,0.0,0.0,7.1196213,0.0
2017-12-30,0.0,0.0,0.0,0.0,0.0,0.0,0.0,0.0,0.0,0.0,0.0,8.620735,0.0,0.0,0.0,0.0,0.0,0.0,0.0,0.0,0.0,0.0,0.0,0.0,0.0,0.0,0.0,0.0,0.0,0.0
2017-12-31,0.0,0.0,0.0,0.0,0.0,0.0,0.0,0.0,6.234675,0.0,0.0,0.0,0.0,0.0,0.0,0.0,0.0,0.0,0.0,0.0,0.0,0.0,0.0,0.0,0.0,0.0,0.0,0.0,6.12244,0.0
2018-01-01,0.0,0.0,0.0,4.638543,6.2817144,0.0,0.0,0.0,9.91097,0.0,0.0,0.0,0.0,0.0,8.924824,0.0,0.0,0.0,0.0,0.0,0.0,0.0,0.0,0.0,0.0,0.0,0.0,0.0,8.862353,0.0
2018-01-02,0.0,0.0,0.0,0.0,0.0,0.0,0.0,0.0,0.0,0.0,0.0,0.0,0.0,0.0,0.0,0.0,0.0,0.0,0.0,0.0,0.0,0.0,2.857568,7.197391,0.0,7.030989,0.0,0.0,0.0,0.0
2018-01-03,0.0,4.303365,0.0,5.9213076,4.7074194,7.795775,0.0,6.390369,0.0,5.3243732,8.146374,3.169173,4.8710284,0.0,6.0280113,0.0,3.056402,0.0,8.263594,3.6035037,0.0,5.490928,5.533856,0.0,0.0,0.0,7.861374,4.6638784,0.0,8.400966
2018-01-04,0.0,0.0,0.0,0.0,0.0,0.0,0.0,0.0,0.0,0.0,0.0,0.0,0.0,0.0,0.0,0.0,0.0,0.0,0.0,0.0,8.622864,0.0,0.0,0.0,0.0,0.0,0.0,0.0,0.0,0.0
2018-01-05,0.0,0.0,0.0,0.0,0.0,0.0,0.0,0.0,0.0,0.0,0.0,0.0,0.0,0.0,0.0,0.0,0.0,0.0,0.0,0.0,0.0,0.0,0.0,0.0,0.0,0.0,0.0,0.0,0.0,0.0
2018-01-06,0.0,0.0,0.0,0.0,0.0,0.0,0.0,0.0,0.0,0.0,0.0,0.0,0.0,0.0,0.0,0.0,0.0,0.0,0.0,0.0,0.0,0.0,0.0,0.0,0.0,0.0,0.0,0.0,0.0,0.0
2018-01-07,0.0,0.0,0.0,0.0,0.0,0.0,0.0,0.0,0.0,0.0,0.0,0.0,0.0,0.0,0.0,0.0,0.0,0.0,0.0,0.0,0.0,0.0,0.0,0.0,0.0,0.0,0.0,0.0,0.0,0.0
2018-01-08,0.0,6.008941,0.0,0.0,0.0,0.0,0.0,0.0,0.0,0.0,0.0,0.0,0.0,0.0,0.0,0.0,0.0,0.0,0.0,0.0,0.0,0.0,13.752464,0.0,0.0,10.498118,13.541308,0.0,0.0,0.0
2018-01-09,0.0,4.449847,0.0,0.0,0.0,5.355965,0.0,19.0582,3.9454656,0.0,20.67211,0.0,0.0,0.0,3.8467474,0.0,0.0,0.0,24.339022,0.0,0.0,6.8848896,5.9479485,0.0,0.0,0.0,21.278702,0.0,1.2584922,22.974575
2018-01-10,3.4760928,3.4377742,5.562914,3.4215508,4.0504727,5.1367245,3.081812,7.7707033,3.0090628,6.393217,17.76492,4.99016,4.9364114,6.5523367,3.65606,5.7811475,3.4103546,3.1925113,7.311368,3.6122656,7.9654403,13.304356,4.2960687,5.979703,4.3995447,5.732443,0.0,4.9246335,3.9234803,0.0
2018-01-11,0.0,6.4927588,1.6359723,8.402286,5.9206796,22.915453,0.0,6.574888,6.1553674,0.0,8.7816725,17.672188,0.0,5.5164747,4.9698076,0.0,0.0,0.0,7.417445,5.9856257,0.0,8.784258,4.592999,0.0,23.291782,0.0,6.57119,0.0,5.8690524,6.916481
2018-01-12,10.523901,4.869761,12.613435,0.0,0.0,0.0,7.1039963,3.160849,0.0,9.8020315,2.573762,0.0,7.917543,1.7964424,0.0,12.493981,3.9787087,6.8739896,7.0605545,0.0,9.728774,0.0,7.5744286,11.850344,0.0,7.614801,6.3662224,8.750248,0.0,5.1029882
2018-01-13,8.910514,8.742491,6.9309363,0.0,0.0,0.0,10.994554,0.0,0.0,2.9071658,0.0,0.0,2.7461503,3.0566406,0.0,2.7412882,2.4621289,6.3345203,0.0,0.0,3.671878,9.241476,1.8901772,13.927562,0.0,7.428566,0.0,9.516983,0.0,0.0
2018-01-14,0.0,0.0,0.0,0.0,0.0,0.0,0.0,0.0,0.0,0.0,0.0,0.0,0.0,0.0,0.0,0.0,0.0,0.0,0.0,0.0,0.0,0.0,0.0,0.0,0.0,0.0,0.0,0.0,0.0,0.0
2018-01-15,0.0,0.0,0.0,0.0,0.0,0.0,0.0,0.0,0.0,0.0,0.0,0.0,0.0,0.0,0.0,0.0,0.0,0.0,0.0,0.0,0.0,0.0,0.0,0.0,0.0,0.0,0.0,0.0,0.0,0.0
2018-01-16,3.8397686,7.031901,0.0,0.0,0.0,6.660101,0.0,5.400517,0.0,0.0,7.47825,0.0,4.955155,0.0,0.0,0.0,5.1576357,3.4066157,9.33985,7.261677,0.0,7.4914165,7.910374,7.4280496,6.6373568,7.0194287,7.7016,0.0,0.0,9.33985
2018-01-17,0.0,0.0,0.0,5.946943,5.5476627,6.578395,0.8199967,0.0,0.0,5.3172545,4.388462,4.896268,4.361198,6.054728,0.0,0.0,2.8230264,4.1305795,0.0,2.9522882,6.136735,0.0,0.0,0.0,4.565325,0.0,0.0,5.285763,5.692527,0.0
2018-01-18,0.0,0.0,0.0,0.0,0.0,0.0,0.0,0.0,0.0,0.0,0.0,0.0,0.0,0.0,0.0,0.0,2.7969978,0.0,0.0,0.0,0.0,0.0,0.0,5.498654,0.0,0.0,0.0,0.0,0.0,0.0
2018-01-19,0.0,0.0,0.0,0.0,0.0,0.0,0.0,0.0,0.0,0.0,0.0,0.0,0.0,0.0,0.0,0.0,0.0,0.0,0.0,0.0,0.0,0.0,0.0,0.0,0.0,0.0,0.0,0.0,0.0,0.0
2018-01-20,3.6759257,0.0,5.7416973,0.0,0.0,0.0,8.596548,0.0,0.0,0.0,0.0,0.0,0.0,0.0,0.0,5.4208946,0.0,9.098529,2.7135024,0.0,0.0,0.0,0.0,6.6098447,0.0,0.0,0.0,11.713591,0.0,0.0
2018-01-21,0.0,0.0,0.0,0.0,0.0,6.9125557,0.0,0.0,0.0,0.0,6.001875,0.0,0.0,0.0,0.0,0.0,0.0,0.0,0.0,0.0,0.0,5.0231686,0.0,0.0,0.0,0.0,0.0,0.0,0.0,0.0
2018-01-22,0.0,0.0,0.0,0.0,0.0,0.0,0.0,0.0,0.0,0.0,0.0,0.0,0.0,0.0,0.0,0.0,0.0,0.0,7.1732454,0.0,0.0,0.0,0.0,6.432252,0.0,6.0512967,0.0,0.0,0.0,0.0
2018-01-23,0.25882104,0.0,1.6241028,0.0,4.055457,0.0,0.0,0.0,0.0,0.0,0.0,0.0,0.0,0.0,0.0,0.0,0.0,0.0,0.0,0.0,0.0,0.0,0.0,0.0,1.9716399,0.0,0.0,0.0,0.0,0.0
2018-01-24,0.0,0.0,0.0,0.0,0.0,0.0,0.0,0.0,0.0,0.0,0.0,0.0,0.0,0.0,0.0,0.0,0.0,0.0,0.0,0.0,0.0,0.0,0.0,0.0,0.0,0.0,0.0,0.0,0.0,0.0
2018-01-25,0.0,0.0,0.0,0.0,0.0,0.0,0.0,0.0,0.0,0.0,0.0,0.0,0.0,0.0,0.0,0.0,0.0,0.0,0.0,0.0,0.0,0.0,0.0,0.0,0.0,0.0,0.0,0.0,0.0,0.0
2018-01-26,0.0,5.2045712,0.0,4.458802,0.0,6.674792,0.0,0.0,5.2363276,0.0,5.938507,0.0,0.0,0.0,0.0,0.0,0.0,0.0,0.0,5.986314,0.0,5.851804,0.0,0.0,5.7439146,0.0,0.0,0.0,4.161518,0.0
2018-01-27,0.0,0.0,5.015151,0.0,0.0,0.0,0.0,0.0,0.0,0.0,0.0,0.0,0.0,0.0,0.0,0.0,0.0,0.0,0.0,0.0,0.0,0.0,0.0,0.0,0.0,0.0,0.0,3.5397403,0.0,0.0
2018-01-28,0.0,0.0,0.0,0.0,0.0,0.0,0.0,0.0,0.0,2.0111558,0.0,0.0,0.0,0.0,0.0,0.0,0.0,0.0,0.0,0.0,5.7203345,0.0,0.0,0.0,0.0,0.0,0.0,0.0,0.0,0.0
2018-01-29,0.0,0.0,0.0,0.0,0.0,0.0,0.0,0.0,0.0,0.0,0.0,0.0,0.0,0.0,0.0,0.0,0.0,0.0,10.029589,0.0,0.0,0.0,6.514827,6.0855856,0.0,6.1742926,5.4888535,0.0,0.0,8.182147
2018-01-30,0.0,0.0,0.0,0.0,0.0,0.0,0.0,0.0,0.0,0.0,0.0,0.0,0.0,0.0,0.0,0.0,0.0,0.0,0.0,0.0,0.0,0.0,0.0,0.0,0.0,0.0,0.0,0.0,0.0,0.0
2018-01-31,0.0,0.0,0.0,0.0,0.0,0.0,0.0,0.0,0.0,0.0,0.0,0.0,0.0,0.0,0.0,0.0,0.0,0.0,0.0,0.0,0.0,0.0,0.0,0.0,0.0,0.0,0.0,0.0,0.0,0.0
2018-02-01,0.0,0.0,0.0,0.0,0.0,0.0,0.0,0.0,0.0,0.0,0.0,0.0,0.0,0.0,0.0,0.0,0.0,0.0,0.0,0.0,0.0,0.0,0.0,0.0,0.0,0.0,0.0,0.0,0.0,0.0
2018-02-02,0.0,0.0,0.0,0.0,0.0,0.0,0.0,0.0,0.0,0.0,0.0,0.0,0.0,0.0,0.0,0.0,0.0,0.0,0.0,0.0,0.0,0.0,0.0,0.0,0.0,0.0,0.0,0.0,0.0,0.0
2018-02-03,0.0,0.0,0.0,0.0,0.0,0.0,0.0,0.0,0.0,0.0,0.0,0.0,0.0,0.0,0.0,0.0,0.0,0.0,0.0,0.0,0.0,0.0,0.0,0.0,0.0,0.0,0.0,0.0,0.0,0.0
2018-02-04,0.0,0.0,0.0,0.0,0.0,0.0,0.0,0.0,0.0,0.0,0.0,0.0,0.0,0.0,0.0,0.0,0.0,0.0,0.0,0.0,0.0,0.0,0.0,0.0,0.0,0.0,0.0,0.0,0.0,0.0
2018-02-05,0.0,0.0,6.6181736,2.9187365,2.7200727,1.5121659,0.0,0.0,0.0,0.0,0.0,3.3485703,0.0,0.0,0.0,7.453347,0.0,0.0,3.2054503,0.0,0.0,0.0,0.0,0.0,2.9832606,0.0,1.1829697,0.0,0.0,3.331105
2018-02-06,5.127423,0.0,0.0,0.0,0.0,1.9751022,5.1762285,2.4451563,0.0,12.384182,6.6845174,0.0,0.0,3.7166526,0.0,0.0,0.0,3.7625532,2.2660317,0.0,16.427979,0.0,4.4486475,6.434507,0.0,5.6448603,3.992536,6.8015876,0.0,0.0
2018-02-07,6.781568,8.811512,7.63945,9.629761,7.269825,12.091165,12.417063,6.6359844,6.243024,8.191641,11.26569,10.210737,8.124958,7.7969346,7.4763517,7.6577735,4.2930865,8.92395,0.0,10.747803,10.69084,8.836477,9.639487,14.513227,13.369526,14.315349,5.2519503,6.772954,7.2072387,0.0
2018-02-08,10.819238,9.693527,9.901208,0.0,0.0,3.3724964,11.04458,5.0879416,0.0,2.429961,3.4731495,0.0,5.370853,1.3160933,0.0,0.0,4.4660153,10.598398,0.0,12.240186,5.6358194,9.519518,2.2390163,0.0,8.240835,0.0,3.2928514,11.292042,0.0,0.0
2018-02-09,5.9297504,0.0,10.479297,0.0,0.0,0.0,9.152681,0.0,0.0,10.235874,0.0,5.314329,14.284338,9.271375,0.0,0.0,0.0,8.1617155,0.0,0.0,9.776605,0.0,0.0,0.0,8.299751,0.33612716,0.0,17.379665,0.0,0.0
2018-02-10,0.0,0.0,0.0,0.0,0.0,0.0,0.0,0.0,0.0,0.0,0.0,0.0,0.0,0.0,0.0,0.0,0.0,0.0,0.0,0.0,0.0,0.0,0.0,0.0,0.0,0.0,0.0,0.0,0.0,0.0
2018-02-11,0.0,0.0,0.0,0.0,0.0,0.0,0.0,0.0,0.0,11.129026,0.0,0.0,8.509289,2.3490162,0.0,0.0,2.227756,0.0,0.0,0.0,0.0,0.0,0.0,0.0,0.0,0.0,0.0,7.3398533,0.0,0.0
2018-02-12,0.0,2.0934868,4.27176,0.0,0.0,0.0,0.0,0.0,0.0,6.4535527,0.0,0.0,4.3915753,3.1135397,0.0,5.068458,4.257197,0.0,0.0,1.9730105,5.65454,0.0,0.0,0.0,0.0,0.0,0.0,0.0,0.0,0.0
2018-02-13,0.0,0.0,0.0,0.0,0.0,0.0,0.0,4.201289,2.9645705,0.0,0.0,0.0,0.0,0.0,1.2392857,0.0,0.0,0.0,2.1570895,0.0,0.0,0.0,1.7747912,0.0,0.0,0.0,6.1639233,0.0,1.3130437,0.0
2018-02-14,0.0,0.0,0.0,0.0,0.0,0.0,0.0,0.0,0.0,0.0,0.0,0.0,0.0,0.0,2.3228502,0.0,0.0,0.0,0.0,0.0,0.0,0.0,0.0,0.0,0.0,0.0,0.0,0.0,0.0,0.0
2018-02-15,0.0,0.0,0.0,0.0,0.0,0.0,0.0,4.4728413,1.8377442,0.0,5.224338,0.0,0.0,0.0,0.0,0.0,0.0,0.0,5.463684,0.0,0.0,0.0,0.0,0.0,0.0,0.0,4.5589013,0.0,1.4666843,4.0098906
2018-02-16,6.192984,0.0,9.608735,0.0,0.0,0.0,0.0,0.0,0.0,0.0,0.0,0.0,0.0,0.0,0.0,10.817171,0.0,0.0,3.1422691,0.0,0.0,0.0,0.0,5.698234,0.0,0.0,3.3092065,0.0,0.0,3.7383523
2018-02-17,0.0,0.0,0.0,0.0,0.0,0.0,0.0,0.0,0.0,0.0,0.0,0.0,0.0,2.275123,0.0,0.0,0.0,0.0,0.0,0.0,0.0,0.0,0.0,0.0,2.7960837,0.0,0.0,0.0,0.0,0.0
2018-02-18,0.0,0.0,0.0,0.0,0.0,0.0,0.0,0.0,0.0,0.0,0.0,0.0,0.0,0.0,0.0,0.0,0.0,0.0,3.3832946,0.0,0.0,0.0,0.0,0.0,0.0,0.0,0.0,0.0,0.0,3.3857331
2018-02-19,0.0,0.0,0.0,0.0,0.0,0.0,0.0,0.0,0.0,0.0,0.0,0.0,0.0,0.0,0.0,0.0,0.0,0.0,0.0,0.0,0.0,0.0,0.0,0.0,0.0,0.0,0.0,0.0,0.0,0.0
2018-02-20,0.0,0.0,0.0,0.0,0.0,0.0,0.0,0.0,0.0,0.0,0.0,0.0,0.0,0.0,0.0,0.0,0.0,0.0,0.0,0.0,0.0,0.0,0.0,0.0,0.0,0.0,0.0,0.0,0.0,0.0
2018-02-21,0.0,0.0,0.0,0.0,0.0,0.0,0.0,0.0,0.0,0.0,0.0,0.0,0.0,0.0,0.0,0.0,0.0,0.0,0.0,0.0,6.718956,0.0,0.0,0.0,0.0,0.0,0.0,0.0,0.0,0.0
2018-02-22,0.0,0.0,0.0,0.0,0.0,0.0,0.0,0.0,0.0,0.0,0.0,0.0,0.0,0.0,0.0,0.0,0.0,0.0,0.0,0.0,0.0,0.0,0.0,0.0,0.0,0.0,0.0,0.0,0.0,0.0
2018-02-23,0.0,0.0,0.0,0.0,0.0,0.0,0.0,0.0,0.0,0.0,0.0,0.0,0.0,0.0,0.0,0.0,0.0,0.0,0.0,0.0,0.0,0.0,0.0,0.0,0.0,0.0,0.0,0.0,0.0,0.0
2018-02-24,0.0,0.0,0.0,0.0,0.0,0.0,0.0,0.0,0.0,0.0,0.0,0.0,0.0,0.0,0.0,0.0,0.0,0.0,0.0,0.0,0.0,0.0,0.0,0.0,0.0,0.0,0.0,0.0,0.0,0.0
2018-02-25,5.575188,0.0,8.638235,0.0,0.0,0.0,0.0,2.210119,0.0,0.0,2.297357,0.0,0.0,0.0,0.0,9.293456,0.0,0.0,3.834146,0.0,0.0,0.0,0.0,4.703385,0.0,0.0,3.4652753,0.0,0.0,3.9526894
2018-02-26,0.0,0.0,0.0,0.0,0.0,0.0,0.0,0.0,0.0,0.0,0.0,0.0,0.0,0.0,0.0,0.0,0.0,0.0,0.0,0.0,0.0,0.0,0.0,0.0,0.0,0.0,0.0,0.0,0.0,0.0
2018-02-27,0.0,0.0,0.0,0.0,0.0,0.0,0.0,0.0,0.0,0.0,0.0,0.0,0.0,0.0,0.0,0.0,0.0,0.0,0.0,0.0,0.0,0.0,0.0,0.0,0.0,0.0,0.0,0.0,0.0,0.0
2018-02-28,0.0,0.0,0.0,0.0,0.0,0.0,0.0,0.0,0.0,0.0,0.0,0.0,0.0,0.0,0.0,0.0,0.0,0.0,0.0,0.0,0.0,0.0,0.0,0.0,0.0,0.0,0.0,0.0,0.0,0.0
2018-03-01,0.0,0.0,0.0,0.0,0.0,0.0,0.0,0.0,0.0,0.0,0.0,0.0,0.0,0.0,0.0,0.0,0.0,0.0,0.0,0.0,0.0,0.0,0.0,0.0,0.0,0.0,0.0,0.0,0.0,0.0
2018-03-02,0.0,0.0,0.0,0.0,0.0,0.0,0.0,0.0,0.0,0.0,0.0,0.0,0.0,0.0,0.0,0.0,0.0,0.0,0.0,0.0,0.0,0.0,0.0,0.0,0.0,0.0,0.0,0.0,0.0,0.0
2018-03-03,0.0,0.0,0.0,0.0,0.0,0.0,0.0,0.0,0.0,0.0,0.0,0.0,0.0,0.0,0.0,0.0,0.0,0.0,0.0,0.0,0.0,0.0,0.0,0.0,0.0,0.0,0.0,0.0,0.0,0.0
2018-03-04,0.0,0.0,0.0,0.0,0.0,0.0,0.0,0.0,0.0,0.0,0.0,0.0,0.0,0.0,0.0,0.0,0.0,0.0,0.0,0.0,0.0,0.0,0.0,0.0,0.0,0.0,0.0,0.0,0.0,0.0
2018-03-05,0.0,0.0,0.0,0.0,0.0,0.0,0.0,0.0,0.0,0.0,0.0,0.0,0.0,0.0,0.0,0.0,0.0,0.0,0.0,0.0,0.0,0.0,0.0,0.0,0.0,0.0,0.0,0.0,0.0,0.0
2018-03-06,0.0,0.0,0.0,0.0,0.0,0.0,0.0,0.0,0.0,0.0,0.0,0.0,0.0,0.0,0.0,0.0,0.0,0.0,0.0,0.0,0.0,0.0,0.0,0.0,0.0,0.0,0.0,0.0,0.0,0.0
2018-03-07,0.0,0.0,0.0,0.0,0.0,0.0,0.0,0.0,0.0,0.0,0.0,0.0,0.0,0.0,0.0,0.0,0.0,0.0,0.0,0.0,0.0,0.0,0.0,0.0,0.0,0.0,0.0,0.0,0.0,0.0
2018-03-08,1.9749573,0.0,1.9286088,0.0,0.0,0.0,2.3017254,0.0,0.0,0.0,0.0,0.0,0.0,0.0,0.0,3.2313137,0.0,0.0,0.0,0.0,0.0,0.0,0.0,0.0,0.0,0.0,0.0,0.0,0.0,0.0
2018-03-09,5.3512206,1.9521301,5.1660266,0.0,0.0,0.0,6.032012,3.1503167,0.0,0.0,0.0,0.0,3.0793986,1.2238498,0.0,3.0400178,1.0837609,4.622911,6.7496758,1.5671763,0.0,0.70879984,4.1365595,4.6470494,1.4629952,3.6230934,5.510007,4.6536193,0.0,5.674798
2018-03-10,5.1990385,1.8024057,4.3770146,0.0,0.0,0.0,7.998134,0.0,0.0,2.1285434,0.0,0.0,5.629449,0.0,0.0,0.0,1.3144548,7.7270193,0.0,0.0,0.0,0.0,6.8556657,2.3877995,0.0,2.7547693,6.219093,10.006507,0.0,3.2221258
2018-03-11,0.0,0.0,0.0,0.0,0.0,0.0,0.0,0.0,0.0,0.0,0.0,0.0,0.0,0.0,0.0,0.0,0.0,0.0,0.0,0.0,0.0,0.0,0.0,0.0,0.0,0.0,0.0,0.0,0.0,0.0
2018-03-12,3.7739203,0.0,6.500052,0.0,0.0,1.0331814,5.1773825,0.0,0.0,0.0,0.0,1.0994737,0.0,0.0,0.0,11.022724,0.0,4.45924,6.9655633,0.0,0.0,0.0,0.0,3.4656181,1.1130264,5.0833893,0.0,2.0904737,0.0,6.5477395
2018-03-13,12.546138,6.075289,16.610695,0.0,0.0,0.0,10.303989,3.209598,0.0,2.0597727,0.0,0.0,7.28327,2.820942,0.0,15.93684,5.592288,8.330065,0.0,3.4898753,0.0,3.4014003,4.871582,6.2484603,1.3904415,5.5421424,1.9679317,9.603643,0.0,0.0
2018-03-14,10.131975,3.2556372,14.69933,0.0,0.0,0.0,16.515312,0.0,0.0,4.2717023,0.0,0.0,9.786643,2.0163045,0.0,7.7570715,0.9690067,14.5103855,0.0,0.0,5.5916524,0.0,6.0998073,12.85196,1.4116514,12.759018,0.0,16.344223,0.0,0.0
2018-03-15,2.726964,1.1769581,6.459725,0.0,0.0,0.0,8.204176,0.0,0.0,12.955916,4.6523967,7.5785904,6.6708517,6.8641305,0.0,0.0,1.359517,5.9918046,7.499046,2.3803174,13.103444,0.0,8.891001,5.055301,3.072589,6.870933,7.9076376,9.984347,0.0,7.8729606
2018-03-16,0.0,5.682348,5.9162526,17.332298,17.170643,13.429025,10.656646,4.8912754,7.9053073,13.912852,7.5946727,16.478222,12.848363,12.8401165,14.613954,0.0,4.133047,5.8887134,0.0,10.81152,15.377044,5.416798,2.9139836,0.0,13.899078,2.581624,0.0,15.839101,14.474531,0.0
2018-03-17,7.089714,17.828922,12.662985,6.579588,8.163679,11.248297,12.830404,20.169083,3.8274157,13.871936,14.687997,12.217028,7.165795,12.98308,7.054601,9.775837,5.2186823,9.051075,14.754471,10.521288,14.502682,18.599672,7.7884746,4.4520535,13.157904,3.4236748,18.255964,17.95561,4.486785,15.031908
2018-03-18,0.0,0.0,9.581599,0.0,0.0,0.0,11.099488,0.0,0.0,16.349417,0.0,3.6519616,12.429975,8.21623,0.0,5.166172,2.7644007,10.064835,0.0,0.0,18.963972,0.0,0.0,0.0,0.0,0.0,0.0,17.606943,0.0,0.0
2018-03-19,0.0,0.0,0.0,0.0,0.0,0.0,0.0,0.0,0.0,5.903912,0.0,0.0,0.0,0.0,0.0,0.0,0.0,0.0,0.0,0.0,10.672069,0.0,0.0,0.0,0.0,0.0,0.0,0.0,0.0,0.0
2018-03-20,0.0,0.0,0.0,0.0,0.0,0.0,0.0,0.0,0.0,0.0,0.0,0.0,0.0,0.0,0.0,0.0,0.0,0.0,0.0,0.0,0.0,0.0,0.0,0.0,0.0,0.0,0.0,0.0,0.0,0.0
2018-03-21,0.0,0.0,5.7985497,0.0,0.0,0.0,4.069154,0.0,0.0,0.0,0.0,0.0,0.0,0.80167806,0.0,1.7930039,0.0,0.0,0.0,0.0,4.340622,0.0,0.0,0.0,0.0,0.0,0.0,4.4278064,0.0,0.0
2018-03-22,0.0,0.0,0.0,0.0,0.0,0.0,0.0,0.0,0.0,8.571938,0.0,3.777468,3.683628,6.3929057,0.0,1.2115355,0.0,0.0,0.0,0.0,8.586332,0.0,0.0,0.0,4.4740686,0.0,0.0,5.6531763,0.0,0.0
2018-03-23,0.65158856,1.0551909,0.0,0.0,0.0,3.455939,3.7959034,0.0,0.0,5.9738,0.0,4.0895934,7.510555,4.654479,0.0,0.0,1.7494819,4.028645,0.0,3.1350815,9.513957,0.0,0.0,0.0,3.9353135,0.0,0.0,7.537651,0.0,0.0
2018-03-24,0.0,0.0,0.0,0.0,0.0,0.0,0.0,0.0,0.0,0.0,0.0,0.0,0.0,0.0,0.0,0.0,0.0,0.0,0.0,0.0,0.0,0.0,0.0,0.0,0.0,0.0,0.0,0.0,0.0,0.0
2018-03-25,0.0,0.0,0.0,0.0,0.0,0.0,0.0,0.0,0.0,0.0,0.0,0.0,0.0,0.0,0.0,0.0,0.0,0.64084667,0.0,0.0,0.0,0.0,0.0,0.0,0.0,0.0,0.6860293,0.0,0.0,0.76129514
2018-03-26,9.136419,0.0,12.093107,0.0,0.0,1.2622832,3.7922485,3.7365003,0.0,0.0,3.0509288,0.0,0.0,0.0,0.69947374,12.738365,0.0,0.0,10.732144,0.0,0.0,2.2691846,2.439986,3.4059856,0.0,1.9649051,5.6337366,0.0,0.0,10.732144
2018-03-27,2.6625972,0.0,6.225183,0.0,0.0,0.0,5.360975,0.0,0.0,0.0,0.0,0.0,0.0,0.0,0.0,0.0,0.0,0.0,2.0793507,0.0,0.0,0.0,0.0,0.0,0.0,0.0,1.522857,3.2983863,0.0,0.0
2018-03-28,0.0,0.0,0.0,0.0,0.0,0.0,0.0,0.0,0.0,0.0,0.0,0.0,0.0,0.0,0.0,0.0,0.0,0.0,0.0,0.0,0.0,0.0,0.0,0.0,0.0,0.0,0.0,0.0,0.0,0.0
2018-03-29,0.0,0.0,0.5027324,0.0,0.0,0.0,0.0,0.0,0.0,0.0,0.0,2.3170636,0.0,2.0282044,0.0,0.0,0.0,0.0,0.0,0.0,0.0,0.0,0.0,0.0,0.0,0.0,0.0,0.0,0.0,0.0
2018-03-30,0.0,1.4970702,0.0,7.4779096,7.8765826,4.471216,0.0,1.8698789,3.794279,5.937915,2.9057117,10.855954,0.0,7.9776635,4.49792,0.0,1.0936791,0.0,0.0,4.294304,8.385639,2.7315366,0.0,0.0,7.0416174,0.0,0.0,0.0,5.1675916,0.0
2018-03-31,0.0,7.1745343,0.0,6.8446474,5.9197445,8.612189,4.2584653,6.7799373,2.6595695,4.5666804,6.017209,8.990659,6.123429,7.2419662,4.1780553,0.0,3.6905048,6.004155,10.285852,5.894011,8.712728,7.814287,5.0808253,2.3068178,9.671244,4.39276,7.6655006,4.002655,3.6520648,9.01595
2018-04-01,3.00951,4.9789104,3.3501754,0.0,0.0,3.4855745,4.051163,3.1702402,0.0,6.8870955,2.822387,4.155631,4.882929,4.8800287,0.0,0.0,5.378253,4.028008,0.0,3.7314668,9.705106,3.510047,3.7815628,3.7731392,4.7451496,3.7796674,3.370788,5.0182314,0.0,2.4907787
2018-04-02,0.0,3.0404577,0.0,4.7862344,1.537406,7.423313,1.0393479,0.0,0.0,3.101756,0.0,6.231029,0.0,5.4771314,4.6610117,0.0,1.7036786,1.0942416,2.2811224,3.3311634,5.8166695,3.346987,0.0,0.0,7.1526723,0.0,0.0,0.0,0.0,3.0968232
2018-04-03,2.4192622,0.0,2.4678023,0.0,0.0,0.0,2.01039,0.0,0.0,3.5611587,0.0,0.0,2.486988,3.522559,0.0,2.4675303,2.374301,2.0903735,0.0,0.43516794,0.0,0.0,0.0,1.6432209,0.0,1.2201518,0.0,3.0162594,0.0,0.0
2018-04-04,0.0,0.0,0.0,0.0,0.0,0.0,0.0,0.0,0.0,0.0,0.0,0.0,0.0,0.0,0.0,0.0,0.0,0.0,0.0,0.0,0.0,0.0,0.0,0.0,0.0,0.0,0.0,0.0,0.0,0.0
2018-04-05,0.0,0.0,2.7170331,0.0,0.0,0.0,2.2659063,0.0,0.0,2.7765987,0.0,0.0,2.2561164,2.3529418,0.0,0.0,0.0,1.1313567,0.0,0.0,0.0,0.0,0.0,0.0,0.0,0.0,0.0,2.3311646,0.0,0.0
2018-04-06,2.5782928,3.5584087,3.954082,0.0,0.0,0.0,3.829245,0.73612505,0.0,7.83938,0.0,0.0,4.7995,0.0,0.0,0.0,2.5062647,3.9072418,1.1904898,0.0,4.988247,0.0,4.0678444,2.839623,0.0,4.2197547,3.6296248,6.4763546,0.0,3.5420496
2018-04-07,4.017861,0.0,5.8526487,0.0,0.0,0.0,4.244448,0.0,0.0,7.2546453,0.0,0.0,6.542916,0.0,0.0,4.332284,0.0,0.0,0.0,0.0,0.0,0.0,0.0,2.5993974,0.0,0.0,0.0,7.113834,0.0,0.0
2018-04-08,2.1811016,1.7304482,2.307731,0.0,0.0,0.0,2.827929,0.0,0.0,7.242429,0.0,0.0,8.999572,6.2145505,0.0,0.0,3.3948228,3.419412,0.0,0.0,0.0,0.0,0.0,0.0,0.0,1.6858091,0.0,4.6614294,0.0,0.0
2018-04-09,4.408286,0.64693075,3.7920194,0.0,0.0,0.0,3.3321826,0.0,0.0,0.0,1.2391227,0.0,3.4667172,0.0,0.0,3.3557615,0.0,3.769708,2.8501549,0.0,0.0,0.44980556,2.341412,4.8346367,0.0,3.6881585,2.1286721,5.65712,0.0,2.3239903
2018-04-10,4.233255,4.3504066,4.1316905,0.0,0.0,0.0,5.4266105,0.0,0.0,9.2932415,0.0,0.0,7.319843,1.9266245,0.0,3.3436508,1.861122,4.8711224,0.0,0.0,0.0,0.0,4.877592,3.0133119,0.0,3.812592,0.0,7.038921,0.0,0.0
2018-04-11,12.109948,4.457207,14.899406,0.0,0.0,0.0,10.900128,0.0,0.0,9.243773,0.0,0.0,12.1296215,5.8735137,0.0,15.573624,6.657613,9.931605,0.0,4.0467362,0.0,0.0,4.4241643,6.16266,3.1072693,7.1409965,0.0,13.372762,0.0,0.0
2018-04-12,10.964296,0.0,19.184261,0.0,0.0,0.0,16.066912,0.0,0.0,8.624937,0.0,0.0,10.963165,7.013047,0.0,15.21595,0.0,11.660789,0.0,0.0,10.477069,0.0,0.0,7.6851916,0.0,4.9380608,0.0,19.442448,0.0,0.0
2018-04-13,15.460076,7.706023,25.288534,0.0,0.0,1.6772683,21.422548,4.1865387,0.0,18.337942,3.1791856,0.0,20.680708,5.995957,0.0,25.89544,5.245688,19.003262,11.352124,2.2399182,11.369736,2.789063,9.658478,15.305137,1.7771193,14.871048,9.34324,26.416912,0.0,11.30897
2018-04-14,10.160486,8.417564,11.31992,0.0,0.0,0.0,15.24586,5.9836264,0.0,7.856813,4.5456867,0.0,14.422128,4.598261,0.0,7.7751474,7.22515,14.542227,4.4224772,0.0,3.7799494,5.829064,5.660824,11.410895,0.0,8.792825,4.7377386,19.818026,0.0,4.4545226
2018-04-15,4.2006054,3.450344,8.823861,0.0,0.0,5.383579,2.9436677,7.722158,0.0,7.44069,6.641438,0.0,5.499971,5.540843,0.0,9.392197,1.5086895,0.0,0.0,9.050603,10.67825,7.3711877,3.9227011,3.8720756,7.14579,0.0,6.0443583,0.0,0.0,6.418879
2018-04-16,4.184116,2.0259018,6.6851826,0.0,0.0,0.0,5.987444,0.0,0.0,6.0385847,0.0,0.0,7.612277,1.4698348,0.0,0.0,0.0,4.6351123,0.0,2.0415206,6.7169766,0.0,2.356589,2.5512576,0.0,3.094423,2.2489016,8.229583,2.3523104,2.516412
2018-04-17,0.0,2.0675583,0.0,0.0,0.0,0.0,0.0,0.0,0.0,0.0,0.0,0.0,0.0,0.0,0.0,4.784041,0.0,0.0,0.0,1.5827615,6.1849585,4.32376,0.0,0.0,0.0,0.0,0.0,0.0,0.0,0.0
2018-04-18,11.626358,3.2311902,14.518154,0.0,0.0,1.8905166,5.0993037,2.1745982,0.0,4.891925,1.7732203,0.0,3.5948703,3.324345,0.0,18.355558,2.629585,4.218889,8.384482,3.583795,4.064482,4.4385834,4.115329,8.674828,4.433556,5.1435027,3.9673424,4.98549,0.0,6.27003
2018-04-19,3.701807,3.5291388,2.758364,4.114889,5.635895,6.725329,0.0,4.08975,4.6260295,8.355318,6.09704,14.614529,2.7736077,11.927621,4.869687,0.0,3.3166857,2.0329134,8.309387,3.2500448,17.399963,4.0128393,2.9235668,4.121625,5.961446,3.285212,3.8272028,0.0,5.7383327,6.458003
2018-04-20,0.0,0.0,0.0,0.0,4.9080815,0.0,0.0,0.0,0.0,7.0114565,0.0,4.9335546,0.0,10.019077,0.0,8.6012335,1.1391227,0.0,0.0,2.659328,15.1199875,0.0,0.0,0.0,6.9551916,0.0,0.0,0.0,3.115388,0.0
2018-04-21,0.0,0.0,0.0,4.292182,4.214104,1.4390444,0.0,0.0,0.0,2.7292833,0.0,0.0,0.0,0.0,0.0,0.0,0.0,0.0,0.0,3.26854,3.1841216,0.0,0.0,0.0,2.760809,0.0,0.0,0.0,0.0,0.0
2018-04-22,1.5108091,0.0,0.0,0.0,0.0,0.0,1.5683675,0.0,0.0,9.010537,0.0,5.831155,0.0,8.013762,0.0,0.0,0.0,0.0,0.0,0.0,13.188647,0.0,0.0,0.0,0.0,0.0,0.0,0.0,0.0,0.0
2018-04-23,0.0,0.0,0.0,0.0,0.0,0.0,0.0,0.0,0.0,3.894125,0.0,0.0,0.0,3.5373886,0.0,0.0,0.0,0.0,0.0,1.8664359,6.293283,0.0,0.0,0.0,0.0,0.0,0.0,5.196134,0.0,1.2414907
2018-04-24,0.0,0.0,5.0127873,0.0,0.0,0.0,3.233677,0.0,0.0,7.0817666,0.0,5.352049,0.0,5.8915505,0.0,2.6905775,2.1763825,0.0,0.0,3.8020782,9.121721,0.0,0.0,0.0,5.5879703,0.0,0.0,4.115709,0.0,0.0
2018-04-25,0.0,0.0,4.5569177,0.0,0.0,0.0,0.0,0.0,0.0,4.4750924,0.0,0.0,0.0,0.0,0.0,2.8482366,0.0,0.0,0.0,1.3963205,2.9701376,0.0,0.0,0.0,0.0,0.0,0.0,3.7758784,0.0,0.0
2018-04-26,3.5879228,0.0,6.4791245,4.231614,4.4481387,2.198564,4.563918,0.0,0.0,9.156255,0.0,15.506555,6.410719,15.717458,0.0,2.9329562,1.9405291,1.8083638,0.0,4.121949,13.370867,0.0,0.915915,2.7104368,9.012496,0.0,0.8546874,6.8518233,0.0,1.8768888
2018-04-27,2.206011,4.2981987,5.300067,0.0,0.0,0.0,3.4798343,1.9857903,0.0,1.8797297,2.5854375,0.0,4.5243535,2.3094356,0.0,4.297862,3.3317678,4.4600277,0.0,3.1888137,0.0,4.893249,0.0,2.407641,3.172342,1.7941202,0.0,8.634047,0.0,0.0
2018-04-28,7.1803665,0.0,7.932532,0.0,0.0,3.8122017,4.467055,0.0,0.0,2.2617834,2.880582,0.0,0.0,2.4164314,0.0,9.196544,0.0,2.4867055,0.0,0.0,2.854313,0.0,0.9089786,3.3231885,0.0,3.173937,0.2085576,3.4002688,0.0,0.0
2018-04-29,2.084799,7.1899514,0.0,0.0,0.0,3.8700395,2.9679692,4.969399,0.0,2.168478,3.747025,0.0,3.766014,2.7752519,3.1850297,0.0,3.79025,4.1234746,2.6903358,4.6338854,0.0,7.197461,4.9348326,1.695058,5.8009386,4.224703,5.152183,0.0,0.0,1.4688907
2018-04-30,0.0,11.217876,0.0,15.452425,17.649853,12.722801,0.0,1.9077277,0.0,7.615829,5.6386995,17.722553,8.45586,11.481941,0.0,0.0,10.048202,2.16269,0.0,12.601929,8.300356,10.911155,2.4003882,0.0,14.033773,0.0,0.0,7.2184677,7.8927736,0.0
2018-05-01,0.0,0.0,2.335714,4.2096562,6.6081595,4.4311876,4.514435,0.0,3.774078,18.452688,0.0,21.872911,11.346164,26.434612,3.7596617,3.959599,0.0,4.254495,0.0,0.0,24.625263,0.0,0.0,0.0,7.6716604,1.674715,0.0,12.6900835,5.0547295,0.0
2018-05-02,3.435506,11.217076,15.964236,11.582243,9.201179,11.452141,18.249022,3.772839,1.9698226,17.964743,6.595488,24.391317,19.079777,22.660685,4.1100373,0.0,17.154043,17.38376,0.0,15.662493,19.52615,9.019459,6.6506834,2.769631,24.26403,9.532191,2.9432073,24.033031,2.110908,0.0
2018-05-03,0.0,16.054998,17.223902,12.106661,12.080886,10.161198,13.982149,5.858189,2.9215631,15.30905,7.3448925,20.340523,18.12836,20.857088,4.9344034,0.0,17.516266,12.908461,0.0,22.807816,22.966507,14.013512,6.195721,1.8712926,22.752274,5.4729695,5.77563,18.024773,4.716326,1.6168658
2018-05-04,2.5243428,7.304203,21.16469,0.0,0.0,3.551881,13.452472,4.787215,0.0,9.680826,3.308444,0.0,11.8698635,6.565502,0.98656815,9.028682,9.1492195,11.556271,0.0,0.0,6.5087166,4.787215,9.066764,4.6951103,0.0,10.160901,4.3658533,14.35263,0.0,0.0
2018-05-05,10.6484785,9.826651,25.11791,0.0,0.0,0.0,12.40626,0.0,0.0,17.504383,0.0,0.0,12.992544,14.605436,0.0,30.599375,10.801121,13.79024,0.0,12.268875,16.198217,0.0,9.288827,6.6178446,11.045668,11.903987,2.4590125,13.493741,0.0,0.0
2018-05-06,9.746339,10.958723,20.507656,0.0,0.0,2.4888794,12.857487,0.0,0.0,14.386532,2.7763503,9.584557,14.580652,13.573016,0.0,15.374392,11.136656,9.908079,3.436108,9.909861,7.016297,5.7260184,7.064684,9.034463,10.251154,9.199959,6.0016136,22.581736,0.0,3.9390728
2018-05-07,6.908792,18.396318,19.160822,0.0,0.0,6.2750793,21.199375,5.556658,0.0,14.774085,4.525582,9.445032,15.645672,18.33498,0.0,11.950941,19.451632,17.283398,3.4738388,20.488705,7.781325,14.858749,13.363919,10.964787,13.880762,14.102644,7.5292063,22.407187,0.0,3.7041647
2018-05-08,12.23035,32.71755,23.719667,21.728294,21.296936,21.097721,23.011656,17.460955,3.870818,31.078962,16.07822,39.234653,25.687605,42.925224,8.064665,14.604557,32.977207,20.204407,10.634258,36.648346,37.1216,29.569588,15.434069,10.603254,38.45273,13.184974,17.996258,27.531332,5.506445,16.500055
2018-05-09,13.683882,29.460396,23.359905,13.236801,3.6649194,18.726532,24.7361,18.58173,0.0,26.744116,16.829643,22.558666,26.825207,30.032621,0.0,27.19293,30.571266,22.574053,16.138664,32.641182,23.701517,19.203157,21.104061,15.083613,29.367695,22.529469,18.672531,29.27844,0.0,16.165829
2018-05-10,5.950072,12.035101,12.373194,5.8582377,4.631597,8.858537,10.330752,8.820433,0.0,14.856056,10.418505,17.1412,12.578183,12.894719,6.0614724,6.6144843,13.191397,11.844691,4.122055,9.255129,14.99055,15.773735,6.658435,7.5940766,14.341553,11.844691,6.0308943,15.5408945,0.0,2.1034298
2018-05-11,7.140439,7.5673513,14.208658,18.205942,16.272789,11.201,9.4025135,0.0,0.0,23.876688,0.0,29.805883,18.01535,24.058708,0.0,15.862624,23.417091,10.5764885,0.0,14.76835,27.671947,2.4365501,8.320082,5.327338,16.244297,9.747951,4.183237,14.194944,0.0,0.0
2018-05-12,12.652279,19.74905,31.766027,5.757412,7.7793837,0.0,28.449383,6.4109187,0.0,24.683432,4.0788546,30.80346,22.706383,33.316875,1.041208,31.610556,26.848318,22.374832,4.209753,26.474688,18.883661,8.268173,11.068564,14.428694,31.567451,16.95696,9.918605,30.449253,3.0746794,6.8212075
2018-05-13,10.506209,7.257913,21.492296,10.115942,6.7257595,7.1649423,12.065138,0.0,0.0,20.453941,0.0,28.078661,13.160717,18.911203,2.233035,20.709862,5.93777,9.670856,2.709262,8.162183,21.30396,8.005335,6.943863,5.841163,20.327606,8.117852,3.813702,15.648797,5.075844,0.0
2018-05-14,5.0183096,21.035267,16.297728,7.574505,6.355283,17.227001,12.675671,0.0,0.0,29.001726,4.647712,16.578463,10.789648,30.917877,0.0,7.524244,23.460888,11.165736,4.7589593,28.48902,27.878126,16.05935,5.073735,5.0709414,28.337894,5.6248894,5.291191,19.594505,0.0,6.8021684
2018-05-15,9.100437,20.480568,25.40701,0.0,0.0,10.550934,18.747091,12.685437,0.0,21.807896,9.295424,10.646185,16.381035,20.991068,0.0,22.572733,19.422344,14.391586,4.66291,28.570677,26.513159,17.234657,10.096672,13.52742,24.729092,13.473456,14.716695,20.149027,0.0,5.4976134
2018-05-16,8.667507,10.164184,30.988352,4.609709,0.0,11.898517,23.292305,7.8332286,0.0,13.558386,8.16813,9.588495,11.489862,12.120238,0.0,15.8762245,11.401905,16.505518,4.542946,8.9467125,10.083141,7.0121155,13.519188,17.93179,12.050207,17.761026,10.705536,22.339672,0.0,7.4020815
2018-05-17,10.489762,15.208351,22.297956,5.9550495,4.9999413,6.234857,16.84942,7.114622,0.0,16.459606,6.046758,15.087663,15.860313,19.235786,0.0,15.780941,19.315508,14.001344,13.004271,19.025448,16.192486,13.165899,13.681741,17.094416,16.379467,17.54312,9.878847,16.754753,0.0,10.666958
2018-05-18,13.875465,19.745893,37.711937,12.321111,12.15843,12.869507,19.082907,21.169529,1.5800229,9.6319,12.191035,17.162403,14.788051,11.942247,4.1770554,33.383186,16.844158,16.445871,13.290785,16.639277,5.3567967,20.77459,19.934095,11.843174,15.397163,14.502318,20.734932,19.256363,4.1759815,15.943824
2018-05-19,7.290472,20.695843,11.0720415,11.70241,11.070254,11.701409,5.861896,5.1805315,0.0,18.206264,6.590256,25.192373,14.031957,32.4979,1.5609791,12.749694,19.424833,6.815953,3.9842343,25.50747,20.131475,19.40053,5.3188767,4.1023145,30.856457,5.3269806,5.385437,11.0251045,2.9493306,5.30335
2018-05-20,10.817163,7.4738455,23.086718,0.0,0.0,3.2775743,11.417047,0.0,0.0,3.7534182,0.0,13.583657,7.4946303,0.0,0.0,30.226454,5.4120054,8.560643,0.0,0.0,0.0,3.4084463,6.471309,4.4569764,5.739893,8.058763,0.0,5.9098787,0.0,0.0
2018-05-21,10.275559,26.501616,17.31984,12.594364,9.877799,16.948385,16.46152,20.452364,2.3208466,13.4935255,14.6992035,16.678562,23.154287,16.555477,4.4476233,20.31057,24.36605,19.011,8.20937,23.8485,11.656785,27.184053,18.285872,11.451629,23.49941,18.698051,18.554117,14.8653345,2.9362025,13.647764
2018-05-22,7.2426777,17.427942,21.088276,3.7924366,3.093596,3.3984826,16.382751,11.729276,0.0,4.3976398,7.96692,6.1021667,10.389827,9.959112,0.0,4.8411436,13.594762,13.639981,14.550909,17.446835,0.0,13.423979,14.337996,10.760133,13.247141,11.996737,17.009,15.162353,1.5248709,16.128529
2018-05-23,9.324603,21.490074,26.427443,10.008253,7.3645396,13.921903,16.330032,26.70026,1.6349975,14.213308,23.328848,18.949701,18.486097,21.372498,4.4664273,23.059334,17.079794,18.913338,25.620384,18.262653,18.385077,21.588938,21.839764,20.232483,20.214514,21.159807,26.374771,12.980308,1.8310965,24.49241
2018-05-24,12.024001,29.645784,30.178389,9.930563,9.409847,11.42514,20.520922,30.702543,5.518246,15.79356,24.135227,20.445662,28.348965,19.875769,5.6423993,23.311844,18.645325,29.800407,31.803146,20.502575,14.009504,26.979836,29.358984,22.70029,19.866055,29.378368,33.38977,20.734138,2.9163773,34.770935
2018-05-25,6.00994,19.314453,7.4502897,15.94792,11.43982,13.825252,5.5733256,12.290316,3.0419571,14.990707,10.28195,24.297293,12.004402,22.057734,4.4775534,12.982951,16.896038,12.239036,12.202405,21.021189,17.251966,18.71358,12.424078,7.112177,21.85939,12.809719,15.268515,6.002336,4.981026,13.791067
2018-05-26,2.7220027,5.764933,19.398851,0.0,3.8593278,0.0,10.152537,0.0,0.0,0.0,2.1396182,6.4436903,5.357724,10.180312,0.0,11.426718,7.005501,6.6124353,5.0819654,4.251921,8.401976,5.1627836,3.8561442,2.737535,8.999393,4.6753454,4.8048687,15.583312,0.0,4.4467363
2018-05-27,7.662302,7.0445905,15.3100195,0.0,0.0,0.0,10.793101,6.325178,0.0,15.029113,0.5515938,8.304026,5.1635776,6.7723904,0.0,12.534319,5.7933307,6.1386,1.7398052,0.0,26.836357,5.039979,7.0982733,8.063427,0.0,8.86213,6.459668,12.620534,0.0,0.0
2018-05-28,0.0,8.145289,9.908968,3.157709,4.147813,0.0,10.560405,0.0,0.0,14.201348,0.0,6.937074,12.076225,10.143723,0.0,12.356551,6.680361,10.135982,0.0,6.3480988,20.091795,2.4115262,0.0,0.0,8.869095,0.0,0.0,18.693117,1.6705818,0.0
2018-05-29,0.0,0.0,0.0,3.6114926,3.0826635,0.0,0.0,0.0,0.0,0.0,0.0,0.0,0.0,0.0,0.0,0.0,0.0,0.0,0.0,0.0,13.052458,0.0,0.0,0.0,0.0,0.0,0.0,0.0,1.6492151,0.0
2018-05-30,2.7169516,0.0,5.543208,15.696014,18.811907,0.8224717,4.3374996,0.0,0.0,12.143593,0.0,21.202427,0.0,14.370537,0.0,0.0,7.5054827,4.1043577,3.3242445,15.986024,19.751461,0.0,0.0,1.6615247,15.122439,0.0,0.0,5.5801396,5.130465,1.7922419
2018-05-31,1.0120844,14.284575,0.0,6.0411263,8.241102,10.027317,0.0,0.76710296,0.0,11.671731,5.841302,27.899775,3.6935852,29.349611,1.7833195,0.0,10.961099,0.0,0.0,22.532658,17.154867,14.143552,2.6781704,0.0,28.527699,0.0,3.649671,3.7009792,2.1065073,3.9714267
2018-06-01,4.0785503,10.41314,22.436289,13.371605,13.473264,11.84343,5.3798237,10.714595,0.0,23.924772,7.494531,17.29623,6.461312,12.42351,3.1010416,35.984837,7.2050877,6.5102167,5.1019163,9.318814,30.623802,10.145252,10.607623,6.6684213,14.092527,7.774546,11.100361,3.5882056,7.477076,7.582671
2018-06-02,6.2058444,10.137403,11.284827,19.198168,18.979973,11.738318,6.820125,9.496707,8.016892,16.202927,5.719503,15.930933,9.641325,9.23278,9.481295,15.19928,6.910597,9.2466,5.1019163,8.175848,30.631548,9.8148985,12.71695,3.0361152,10.063696,9.433148,10.854822,10.6145525,9.983294,5.957322
2018-06-03,3.8560271,11.305022,12.019823,5.061391,4.277952,5.3721323,6.052426,7.9907713,0.0,17.377462,5.7821116,12.981799,7.8634577,6.3233275,5.4332585,25.612677,6.910597,11.117742,9.6995125,5.457442,23.048737,7.2358823,12.688155,7.951406,7.018772,13.29601,15.236546,6.149961,2.7639632,15.1937685
2018-06-04,3.912183,4.4729457,15.53116,10.878706,9.483066,7.7300143,14.821081,0.0,0.0,15.303069,6.060995,7.249282,7.2962813,2.3601794,4.0201,0.0,1.5991156,13.218484,0.0,0.0,8.985651,2.1695223,4.7944956,9.653366,2.1819553,12.585098,3.4178863,17.342606,2.693741,0.0
2018-06-05,5.226359,4.2989364,8.014128,5.8894854,6.671402,5.0517807,3.953391,6.9447746,3.8075824,7.368554,6.1821,7.1701374,2.6255395,6.226221,2.6747577,15.668166,3.3597121,3.8637326,2.299501,5.2581286,18.110088,6.599868,4.073203,0.0,7.066699,0.0,4.72476,5.574027,5.0275354,3.6402528
2018-06-06,22.064909,12.950055,23.27236,35.880722,40.796494,21.46203,12.390578,12.115405,18.216042,23.17344,13.441524,28.10071,8.730404,9.297324,17.376364,22.022827,7.9843326,14.22007,10.762913,10.712125,48.46481,13.43058,16.644419,11.299072,14.363953,16.282707,14.060439,16.228376,20.522005,12.580213
2018-06-07,12.8855715,9.450103,44.456837,24.070196,19.640163,18.1317,18.925087,8.67451,16.653683,18.91151,15.211167,7.0857387,8.047677,4.8726506,17.700089,54.686462,4.3493195,12.17214,12.710714,6.368045,15.691715,9.056417,14.679616,11.299072,8.2042465,16.158558,16.586391,17.781221,18.407549,16.746647
2018-06-08,5.758032,0.31250316,7.7722573,0.0,4.7224255,0.0,4.095708,0.0,0.0,14.551551,0.0,5.1859426,4.8438935,2.3051167,0.0,0.0,0.48746836,2.9910328,0.3238796,2.7538083,21.969782,0.0,2.9555275,3.18033,3.9867256,4.7893066,3.3163836,7.062803,2.6052198,3.5179727
2018-06-09,3.5423946,0.102324285,14.46075,3.8765163,8.782569,0.0,0.0,3.865744,0.0,27.812403,0.40469646,11.542843,0.0,1.7306077,3.537714,36.462154,0.0,0.0,0.0,0.0,33.304554,3.865744,0.0,0.0,2.0798244,0.0,0.0,3.3360085,3.571085,0.0
2018-06-10,0.30639577,3.425641,0.0,4.950814,0.0,5.209771,0.0,3.8495605,0.0,8.171318,2.8308518,2.522516,0.0,1.433934,0.0,0.0,0.20061581,0.0,0.43399316,1.610727,15.260438,3.8753269,0.0,0.15888944,2.955511,0.0,2.867554,0.0,3.2727234,0.0
2018-06-11,3.1329272,6.7770786,7.5383415,10.836023,10.322561,8.339292,6.7311783,6.885979,4.5209894,24.33737,5.985439,9.232265,5.269382,4.3718624,5.231298,0.0,1.7598696,3.04769,2.9181445,5.2235866,24.481842,7.601698,5.894552,3.9055002,9.4683485,7.8744807,3.51009,8.976469,6.5886626,3.8086076
2018-06-12,10.548728,7.747895,28.450493,11.908363,11.802713,8.875498,15.002233,6.0339684,4.945989,36.428837,4.222547,7.1199775,10.779684,7.163997,6.7058277,33.95731,6.824957,20.421543,7.044485,6.3420677,73.715645,6.3536043,15.41439,12.568293,7.4314947,24.990189,11.456582,12.247151,7.1609483,10.919352
2018-06-13,7.360033,6.213079,27.52726,8.643967,15.61135,5.2040877,19.305536,3.19677,3.8339696,42.44119,3.3609095,17.875933,7.5838914,9.478859,5.535363,38.4287,3.988618,13.217071,0.8942069,4.524687,72.82459,3.1220212,6.984205,6.230636,14.778803,8.004743,4.260723,18.583878,10.228567,1.1250021
2018-06-14,7.3300667,4.2363977,29.16788,2.93534,5.838362,0.0,11.255414,0.0,1.8867166,38.096817,0.0,4.659309,10.673983,4.666552,0.0,13.145732,0.37157923,8.8138685,4.9480066,2.1515617,55.41714,0.0,6.8483233,4.4688983,2.5844803,8.483041,7.2898583,15.962217,2.2759523,7.8626704
2018-06-15,0.0,10.8285675,0.0,9.740099,10.816662,6.521578,0.0,5.6819334,5.1052246,7.6760316,5.451956,3.5511262,5.0143747,3.6991181,4.9459896,0.0,4.6886897,5.621999,4.3698626,6.2568493,17.957933,4.0227466,13.284364,0.0,6.255368,0.0,13.405273,12.141705,6.594343,9.261392
2018-06-16,6.790279,18.074896,20.253101,23.66064,26.919695,19.618454,12.157945,12.053745,8.738092,18.456463,13.504607,17.251911,13.44134,12.752651,10.852988,19.224255,10.12549,12.007147,7.184222,13.820515,37.31424,12.634653,20.76665,5.26156,19.230885,12.99088,15.8505335,13.9994335,13.928451,9.130823
2018-06-17,4.5011525,5.6678348,18.667158,13.931133,12.859395,12.315421,0.0,0.0,16.896181,0.10524173,7.4770894,9.014553,5.057671,2.1953154,13.335491,11.573485,0.0,12.749776,1.6158859,4.3949733,0.0,0.0,7.88915,3.3120458,4.3034034,15.9153595,0.0,2.9510612,11.390944,0.0
2018-06-18,0.0,3.8239577,0.0,0.0,0.0,0.0,0.0,4.3400435,0.0,0.0,0.0,0.0,0.0,0.0,0.0,0.0,0.0,0.0,3.093765,0.0,0.0,0.0,7.46484,0.7760046,0.0,0.0,10.322779,0.0,0.0,8.293646
2018-06-19,7.640891,0.0,11.42293,0.0,0.0,0.0,0.0,0.0,0.0,0.0,0.0,0.0,0.0,0.0,0.0,18.790016,0.0,0.0,0.0,0.0,0.0,0.0,0.0,0.0,0.0,0.0,0.0,0.0,0.0,0.0
2018-06-20,0.0,0.0,0.0,6.10309,0.0,8.586745,0.0,0.0,0.0,0.0,5.924021,3.696692,0.0,0.0,2.319542,0.0,0.0,0.0,1.6753751,0.0,0.0,0.0,0.0,0.0,4.6221943,0.0,5.7504716,0.0,0.0,5.8759494
2018-06-21,13.994118,18.89301,31.041668,0.0,0.0,3.4841542,22.33345,6.4449444,0.0,16.757772,2.8198824,0.0,20.02153,2.2480626,0.0,41.951992,13.892065,24.996954,11.061406,0.0,0.0,7.2765274,15.718242,3.4948516,7.360596,13.139498,14.260778,28.550726,0.0,12.775839
2018-06-22,0.0,1.9401395,0.0,11.411448,6.725446,9.305531,0.0,2.208367,5.067962,13.878384,1.1702495,10.769206,3.8149147,4.3615694,5.296104,10.512973,0.0,0.0,0.9367963,5.6767473,0.0,2.8332484,0.0,0.0,9.815523,0.0,0.1939511,0.0,5.5908647,0.0
2018-06-23,11.389987,8.074655,32.833942,0.0,0.0,6.5213723,25.917606,6.641513,0.0,22.908344,8.914713,2.4870281,11.68568,3.5751503,1.6557702,12.347376,3.4597368,21.068125,5.3041153,7.4290266,13.851535,9.410565,13.955903,12.327116,7.8235555,18.855137,8.76331,33.710274,1.7375318,8.942241
2018-06-24,0.0,4.9301696,0.0,14.250198,13.099723,9.781809,0.0,0.0,11.146575,0.0,3.8753242,9.449487,3.1462643,6.1476545,10.775623,0.0,0.0,0.0,0.0,4.0655026,28.01501,0.0,5.178901,0.0,7.680772,2.881452,0.0,0.0,12.040179,0.0
2018-06-25,0.0,0.5166955,0.0,14.7495985,20.944643,8.941721,0.0,0.0,7.456993,0.0,6.642281,13.229675,3.2352912,6.8054023,6.7737875,0.0,0.9039285,0.0,0.0,0.0,35.89007,0.0,0.0,0.0,7.2763553,0.0,0.0,0.0,7.1493263,0.0
2018-06-26,0.0,7.5820475,0.0,6.9853477,6.678949,6.542655,0.0,7.7765026,6.352236,7.189099,7.2712407,5.475463,6.644766,4.109978,6.3356285,0.0,3.7784352,8.078832,3.1865034,8.535095,19.891367,8.684843,7.518954,0.0,8.74729,8.37296,6.0099964,4.017308,6.546647,2.7533457
2018-06-27,0.0,8.052384,0.0,17.301453,9.104805,17.433578,1.8983672,7.311147,9.675145,21.557396,15.789207,13.902268,6.6295767,6.419599,9.971619,0.0,3.3030906,9.346198,4.1667466,9.874832,36.716885,9.187973,9.562841,0.0,13.843832,10.723822,5.413982,7.2274184,9.000386,3.691
2018-06-28,0.0,11.519577,0.0,7.056861,9.596752,6.1917977,0.0,4.4309196,8.044457,12.579707,3.2720819,12.071513,9.254559,3.264935,7.7370076,0.0,6.6254787,6.714904,9.843164,2.5015824,27.026617,4.356555,12.579854,0.0,3.7329793,8.0796795,10.168767,5.6651745,7.944037,12.915541
2018-06-29,3.303214,14.9626875,7.257223,4.56165,5.3937907,2.9270608,7.3914022,8.48653,5.574591,13.390746,3.401729,2.8583243,12.045656,2.7390943,3.8635993,0.0,10.115948,13.422888,7.3779187,4.3335233,12.566811,8.810034,15.713214,3.4479494,4.388996,13.316646,12.245282,9.365904,5.9175034,8.577035
2018-06-30,14.29244,17.024977,31.930172,11.331276,15.055094,6.566842,22.515564,6.373285,5.84577,22.58504,6.1747775,9.916295,15.07784,3.3641765,5.7489223,29.110033,10.276848,20.959558,2.8841262,3.5361545,49.769566,7.075248,19.054153,7.9243183,6.0759583,17.82472,10.491179,25.34611,8.148559,6.8523474
2018-07-01,17.594946,25.16767,44.993473,14.168247,12.861451,15.036983,39.427685,8.913182,8.411065,47.13068,11.11577,18.310478,27.872023,10.709696,8.27396,31.946108,14.860293,34.597713,2.9507203,23.074066,62.708473,14.839557,22.565275,4.8649673,24.427185,24.101732,14.071608,45.6904,7.749934,0.5285754
2018-07-02,13.5493145,18.321241,37.456993,21.287062,23.85491,16.26065,22.213678,9.638349,6.863106,39.578857,9.672825,21.821037,27.482733,10.664467,13.482649,14.427478,13.669398,24.369818,0.0,13.081814,48.11759,12.801414,17.052649,0.7310515,22.401749,17.25239,7.7421837,35.421955,7.828865,0.9085909
2018-07-03,0.0,0.0,9.691874,12.0121,15.867582,8.377567,17.275211,0.0,5.1625123,0.0,0.0,7.5788045,4.756098,0.0,7.149178,0.0,0.0,18.776243,0.0,2.4129343,0.0,0.0,3.1792936,0.0,0.0,8.529574,0.0,20.977404,8.342134,0.0
2018-07-04,0.0,0.0,0.0,4.716074,7.292419,5.4902635,0.0,3.1163027,10.101724,0.0,5.1477065,5.185093,0.0,0.0,7.923058,0.0,0.0,4.1877527,0.0,0.0,0.0,3.9270298,0.0,0.0,5.9317837,0.0,0.0,0.0,8.363717,0.0
2018-07-05,0.0,0.0,0.0,0.0,0.0,0.0,0.0,0.0,0.0,0.0,0.0,0.0,0.0,0.0,0.0,0.0,0.0,0.0,0.0,0.0,0.0,0.0,0.0,0.0,0.0,0.0,0.0,0.0,0.0,0.0
2018-07-06,1.1468247,2.1147957,3.420716,6.8670506,6.974137,4.1360016,0.0048662713,1.4092233,6.5785627,3.5889618,2.9784412,5.9159913,4.150195,1.9089618,5.722458,7.0713167,2.6650558,0.0,0.71429634,2.0681489,20.722412,2.1627617,0.0,0.0,3.030437,0.0,1.9022709,0.0,6.0499105,1.9839936
2018-07-07,9.267877,19.758102,24.465597,7.330846,8.180248,8.086545,25.91488,8.5520315,7.7822537,27.986345,6.859583,10.117965,23.126188,6.044772,7.27048,29.820618,13.265465,31.135305,5.1186275,10.48555,38.08685,10.071426,19.400171,1.2145152,12.644074,20.366867,14.871189,39.281517,6.8382044,5.4440827
2018-07-08,3.8354328,16.787148,27.168724,10.871004,11.356397,7.461973,10.612498,7.5044475,8.014867,54.2768,6.8098693,11.470771,22.262794,9.05824,7.159785,16.585686,13.965039,16.521797,7.5168896,8.005776,74.12886,7.403033,14.675762,0.0,11.091858,7.7605333,8.865858,31.716713,7.503307,8.0081835
2018-07-09,16.4302,15.088796,74.78482,8.76895,7.50286,11.145477,46.549862,0.7316561,10.521728,41.74065,6.7475057,10.828531,23.655958,3.9617078,8.841469,35.99758,10.003395,40.58825,2.0667517,13.202902,55.463554,8.389526,13.410216,2.1382725,15.03812,13.889634,9.183815,46.408443,9.414356,2.4530532
2018-07-10,4.352753,13.284885,28.911833,10.154768,11.954533,8.941585,30.625383,2.3837893,10.678513,51.582603,5.3766694,12.309559,16.445082,5.273254,10.377147,16.541965,7.6356606,19.143517,2.0020673,10.47469,44.112846,6.967619,12.941109,0.074933164,15.522186,14.331049,9.075929,30.374138,8.858832,3.0629587
2018-07-11,1.6297178,22.206684,31.15614,16.903126,16.026781,28.578405,32.120007,10.113252,12.218235,96.25749,9.616375,28.349041,37.38768,9.0311775,10.549458,10.237413,20.338425,31.950245,5.6474447,26.053707,108.21258,16.392792,21.379385,0.0,36.469578,13.672662,15.308614,51.787968,9.986142,6.975563
2018-07-12,0.0,0.0,4.5630846,14.909534,32.306656,5.605852,7.4097266,0.0,14.486696,5.861068,0.0,17.81536,0.0,8.397547,12.803461,7.2706614,0.0,1.9435408,0.0,5.1928616,43.445496,0.0,0.0,0.0,9.001152,0.0,0.0,0.0,15.310116,0.0
2018-07-13,0.0,9.92972,0.0,14.029557,13.830496,15.418729,0.0,8.054408,7.0974054,17.122366,15.153611,18.008497,11.917343,4.5279813,10.635445,6.827005,2.5197806,12.596893,8.10517,11.285143,45.23404,16.093204,12.238561,0.5485777,20.002453,12.368731,6.6838026,10.054348,6.8855186,7.9526534
2018-07-14,0.0,5.146477,0.0,8.077784,8.247975,3.140926,0.0,0.99770904,7.559362,0.0,0.0,8.373562,1.9891177,4.4461665,7.9290233,0.0,1.900481,6.022754,0.3142026,0.0,18.385662,0.0,5.8007345,0.0,3.9581356,5.045811,2.6474814,0.0,6.5209646,0.21042381
2018-07-15,14.691075,24.054316,78.759705,7.78144,12.607672,3.6063585,53.73522,4.601335,7.559362,53.03498,5.2643843,4.731309,38.335472,0.0,7.650801,35.73167,1.6407189,48.81616,2.5783832,2.6344323,8.250741,5.94118,19.690855,0.0,0.0,20.478745,5.691497,75.856575,6.6572747,2.6675062
2018-07-16,3.2300866,0.0,26.088762,0.0,0.0,0.0,19.219616,0.0,0.0,24.70999,0.0,0.0,0.0,0.0,0.0,10.5173235,0.0,12.492836,3.844524,0.0,32.181507,0.0,0.0,0.0,0.0,0.0,0.0,37.4686,0.0,4.2767406
2018-07-17,0.0,0.0,16.64716,0.0,0.0,0.0,0.0,0.0,0.0,0.0,0.0,0.0,0.0,0.0,0.0,0.0,0.0,0.0,0.0,0.0,0.0,0.0,0.0,0.0,0.0,0.0,0.0,0.0,0.0,0.0
2018-07-18,0.0,0.0,0.0,6.1082287,0.0,5.9017835,0.0,0.0,0.0,0.0,0.0,7.9497576,0.0,2.2656252,4.972119,0.0,0.0,0.0,0.0,0.0,9.224123,0.0,0.0,0.0,11.900373,0.0,0.0,0.0,0.0,0.0
2018-07-19,0.0,16.572134,12.625181,5.8642626,0.0,8.124578,0.0,0.0,1.0688132,4.122519,7.4827847,7.883497,8.290424,8.714813,3.3290355,12.744078,9.128399,0.0,0.0,9.36586,0.0,0.0,16.598108,0.0,12.331447,13.798748,6.252468,2.5911052,2.4521167,1.0944303
2018-07-20,4.714204,12.060909,32.28216,0.0,9.815964,5.823453,28.605198,6.083472,7.1284947,51.349915,7.3360486,0.0,23.88244,4.446658,5.491689,24.15776,8.29165,27.647366,3.0103803,13.052702,50.104923,9.500935,9.926462,0.0,12.222362,16.858704,6.4437904,39.01496,7.9565654,3.075833
2018-07-21,0.0,11.143684,19.92921,20.66285,19.812077,18.430899,16.688402,5.988514,13.597277,51.568474,9.412329,21.964685,16.705542,15.515255,15.244677,12.832024,7.32403,15.643333,2.7526386,15.090372,93.178055,9.72852,10.069784,0.0,22.414454,7.184802,5.992279,29.65355,12.202661,3.4281197
2018-07-22,0.0,0.0,0.0,0.0,2.2957766,0.0,0.0,0.0,0.0,0.0,0.0,3.0952642,0.0,0.0,0.0,0.0,0.0,0.0,0.0,0.0,0.0,0.0,0.0,0.0,0.0,0.0,0.0,0.0,1.9748032,0.0
2018-07-23,0.0,0.0,0.0,0.0,0.0,0.0,0.0,0.0,0.0,0.0,0.0,0.0,4.173336,0.0,0.0,0.0,0.0,4.8772063,0.0,0.0,0.0,0.0,0.0,0.0,0.0,3.7521176,0.0,4.2653275,0.0,0.0
2018-07-24,0.0,3.3001778,0.0,0.0,0.0,0.0,0.0,2.2594478,0.0,0.0,0.0,0.0,7.1249905,0.16091768,0.0,0.0,0.0,8.217518,0.0,3.1982112,0.0,3.1916173,0.0,0.0,0.0,11.601432,0.0,5.906849,0.0,0.0
2018-07-25,0.0,3.3878481,0.0,8.67956,1.4526049,11.092167,0.0,3.2251363,0.0,9.517106,7.050829,12.085585,6.468053,0.2875049,0.0,0.0,0.0,5.25479,1.0905603,8.077487,33.434006,7.9089413,0.0,0.0,12.052164,0.53785115,0.8736745,0.0,1.8469958,0.0
2018-07-26,0.0,9.007739,0.0,6.5996675,7.239983,7.800126,0.0,4.7055745,5.5962358,13.559594,4.813531,7.7058783,0.0,1.2426873,7.1700125,0.0,3.989139,0.0,3.4939477,2.8112059,16.556458,3.6833827,8.84611,0.0,9.965601,0.0,5.6344337,0.0,5.7138553,4.0524035
2018-07-27,0.0,9.434776,0.0,9.190406,10.104711,6.1191535,2.3745985,6.8176847,4.8040857,10.8382435,6.480357,10.554953,14.851108,5.563878,7.1175876,0.0,7.2414365,19.762112,6.8153133,6.078805,7.9815536,8.13732,11.228218,1.0923916,9.046886,11.542847,10.45812,17.681433,4.2824254,8.47706
2018-07-28,0.0,0.0,0.0,2.1188335,2.8146822,0.0,0.58676344,0.0,1.5686461,14.176765,0.0,3.9760478,6.5000467,1.2643461,1.6158918,0.0,0.0,10.363327,1.3736626,1.3693657,0.4167676,0.0,0.0,2.5911784e-09,0.0,0.007325901,0.0,10.541856,1.6561981,0.0
2018-07-29,0.0,11.798938,0.0,3.0397084,2.2981894,3.3617313,0.0,7.0896554,5.1350174,9.441188,4.698829,3.59755,17.090088,3.2404187,3.4542663,0.0,5.816161,14.19757,4.5435424,6.2677,5.2930894,10.031687,10.611485,0.0,6.124849,10.85503,6.2100143,14.978988,4.0147114,4.724045
2018-07-30,2.9337118,19.855572,34.81845,19.833918,13.438905,24.102472,27.25945,11.269351,1.8654119,28.186632,14.019224,28.664734,20.849508,16.022566,7.2651157,24.647781,11.703974,24.849062,4.926242,21.654114,53.632786,14.645423,21.278868,1.3407755,28.78632,21.614027,9.425928,25.814602,3.66471,5.073685
2018-07-31,4.686513,14.172631,36.523895,18.471415,8.903426,19.984526,17.281416,6.043362,5.329875,57.130527,10.787901,22.398457,24.25539,11.0084715,6.8433213,40.688118,9.925137,21.074846,3.2290456,13.090511,40.485775,12.195,11.049302,0.0,22.909336,15.506642,5.693088,41.722904,3.8121448,3.443835
2018-08-01,4.0798936,2.401118,5.56739,2.1870337,2.9936805,3.9704046,3.6487885,3.414968,0.0,2.3967428,4.4563727,3.0940151,0.0,0.0,2.4693286,0.0,0.0,0.0,1.7741237,3.7055244,0.0,4.30813,0.0,0.0,4.298746,0.14536245,1.8326046,0.0,4.6829596,0.0
2018-08-02,0.0,8.959547,0.0,13.094079,13.357939,13.654122,9.306586,9.098458,12.105055,21.318457,14.046106,15.718994,32.668953,11.880152,11.268003,0.0,7.7832017,34.02024,6.158094,10.772887,22.27584,8.956179,9.604227,0.0,12.565623,12.192793,6.7454205,37.55467,9.751792,6.088164
2018-08-03,7.9290004,11.939613,20.679516,15.605297,11.924482,13.541971,21.648602,10.778841,12.918831,9.828092,9.90502,13.05445,16.64955,9.472644,9.586042,10.6256895,10.988913,16.787605,7.2193627,12.082407,14.617685,11.401135,13.829606,5.0737586,11.95272,10.904517,11.930362,22.42864,10.540974,9.116685
2018-08-04,0.0,5.6480637,0.0,7.6803665,7.629239,12.1490755,14.550364,8.493407,8.573246,5.4028206,12.486321,11.11738,9.374908,5.681456,7.4780183,0.0,5.4273744,14.435552,7.7253137,6.098387,3.9967742,9.015561,6.620397,0.0,11.31464,0.57814455,7.0976615,15.580032,8.13865,7.610996
2018-08-05,0.0,4.1360955,0.0,4.9914265,3.6675515,8.971818,0.0,4.7847195,0.0,8.825427,8.226769,5.7386155,10.319907,5.2469263,6.7074513,0.0,3.9893563,8.803238,3.8414195,5.220054,0.0,5.3269653,5.642757,0.0,5.924409,7.4749837,4.7017603,10.572725,3.1655746,4.2560396
2018-08-06,0.0,2.8425937,0.0,1.9102184,2.3358324,3.6139452,0.0,4.5676813,1.898121,0.0,4.473447,0.0,0.0,0.0,2.227716,0.0,0.0,0.0,2.5256555,0.0,0.0,4.909089,3.186113,0.0,3.8473196,0.0,3.1859045,0.0,2.496289,2.4948347
2018-08-07,0.0,4.5178995,0.0,7.118417,7.01971,6.8040185,0.0,3.3992498,10.20291,17.537493,4.0657926,8.944296,12.086323,10.400378,6.1381803,0.0,5.17602,0.0,0.9220578,7.126426,10.670853,3.7213502,4.104603,0.0,10.445997,4.3974185,3.6089776,9.319208,8.931496,0.9220578
2018-08-08,2.0168817,3.6130145,4.580317,14.613367,7.398608,14.019869,0.0,5.9731865,1.898496,28.852337,9.170653,10.249989,0.0,4.7036257,8.280747,13.097853,0.0,0.0,3.0275893,4.3216558,28.8462,5.343738,0.0,0.0,7.0644093,0.0,2.8371358,7.1879516,2.22189,2.4284961
2018-08-09,5.523301,5.792827,12.596193,18.329782,18.642113,14.441335,15.805218,9.237381,4.8402734,19.093372,10.171578,25.151793,12.561837,8.29261,7.5100255,9.480574,2.6888885,13.343312,4.95699,9.855246,8.962566,8.849427,4.5839276,1.6627672,17.709232,7.2252555,5.3590803,20.28785,5.5789595,4.4964447
2018-08-10,8.824481,16.429796,11.585459,10.104015,13.069412,9.579767,17.803228,11.048347,13.70071,32.8256,8.595564,14.014874,37.20762,18.35911,11.925333,12.6641865,14.252041,30.75272,7.529702,19.676565,19.479965,11.317556,15.411186,5.285233,22.111525,17.389303,13.134842,37.05625,13.186531,12.698658
2018-08-11,20.687515,17.06576,32.62385,18.80378,14.573985,20.312067,51.299107,16.813189,18.554966,42.63792,20.128904,23.123915,69.00396,25.99412,16.79108,14.334913,15.803718,70.66675,13.747886,21.470318,20.935106,18.119614,14.699342,9.16605,23.171349,20.63967,15.195213,85.094765,16.097202,14.374931
2018-08-12,8.0777855,0.0,26.120768,4.483883,4.3325343,3.4819305,22.00503,0.0,2.954608,15.287929,0.0,20.675804,7.2143574,10.797215,3.7166889,19.740683,0.0,21.880714,0.0,7.1567726,14.172252,0.0,0.0,0.0,7.5593977,4.1426153,0.0,28.72935,4.612196,0.0
2018-08-13,9.034631,2.013305,18.702578,7.278283,7.379345,6.9698257,9.065013,3.6397135,9.010784,12.689714,4.2159753,8.365318,4.312909,5.948754,7.0775166,27.077803,0.0,0.0,2.5986834,5.096511,7.167006,3.791317,3.0431862,0.0,7.635251,0.0,2.9989686,17.184757,9.22819,2.347067
2018-08-14,28.701443,11.432065,67.673645,15.108988,16.6695,15.606921,46.90999,9.557918,14.797597,42.599903,12.137081,19.398289,43.348236,14.565171,15.851408,53.447124,13.322256,49.074245,9.584543,9.849569,19.78449,11.51692,15.691828,8.097831,15.147858,15.176535,12.795256,64.035446,16.44651,10.637398
2018-08-15,21.360054,8.433997,49.22099,8.1087,7.095693,9.764637,31.83294,6.0451155,12.804246,50.109436,8.893631,7.404643,22.569761,0.0,11.529055,50.615852,4.4176073,21.665987,5.3512053,5.6997485,0.0,5.8213387,9.671977,4.3021936,8.609191,10.454033,8.172934,78.26782,11.780716,7.8805223
2018-08-16,2.489597,13.732747,7.7763033,10.793089,5.941139,12.330411,17.063042,13.676657,6.617631,26.255314,9.277007,10.280512,20.564835,9.495549,6.1741695,4.525174,12.088138,31.310669,5.3370447,9.267477,12.374584,13.873367,13.45627,4.5270267,11.507496,14.604396,12.233012,30.44278,12.2768955,8.3339615
2018-08-17,0.9883029,5.774867,4.9512997,8.775811,6.3665514,9.073656,7.742556,6.2479496,9.224779,16.093275,6.1175213,8.63584,6.2727337,6.8724856,8.460772,4.861622,3.5392814,11.695031,4.814994,6.6494727,7.5973496,6.2479496,4.6594715,1.8146375,8.16082,4.61041,5.7011027,16.226667,10.658738,5.458868
2018-08-18,2.5891216,1.3602821,4.236238,2.9949126,2.496808,2.4238687,4.4903746,0.86396265,0.4505499,11.4557705,0.82532567,8.241986,3.463432,8.6455765,0.6405357,3.9314723,1.809827,5.294989,0.6064694,7.778205,6.6981664,1.007086,0.5982078,0.20873381,8.829639,0.5118639,0.74038184,11.42577,0.7206288,0.6756823
2018-08-19,0.107558325,0.6492035,1.4583347,1.1090223,1.0772203,0.83497006,1.5250745,0.1656476,0.21910241,8.318513,0.076456,3.7819815,2.033575,4.486736,0.12342826,2.544311,1.0612574,2.1731832,0.32982972,4.1144547,7.1785746,0.2933247,0.16249178,0.093990415,4.4945993,0.1517528,0.20558573,6.0716496,0.2004642,0.236393
2018-08-20,0.15971304,0.6246278,1.2302613,4.262944,2.8221066,3.7224638,1.4259366,0.61171246,0.24993724,8.3744955,1.283422,3.6565783,1.5636092,1.2450335,1.544155,1.214748,0.1805516,2.0823286,0.5662701,0.7862215,4.888025,1.1371367,0.34228078,0.17923842,2.167411,0.43010494,0.39843598,5.2027836,0.19008842,0.35135368
2018-08-21,0.0,0.0,0.0,0.0,0.0,0.0,0.0,0.0,0.0,6.5641203,0.0,0.0,6.5125837,3.9794528,0.0,0.0,3.0957458,0.0,0.0,2.8954163,0.0,0.0,0.0,0.0,0.0,0.0,0.0,0.0,0.0,0.0
2018-08-22,0.0,0.0,0.0,0.0,0.0,3.6455152,0.0,2.9359658,0.0,0.0,3.5264852,0.0,0.0,0.0,0.0,0.0,0.0,0.0,0.0,0.0,0.0,0.0,0.0,0.0,0.0,0.0,0.0,0.0,0.0,0.0
2018-08-23,0.0,11.6222515,6.6790547,6.697652,0.0,10.960073,7.3673205,12.498798,0.0,9.64686,10.382951,10.0503845,10.8575,8.193874,0.0,0.0,9.006163,6.2319627,9.619188,7.8788447,5.9899116,12.51803,10.009554,0.0,10.417885,5.8868,11.428407,9.983521,1.5474854,10.205784
2018-08-24,12.362256,12.748145,17.983053,9.954896,10.380722,9.499423,16.503033,10.36079,10.667778,20.086002,9.362694,8.573044,29.84539,12.342425,10.667778,14.715314,11.655003,29.280355,7.9643407,7.2459674,8.037882,11.4044,22.247042,14.413543,6.005021,21.310593,18.898062,36.47492,10.947319,14.364322
2018-08-25,8.616974,12.406359,18.745825,18.183376,17.746286,16.74862,18.448618,12.556712,7.8902216,19.32708,15.0591135,24.35195,23.275486,19.02616,11.71762,9.37497,10.368847,26.088364,11.647982,19.928465,29.925634,12.764168,16.232616,6.619037,20.428207,16.424574,14.727264,26.297699,8.282379,11.692458
2018-08-26,10.352417,14.620832,16.294981,11.170921,11.65852,13.392647,12.985482,12.161264,9.32041,10.5569,12.855307,9.326239,15.636171,6.4598565,13.42321,18.53482,10.620672,14.766065,13.0622,4.441896,8.553372,11.06364,13.899829,5.5485363,5.5715046,13.0069685,15.516988,22.473799,11.6191,14.822418
2018-08-27,9.174385,11.545899,17.129791,24.66487,32.026707,25.243845,16.026651,13.020789,32.631863,19.342068,24.213398,28.730875,16.982235,19.026295,28.192575,8.711797,13.362786,17.548105,10.10836,13.333628,17.613075,14.810916,12.005943,5.8003554,25.290894,10.412385,12.696083,19.037424,30.416534,12.669326
2018-08-28,0.0,17.262316,6.374006,10.912193,18.26102,14.696239,10.917869,15.594186,21.037855,15.26783,16.793055,12.755698,19.57192,16.453806,14.460075,8.206101,14.162457,20.425396,14.440777,16.989378,14.632561,16.562746,18.617197,1.7309625,17.206688,19.907352,12.89349,17.856071,19.383986,14.983816
2018-08-29,5.138479,5.3488274,7.4763064,11.619106,15.324052,7.5211773,9.62174,6.9098425,11.67996,6.069301,7.003118,16.074768,4.2587576,8.147717,10.985595,2.146657,4.8815823,8.921499,4.5330186,13.188179,7.1052084,8.079338,3.49689,1.6341016,11.593524,2.084169,4.088455,11.88406,11.942817,4.65572
2018-08-30,9.43161,12.111476,15.086361,17.58463,6.03074,23.807499,4.840233,13.99431,5.83998,10.555495,21.251034,26.02302,12.161255,19.859804,4.3345838,24.258783,12.381499,10.496144,9.567198,18.97121,10.869785,16.257786,9.091561,3.0754728,25.92161,9.251797,10.85283,10.800041,4.6387076,11.211699
2018-08-31,8.01472,17.783937,19.714733,29.999355,23.734516,25.601635,20.57086,11.603155,11.67996,26.315025,19.492718,32.898506,34.96418,19.831028,12.574546,23.47384,19.875675,34.028137,11.5420885,19.30515,28.344364,12.006793,18.519825,7.5808716,24.961357,18.17437,16.353804,35.830284,11.2103815,11.800269
2018-09-01,1.5897723,9.664332,8.264662,9.114414,10.449987,15.147802,7.4445705,12.598646,12.233714,4.8686285,15.377801,5.938649,9.046214,3.961803,12.027796,7.221249,8.219989,8.128388,11.627735,9.854739,2.5402095,11.222746,6.3086524,2.2658596,11.018713,5.889207,11.546518,9.841032,11.684248,9.119488
2018-09-02,2.0927699,9.981839,4.5613494,16.529762,11.499237,18.076828,7.745509,5.3143234,0.0,3.9071102,11.607474,18.284586,10.067642,6.383154,10.928835,0.0,5.327849,13.669425,4.8584676,5.957014,4.158034,6.1727157,10.589334,3.8544254,19.669067,9.797177,4.7240057,10.008208,0.0,4.764115
2018-09-03,4.6016726,3.2932963,8.54194,0.0,0.0,0.0,7.126083,0.0,0.0,0.0,0.0,0.0,0.0,0.0,0.0,3.2012942,0.0,5.560283,0.0,0.0,0.0,0.0,2.155279,2.5865707,0.0,2.263267,3.381987,6.383234,0.0,0.0
2018-09-04,0.6255191,4.090107,0.0,2.046064,3.301776,5.3917255,5.378673,3.5717149,0.0,0.0,4.02502,0.0,0.0,1.7631549,2.0172515,0.0,0.0,3.336488,0.0,6.464181,0.0,7.2524366,0.0,2.513344,7.7921705,3.0768242,0.0,4.012198,0.0,0.0
2018-09-05,0.0,0.0,0.0,0.0,3.60766,0.0,0.0,0.0,0.0,0.0,0.0,0.0,0.0,0.0,3.4972534,0.0,0.0,0.0,0.0,0.0,0.0,0.0,0.0,0.0,0.0,0.0,0.0,0.0,5.0498514,0.0
2018-09-06,0.0,0.0,0.0,5.103348,5.3400707,0.0,0.0,0.0,0.0,0.0,0.0,0.8943503,0.0,0.0,6.4414144,0.0,0.0,0.0,0.0,0.0,0.0,0.0,0.0,0.0,0.0,0.0,0.0,0.0,6.635208,0.0
2018-09-07,0.0,0.0,0.0,0.0,0.0,0.0,0.0,0.0,0.0,0.0,0.0,0.0,0.0,0.0,0.0,0.0,0.0,0.0,0.0,0.0,0.0,0.0,0.0,0.0,0.0,0.0,0.0,0.0,0.0,0.0
2018-09-08,0.0,3.3166647,0.0,0.0,0.0,0.0,0.0,0.0,0.0,0.0,0.0,0.0,0.0,0.0,0.0,0.0,0.0,0.0,0.0,5.656613,0.0,3.3920915,0.0,0.0,7.0754747,0.0,0.0,0.0,0.0,0.0
2018-09-09,1.2476362,2.7040503,6.5839367,0.0,0.0,0.0,5.3496885,0.0,0.0,3.0631294,4.968405,0.45407158,7.854295,3.1330388,0.0,0.0,3.638177,7.101804,3.126844,4.5848427,0.0,1.7978232,0.0,0.0,3.806929,0.0,0.0,8.051819,0.0,3.2511306
2018-09-10,5.5202255,5.668022,8.950536,6.538303,6.419009,4.6596875,9.274565,0.0,0.0,4.7429013,0.0,9.734614,5.413184,7.0673327,0.0,8.244682,6.63931,9.711679,0.0,6.913603,5.8364635,6.9454856,5.0707874,2.6343646,8.043329,4.149691,0.0,10.666994,0.0,0.0
2018-09-11,1.8890439,0.0,5.3608623,0.0,4.7781115,0.0,6.492942,0.0,0.0,3.1759834,0.0,0.0,3.6441085,2.967857,0.0,0.0,3.444818,6.514305,0.0,0.0,4.437906,0.0,0.0,0.0,0.0,0.0,0.0,8.459261,0.0,0.0
2018-09-12,0.0,0.0,0.0,15.194982,22.109724,6.8377876,0.0,0.0,6.6536784,2.8104625,4.1804733,23.093567,3.61251,5.9795904,2.5542262,0.0,0.0,0.0,0.0,5.9279346,2.8177118,0.0,0.0,0.0,9.000948,0.0,0.0,4.962026,7.043808,0.0
2018-09-13,2.405517,16.760529,8.527924,10.342125,16.793053,6.1798916,9.378296,3.961615,13.442169,6.9621553,0.0,18.29973,15.56187,9.059243,17.342705,0.0,17.731337,16.566015,0.0,15.7492075,6.6628785,9.902937,14.774214,2.7538195,12.039875,9.082223,0.0,14.59267,17.786953,0.0
2018-09-14,1.7793045,11.676966,9.798955,9.476239,16.363516,6.04432,9.153199,5.8356028,0.0,11.053278,7.39539,18.282368,11.717636,11.459666,7.663298,0.0,6.804513,13.244113,0.0,15.170877,6.477061,10.911221,8.983405,3.0688555,14.315662,9.140373,0.0,15.644337,5.4688735,0.0
2018-09-15,1.5666643,11.414419,11.652821,21.394112,20.118471,20.188995,12.678601,12.218801,0.0,6.666063,13.749135,26.710506,8.460458,12.0123005,12.816794,4.0328627,5.8223495,10.541985,7.172318,18.779806,13.467816,15.574579,0.0,0.0,22.948318,0.0,0.0,16.25346,8.8093405,0.0
2018-09-16,5.853814,20.549028,9.576484,16.297829,17.818542,16.692783,7.780139,17.467916,12.929979,7.4907136,12.319582,21.608597,16.437197,15.790561,14.399181,11.656617,17.94716,17.038662,16.797266,20.99186,11.03589,16.12398,23.67836,11.979387,22.154495,23.026367,20.516064,8.512463,15.421435,18.36969
2018-09-17,5.2796717,10.175261,8.314888,16.189783,12.921447,20.594633,4.8905067,12.317037,20.53425,0.79842263,16.988157,11.35124,5.4544244,2.3414023,20.495998,9.124116,4.4889174,4.5064335,11.149414,7.243565,2.2302864,9.034245,11.1316595,6.529942,7.810134,8.102764,9.772375,5.176346,17.054441,8.247153
2018-09-18,1.6939673,19.964434,4.347351,28.50906,24.708744,35.8346,9.044341,33.244007,23.028057,3.3992722,41.01687,27.29974,10.951991,6.25227,22.76252,0.0,15.074405,10.296732,41.687496,19.05307,3.3039389,24.554241,15.301386,4.356444,29.227448,8.924815,33.58999,10.224891,21.40399,32.844753
2018-09-19,14.578994,13.1962805,12.603037,19.39029,20.27425,17.202887,5.810715,24.867268,32.106018,2.8906243,19.998075,11.254144,5.979963,3.1701415,26.710007,11.27307,2.0401592,7.8640532,28.834106,9.586294,0.0,14.410146,6.9496255,6.475165,12.939199,8.500349,26.08385,6.3907127,28.47244,27.797945
2018-09-20,1.2302043,0.0,7.7614403,20.74403,16.832436,15.540738,1.367968,0.0,28.015844,0.0,0.0,10.396179,5.344487,0.0,28.154753,8.767142,0.0,5.8019166,0.0,0.0,0.0,0.0,0.0,0.7483498,6.1996965,3.084541,0.0,4.9459133,25.417294,0.0
2018-09-21,0.0,3.325047,0.0,7.2946606,7.2891283,0.0,0.0,0.0,0.0,0.0,0.0,0.0,2.9875212,0.0,0.0,0.0,5.0781574,0.0,0.0,0.0,0.0,0.0,0.0,0.0,0.0,0.0,0.0,0.0,9.417858,0.0
2018-09-22,0.0,7.5071855,4.1586637,0.0,0.0,7.999577,2.920141,0.0,0.0,4.834697,0.0,9.44964,10.122449,4.265996,0.0,0.0,7.136399,8.481125,0.0,9.347985,4.072258,1.9971297,0.0,1.4901224,10.986601,6.163329,0.0,7.7658877,4.522696,3.1480584
2018-09-23,4.952936,6.7969017,19.810831,0.0,0.0,0.0,22.377806,0.0,0.0,17.012001,0.0,8.216452,14.586936,12.018557,0.0,13.2587185,4.978084,16.965755,0.0,8.235174,14.999013,6.5937467,0.0,3.6419237,10.40126,5.565642,0.0,26.989368,0.0,0.0
2018-09-24,8.030395,4.9804363,13.704467,0.0,0.0,0.0,7.103682,5.247349,0.0,16.18204,0.0,13.020803,6.0592756,9.530637,0.0,11.997171,5.8028326,7.094967,2.8073182,16.302067,19.028395,0.0,4.789342,6.8886395,8.021523,7.593447,6.1670027,10.84568,0.0,6.391782
2018-09-25,5.3049808,6.2241077,15.911568,4.491488,6.4411964,0.0,12.731795,0.0,0.0,10.120648,0.0,9.852108,12.978464,11.637049,0.0,15.079245,6.491317,11.826989,0.0,9.54077,14.95462,0.0,0.0,2.418401,9.336527,5.8632426,0.0,16.586695,3.6188817,2.3389544
2018-09-26,7.596531,7.0472274,23.79595,0.0,0.0,0.0,13.473609,0.0,0.0,20.335508,0.0,23.297869,18.22818,25.435875,0.0,24.243204,15.467953,11.675574,5.870799,18.62136,27.160402,0.0,5.266725,4.7342873,22.939562,6.485026,6.492769,23.291327,0.0,7.765405
2018-09-27,6.569259,36.11076,26.20517,20.528484,17.69054,16.277658,17.07687,10.361279,0.0,22.564013,5.993102,24.66648,40.69868,24.975517,12.88619,15.484277,31.85392,38.194324,11.122713,29.290104,24.292473,17.910795,21.191475,15.135063,28.05563,28.697165,13.751078,28.340473,3.531495,11.596697
2018-09-28,20.518562,35.74809,47.485046,17.64529,2.6242547,17.842527,41.74629,20.371246,0.0,28.073408,13.965179,14.987332,29.144802,18.218256,9.383821,34.06672,30.867424,35.981037,21.473345,26.833858,39.108715,33.786343,27.305809,24.556408,24.706491,26.382994,24.145163,45.623726,0.0,23.898315
2018-09-29,32.33982,11.747088,41.88059,8.1001835,0.0,8.677056,16.781235,5.400385,0.0,23.32226,0.0,13.717969,30.40146,28.124058,0.0,47.574226,18.184921,29.169016,4.1751766,21.047766,18.542269,11.518575,12.665676,17.420527,23.541569,13.23185,9.806688,28.679869,0.0,4.7306786
2018-09-30,22.718271,7.973935,28.458336,6.4559326,5.9678507,7.1067924,18.932758,0.0,0.0,18.964878,0.0,9.568902,24.727669,13.517632,0.0,34.09289,7.8671184,18.447853,0.0,14.0304,21.667263,0.0,6.553494,8.241274,12.303232,7.774769,0.0,29.689123,0.0,0.0
2018-10-01,6.700605,11.272188,19.713015,7.8250713,5.52833,7.523784,10.466097,6.426609,0.0,15.359597,6.445765,9.8901615,22.541431,14.399868,0.0,16.562296,13.688217,15.540174,0.0,12.601211,16.394772,13.872691,6.126157,9.297314,12.171143,6.626883,6.205063,14.6767845,0.0,5.7939425
2018-10-02,12.699564,16.071032,28.59836,16.03532,10.643743,15.6116295,23.118599,17.603184,0.0,8.149486,8.738366,16.960722,16.932411,15.222612,0.0,20.667536,12.499013,20.293413,14.674684,16.350042,10.322751,14.087702,16.51471,11.770722,16.938198,15.987771,17.313522,23.563335,0.0,16.535711
2018-10-03,12.110221,35.145416,24.038656,28.863766,27.231686,33.821884,25.041792,39.025265,25.587769,20.189276,44.261055,23.408247,29.83303,19.039211,27.796352,22.280935,27.78383,34.09534,41.953133,21.04049,25.442352,33.665047,36.04055,29.921759,28.062447,34.738277,37.020504,27.123596,25.753849,36.129692
2018-10-04,14.0425005,34.839733,31.500042,46.935974,45.16183,47.036232,20.340693,36.67768,78.64391,14.150745,45.75375,39.84304,33.76503,23.514435,66.8936,31.975962,25.856606,34.45698,50.143147,37.21074,7.43307,38.32693,33.136135,27.055897,42.205826,28.83663,36.89322,17.278477,72.267006,41.202965
2018-10-05,19.62436,38.749382,44.564655,45.890907,40.858017,63.155903,40.457546,49.914677,46.039917,15.626756,65.29026,39.97573,38.67376,18.642641,47.19983,41.857418,28.088911,40.16175,54.476933,29.7449,16.613531,43.75802,40.155323,36.05025,49.63279,40.236168,41.747375,42.893585,44.71002,48.297535
2018-10-06,38.71939,16.908232,43.531586,8.851948,11.062801,12.966167,26.199865,15.568283,3.5780857,15.018238,15.410023,10.698207,17.122454,13.153739,4.786052,47.853676,12.591925,25.69451,19.077747,13.629812,17.241348,17.832722,29.809795,32.64064,16.080894,31.517872,26.371767,28.660997,0.0,23.179594
2018-10-07,26.732267,7.094937,20.000864,7.5195923,7.299753,6.044773,16.759626,5.1109324,4.981916,9.859281,0.0,3.9367957,18.203163,7.7717404,6.824463,22.72588,0.0,18.022835,0.0,0.0,7.0725403,5.6952033,9.455373,21.710321,0.0,13.573009,8.56152,17.996622,8.534397,0.0
2018-10-08,19.535599,19.856699,36.478554,29.619675,23.30965,30.430824,24.666176,16.831182,7.1353655,27.357538,18.697262,28.363821,32.910614,29.64246,12.425281,41.76002,24.159494,24.662828,19.165943,30.359758,40.857365,18.549427,21.316498,19.78259,28.40556,19.513151,17.906208,31.590626,12.442881,20.303436
2018-10-09,18.452976,6.458306,17.912851,6.6890306,8.351842,6.3225408,13.187562,10.043463,13.2019615,6.8404284,10.729669,5.8108435,5.9476433,6.1167893,11.477197,18.58443,5.6020207,11.15761,18.583382,7.4119053,15.590172,8.261308,4.9173646,13.019409,6.1432486,9.654082,9.110998,14.330499,13.341389,15.2116585
2018-10-10,7.897555,3.5580573,8.657324,0.0,0.0,0.0,0.0,3.855617,0.0,0.0,0.0,0.0,0.0,0.0,0.0,11.726256,0.0,0.0,0.0,0.0,0.0,4.1222086,0.0,0.0,0.0,0.0,6.352168,0.0,6.8702426,6.4977546
2018-10-11,2.7570548,0.9736992,8.02971,0.0,0.0,0.0,5.9977775,5.333477,0.0,0.0,0.0,0.0,0.0,0.0,0.0,12.147066,0.0,6.1460795,0.0,0.0,0.0,0.0,0.0,0.0,0.0,4.696908,4.9246464,4.9047523,0.0,4.793809
2018-10-12,4.3411064,0.0,7.8736324,0.0,0.0,0.0,5.2336717,0.0,0.0,0.0,0.0,0.0,0.0,5.8363457,0.0,9.363321,0.0,0.0,0.0,4.88778,0.0,2.2070355,3.3108242,4.591315,4.609252,4.011766,0.0,0.0,0.0,0.0
2018-10-13,7.974941,5.9370337,9.823553,0.0,0.0,1.474594,8.077635,0.0,0.0,12.228957,3.3042002,6.611299,6.1363535,9.324756,0.0,13.504124,4.097961,7.6743526,3.084713,7.0293865,17.584738,0.0,9.198678,8.619399,6.102579,9.426563,5.303731,7.137475,0.0,2.4798636
2018-10-14,11.533335,10.383063,11.856322,12.579799,16.18796,3.476208,13.77736,5.103523,0.0,16.658182,4.2711344,21.614643,15.032283,25.046669,2.4956644,11.152891,14.913025,13.765397,7.674082,14.639056,22.632662,4.5921516,9.912494,7.5617194,18.642052,8.948588,9.540596,15.413959,0.0,9.94436
2018-10-15,6.834059,12.46544,17.027325,7.48927,4.623407,8.072761,13.244638,12.468101,3.9612782,21.758965,8.585321,5.753559,20.438297,13.101971,8.041371,6.6687174,13.436295,8.959366,10.912924,11.948906,19.899084,11.722846,7.164029,7.5310507,10.86843,6.800901,12.161243,21.75626,2.087534,13.233717
2018-10-16,8.200424,11.265544,21.67518,14.885551,16.191788,10.693634,15.731055,8.332214,0.0,22.201523,9.049976,17.326775,18.10429,20.89042,6.2736726,10.160623,14.975928,16.929886,4.40189,19.90864,39.927082,10.055119,10.416188,12.0520525,16.51611,12.362953,8.921833,20.877668,6.9126225,3.5861847
2018-10-17,10.193737,10.068107,13.628085,15.262923,18.89483,16.809196,12.712982,2.5968235,9.632191,11.685955,7.792617,28.277765,10.756321,16.704727,13.155972,14.77725,7.7755947,12.757956,9.1524,16.235407,11.433576,7.47245,10.69727,8.62259,21.7896,11.252128,10.114357,10.141994,16.980839,10.928086
2018-10-18,11.6189785,15.079389,35.443565,15.18737,12.080479,8.837174,35.83404,13.579155,10.7002,18.834024,13.789982,15.852977,19.382803,17.057758,11.587223,23.212154,11.086087,27.21418,19.885796,12.906429,12.034129,17.876896,10.999951,9.279658,19.692322,9.410256,13.932911,36.044586,7.844117,18.040417
2018-10-19,8.91015,5.475344,38.713745,8.821796,7.139045,9.228728,25.236488,7.3734317,12.258347,32.172638,11.184159,8.416872,22.903091,16.62162,10.7097225,21.015625,9.040071,19.245953,7.919765,12.346498,43.48943,3.2894576,0.0,0.0,10.85306,0.0,5.145739,31.580751,7.6577406,7.2199664
2018-10-20,16.241388,3.5851948,41.847538,1.6749847,0.0,5.392073,35.224148,0.0,7.527051,34.660236,11.484288,0.0,29.479555,13.141224,0.0,34.592518,7.9550176,31.364628,10.427037,0.0,38.695568,0.0,8.666111,12.4893875,0.0,9.134143,9.475092,38.56666,5.0736184,9.252589
2018-10-21,11.607723,8.914691,22.42569,15.716658,13.224611,18.581594,10.633035,11.445898,19.478804,7.9551473,22.938862,12.569492,3.5790951,6.292259,19.070993,16.26253,9.166895,5.3932977,17.084515,8.860752,7.064582,9.496416,9.432118,7.560628,10.097345,7.579789,7.7173777,12.20811,17.113522,5.8701386
2018-10-22,15.469025,9.155118,20.685997,0.0,0.0,0.0,17.364428,10.29899,0.0,21.133196,15.124042,0.0,10.808936,0.0,0.0,16.90687,8.737424,14.356901,21.519444,0.0,19.686893,0.0,8.757153,20.096748,0.0,17.179388,8.747229,16.367918,0.0,15.48203
2018-10-23,3.9586873,3.869278,13.1817465,0.0,0.0,5.190373,10.67773,0.0,0.0,0.0,3.9485018,0.0,3.234146,0.0,2.8085742,13.300841,0.0,5.9025054,5.3434772,0.0,0.0,5.2505937,6.625721,11.213242,4.718507,6.8713546,6.8234463,13.207876,0.0,8.218752
2018-10-24,17.360222,3.071375,14.034982,0.0,0.0,0.0,10.108781,0.0,0.0,0.0,4.004863,0.0,3.2005088,0.0,0.0,10.051907,0.0,7.155709,35.066204,0.0,0.0,0.0,7.3596096,9.642354,0.0,7.3578963,9.435318,5.9057426,0.0,29.612993
2018-10-25,10.9283,0.0,6.617277,0.0,0.0,0.0,10.468574,0.0,0.0,0.0,0.0,0.0,0.0,0.0,0.0,6.8811603,0.0,4.1464496,14.002363,0.0,0.0,0.0,6.208323,14.167231,0.0,11.19467,6.0924683,3.8665643,0.0,12.565871
2018-10-26,21.094349,0.0,14.961084,0.0,0.0,0.0,8.598928,8.389824,0.0,0.0,7.801412,0.0,0.0,0.0,0.0,4.957446,0.0,6.786647,15.878982,0.0,0.0,0.0,23.833315,25.189838,0.0,24.322884,17.511276,7.643662,0.0,18.42248
2018-10-27,6.913747,7.3136177,9.358405,13.793709,12.987136,13.85676,5.8463593,13.405177,0.0,0.0,18.290705,0.0,0.0,0.0,16.852743,19.561554,0.0,0.0,20.958754,0.0,0.0,13.5637665,12.398065,14.418674,0.0,9.270577,15.318638,0.0,21.478325,15.908647
2018-10-28,8.105636,17.728998,8.436828,10.934465,0.0,13.694592,9.852823,10.500457,19.88204,5.950898,18.977245,0.0,13.790052,0.0,14.054266,10.265354,10.396326,16.651571,23.7513,9.014391,0.0,14.534989,21.426777,23.866184,11.738615,24.946459,17.449856,6.325746,5.8941617,19.133259
2018-10-29,13.85539,26.735407,17.655876,21.972292,10.767213,24.233885,18.061905,7.0194435,17.334633,8.33016,9.633637,24.177038,22.08927,16.521067,14.350695,23.104073,23.627699,21.504753,0.0,27.316807,0.0,19.990881,12.118491,8.433109,29.747753,12.252545,4.7227335,21.218878,0.0,0.0
2018-10-30,0.0,6.3541827,0.0,0.0,0.0,0.0,0.0,13.16498,34.70474,0.0,13.991996,0.0,0.0,0.0,16.972694,13.412787,7.651077,0.0,38.700947,7.475731,0.0,0.0,0.0,5.076195,0.0,0.0,9.801003,0.0,22.415365,33.8344
2018-10-31,17.8983,14.295668,23.857046,23.555725,18.59253,26.87396,25.081642,28.496876,24.336245,19.212952,29.310804,25.25257,21.537308,21.818077,38.036163,14.169121,5.9932914,23.781015,35.965675,18.371769,21.106255,25.24583,9.684043,19.688074,24.053831,14.366989,27.24866,25.96534,33.130096,31.301144
2018-11-01,29.928473,30.040056,23.909632,29.015167,19.986954,39.82914,33.47589,50.763874,35.01727,24.9575,59.01672,6.2599525,25.82537,18.460907,32.329765,20.0937,23.989872,26.536257,92.43853,13.947951,40.524128,26.3168,56.547874,44.16141,10.732245,35.954124,66.594604,22.039349,37.792828,91.92882
2018-11-02,33.75319,38.000744,35.46177,32.633377,14.99107,61.11263,14.392345,71.071335,0.0,7.9658723,86.68067,25.817066,20.70148,11.564384,23.033873,37.60727,30.262623,17.595695,82.30094,33.810696,6.3539624,42.401073,27.833273,31.342632,35.765182,26.841734,67.33354,9.584277,14.405148,78.2422
2018-11-03,27.238194,7.7336526,42.45578,9.748461,10.44575,0.0,36.91062,11.746489,0.0,10.405886,12.584966,8.845291,21.909077,17.640944,6.246044,41.718716,14.665805,28.929958,37.784077,17.552654,22.32479,0.0,24.464327,9.203631,13.561738,19.181396,32.498184,40.866493,0.0,35.541397
2018-11-04,8.349989,8.555115,10.014124,11.494522,7.380933,7.2088137,0.0,10.794172,0.0,0.0,7.7526426,0.0,8.826166,0.0,0.0,24.022816,8.5351715,7.186898,7.902816,7.467217,2.2197382,0.0,9.297376,8.376476,0.0,8.115309,11.874769,0.0,0.0,12.189736
2018-11-05,23.062946,9.129653,19.657034,6.3804913,5.8777943,7.163671,11.819971,37.437202,0.0,0.0,37.216415,7.6309977,6.768304,0.0,0.0,16.954119,8.297134,12.566133,48.159348,6.196907,0.0,10.40817,33.43461,32.433838,8.720047,26.841734,39.99607,7.8087645,0.0,44.35754
2018-11-06,21.826937,12.925213,16.105267,9.483627,3.5283005,9.421806,18.652058,6.78222,13.459081,11.775888,14.203679,5.639508,16.977339,11.641322,10.823259,13.323106,14.058234,18.42459,34.740917,5.8718805,8.981932,6.359772,18.672415,21.090319,6.1625977,16.900557,17.29506,19.21275,8.997904,27.724918
2018-11-07,39.585754,14.428048,39.627956,6.891061,6.585418,13.7861595,30.432285,16.518372,18.615843,9.283859,18.173302,3.5338356,22.609697,9.455335,17.662693,37.314972,12.818078,24.846552,37.395267,5.5903463,0.0,7.859586,23.167467,31.06289,5.059106,25.716852,22.334003,19.956501,17.657974,36.142303
2018-11-08,26.870987,14.051936,32.837654,12.84442,9.526325,17.470112,10.666768,20.041662,4.974511,14.161082,20.041656,6.700556,11.722203,11.556685,14.909631,32.79814,9.851193,11.118076,22.640537,9.683081,22.860004,13.283943,20.167917,14.486933,8.98588,12.2431755,22.047853,6.695797,8.745821,22.868986
2018-11-09,28.229908,0.0,26.181469,0.0,0.0,0.0,6.6755233,0.0,0.0,0.0,0.0,0.0,5.70664,4.3279967,0.0,22.37587,0.0,3.785048,0.0,3.0762653,0.0,0.0,3.799725,6.1754804,2.9943845,3.6785681,0.0,6.1024013,0.0,0.0
2018-11-10,0.0,0.0,0.0,0.0,0.0,0.0,0.0,0.0,0.0,0.0,0.0,0.0,0.0,0.0,0.0,0.0,0.0,0.0,0.0,0.0,0.0,0.0,0.0,0.0,0.0,0.0,0.0,0.0,0.0,0.0
2018-11-11,0.0,6.5350475,0.0,4.5097246,0.0,3.5788472,0.0,7.857742,0.0,0.0,0.0,7.332598,7.05435,6.4527845,5.617364,0.0,7.799351,0.0,6.7614117,8.101039,0.0,5.3308134,7.5643086,7.0382977,8.686077,5.259892,7.1204953,0.0,0.0,6.4449844
2018-11-12,5.312378,5.478399,0.0,2.8942332,3.8189478,0.0,5.885629,6.1064653,10.690011,0.0,0.0,5.114644,0.0,9.88593,0.0,0.0,0.0,0.79916114,7.252988,4.8340454,3.6178083,8.769513,0.0,0.0,8.66383,0.0,0.0,0.0,11.574973,7.762894
2018-11-13,0.0,0.0,0.0,0.0,0.0,0.0,0.0,0.0,0.0,0.0,0.0,0.0,0.0,4.569719,0.0,0.0,5.1283517,0.0,0.0,4.551094,0.0,4.730062,0.0,0.0,0.0,0.0,0.0,0.0,0.0,0.0
2018-11-14,0.0,0.0,0.0,0.0,0.0,0.0,0.0,0.0,21.061224,0.0,0.0,0.0,0.0,0.0,8.727503,0.0,0.0,0.0,0.0,0.0,0.0,0.0,0.0,0.0,0.0,0.0,0.0,0.0,8.9470415,0.0
2018-11-15,17.820469,25.661224,11.633983,15.296002,11.276615,21.765528,17.260994,37.998703,7.472938,0.0,32.887794,11.173004,16.780703,12.500958,19.631014,0.0,17.810614,15.579023,48.26786,17.643538,0.0,26.08287,40.723587,22.135406,17.792978,21.665073,50.490997,0.0,13.155979,54.41218
2018-11-16,25.293152,50.557682,46.11916,43.870415,36.85288,35.136585,61.86358,41.628597,30.03727,75.49451,38.29399,29.42828,82.38285,54.313572,50.906563,41.12805,60.24406,68.55975,42.73761,39.68813,36.27214,37.554897,46.21854,27.269464,36.7579,45.02049,42.154846,82.74319,33.391747,44.513206
2018-11-17,0.0,0.0,0.0,5.3242083,0.0,0.0,0.0,0.0,0.0,0.0,0.0,0.0,0.0,0.0,9.83741,0.0,0.0,0.0,0.0,0.0,0.0,0.0,0.0,0.0,0.0,0.0,0.0,0.0,8.562325,0.0
2018-11-18,15.956501,10.330688,16.798487,8.668686,6.461672,8.61203,18.961498,7.114642,0.0,19.060034,4.3030696,12.219949,13.010198,19.023544,8.204917,22.776913,8.95501,14.614673,14.621196,11.289179,28.026335,7.8613057,11.794165,12.968567,14.910849,11.820653,7.934586,11.136737,5.586746,14.711423
2018-11-19,15.774066,12.855794,24.54237,5.6178303,0.0,8.244405,19.683355,8.911168,18.302418,15.051886,10.535969,0.0,12.818848,9.90436,17.821386,26.944345,9.543593,12.348533,11.107346,7.00217,14.710442,7.3584447,17.27207,18.258162,5.9987593,17.235727,14.492019,23.748358,0.0,11.4783945
2018-11-20,21.092278,13.909468,15.63939,12.997088,11.7322,19.115088,18.18311,22.232132,68.05483,0.0,25.065073,0.0,12.084393,6.6783323,53.924526,39.52894,12.167219,9.526036,26.946976,8.674173,12.345083,13.782815,20.971205,20.102594,9.0641985,11.752822,25.071465,0.0,58.62516,28.757772
2018-11-21,6.09245,16.487839,14.111985,65.605896,42.626774,73.89878,0.0,25.944187,142.97931,0.0,63.668015,22.951097,0.0,0.0,112.740654,16.41631,5.497854,0.0,51.762413,14.398658,0.0,21.881771,0.0,6.4492235,21.917925,0.0,10.714435,1.333434,113.95663,12.06603
2018-11-22,4.868555,9.327313,13.5946665,70.4924,49.337906,65.621,9.128879,31.201458,67.84475,21.36691,56.44334,17.123638,0.0,15.95644,76.21494,12.146332,0.0,8.926284,37.609962,0.0,24.629826,19.073437,0.0,10.587157,17.72887,9.946306,24.02784,20.981352,57.15322,25.290205
2018-11-23,18.635872,38.928516,17.386955,33.675236,14.926879,45.723087,18.06356,57.5709,14.243682,15.805573,60.649303,24.713764,32.02193,17.336971,11.578564,10.374977,28.153496,33.56672,73.69042,30.152563,16.609543,46.10029,47.109745,33.10873,45.93013,35.83648,65.32148,24.60402,12.64524,71.448074
2018-11-24,11.707674,8.256385,11.732971,0.0,0.0,0.0,1.668707,11.79808,0.0,0.0,10.434836,0.0,0.0,0.0,0.0,12.508821,0.0,0.0,25.527233,0.0,0.0,9.085364,12.746013,18.919731,0.0,0.0,17.99057,0.0,0.0,25.796125
2018-11-25,0.0,0.0,0.0,0.0,0.0,0.0,0.0,0.0,0.0,0.0,0.0,0.0,0.0,0.0,0.0,0.0,0.0,0.0,0.0,0.0,0.0,0.0,0.0,0.0,0.0,0.0,0.0,0.0,0.0,0.0
2018-11-26,0.0,0.0,0.0,0.0,0.0,0.0,0.0,0.0,0.0,0.0,0.0,0.0,0.0,0.0,0.0,0.0,0.0,0.0,0.0,0.0,0.0,0.0,0.0,0.0,0.0,0.0,0.0,0.0,0.0,0.0
2018-11-27,0.0,0.0,0.0,0.0,0.0,0.0,0.0,0.0,0.0,0.0,0.0,0.0,0.0,0.0,0.0,0.0,0.0,0.0,0.0,0.0,0.0,0.0,0.0,0.0,0.0,0.0,0.0,0.0,0.0,0.0
2018-11-28,14.032279,0.0,10.789588,0.0,0.0,0.0,0.0,0.0,0.0,0.0,0.0,0.0,0.0,0.0,0.0,7.974561,0.0,0.0,30.584324,0.0,0.0,0.0,0.0,0.0,0.0,0.0,13.528931,0.0,0.0,28.087738
2018-11-29,37.816574,21.934275,37.173897,9.103886,0.0,26.283964,12.750616,57.976246,0.0,15.046712,52.76003,0.0,19.523703,9.845245,10.017372,35.223087,14.126548,18.970684,67.13872,2.041602,0.0,30.925749,36.219307,10.836698,8.885145,15.298192,60.956715,18.461317,0.0,67.27609
2018-11-30,17.866642,0.0,17.409592,0.0,0.0,0.0,0.0,0.0,0.0,0.0,0.0,0.0,0.0,0.0,0.0,9.058053,0.0,0.0,0.0,0.0,0.0,0.0,0.0,0.0,0.0,0.0,0.0,0.0,0.0,0.0
2018-12-01,0.0,0.0,0.0,0.0,0.0,0.0,0.0,0.0,0.0,0.0,0.0,0.0,0.0,0.0,0.0,1.6549308,0.0,0.0,0.0,0.0,0.0,0.0,0.0,0.0,0.0,0.0,0.0,0.0,0.0,0.0
2018-12-02,0.0,0.0,0.0,0.0,0.0,0.0,0.0,0.0,0.0,0.0,0.0,0.0,0.0,0.0,0.0,0.0,0.0,0.0,0.0,0.0,0.0,0.0,0.0,0.0,0.0,0.0,0.0,0.0,0.0,0.0
2018-12-03,5.3127127,8.408428,8.399911,0.0,0.0,0.0,0.0,0.0,0.0,0.0,9.5806675,0.0,8.533592,0.0,0.0,7.3255053,6.9958754,6.664699,0.0,0.0,0.0,0.0,9.860753,6.885633,0.0,6.9733124,7.687728,0.0,18.294218,0.0
2018-12-04,5.613787,14.040411,7.185691,21.909279,13.719753,13.903753,6.3235326,0.0,54.521477,10.098269,0.0,7.7223864,13.915198,11.802139,27.630363,5.982558,14.021449,9.287702,30.768667,12.674868,0.0,0.0,17.65,3.9917588,10.7432785,10.073905,17.835548,7.2127013,59.277397,28.42233
2018-12-05,10.024235,7.403099,16.806534,15.911899,15.137491,19.808178,7.207518,12.6882305,19.546263,8.395788,20.306435,0.0,7.155616,0.0,19.61043,16.763086,6.509428,0.0,20.280035,5.7491837,17.41656,6.196872,9.66841,12.3776245,5.823035,8.067411,13.313856,11.476267,17.70991,19.187525
2018-12-06,2.3518357,0.0,2.4555378,0.0,0.0,0.0,0.0,0.0,0.0,0.0,0.0,0.0,0.0,0.0,0.0,1.4717088,0.0,0.0,0.0,0.0,6.1296377,0.0,0.0,0.0,0.0,0.0,0.0,3.8038483,0.0,0.0
2018-12-07,0.0,0.0,0.0,5.132987,5.1093025,4.8991613,0.0,0.0,0.0,0.85091007,0.0,5.657921,0.0,8.5199585,3.2495408,0.0,0.0,0.0,0.0,0.0,14.031652,0.0,0.0,0.0,7.03772,0.0,0.0,0.0,0.0,0.0
2018-12-08,0.0,0.0,0.0,0.0,0.0,0.0,0.0,0.0,0.0,0.0,0.0,0.0,0.0,0.0,0.0,0.0,0.0,0.0,0.0,0.0,0.0,0.0,0.0,0.0,0.0,0.0,0.0,0.0,0.0,0.0
2018-12-09,7.520311,2.518166,6.9279027,0.0,0.0,2.482774,5.636821,6.337447,0.0,1.5076691,6.4493165,0.0,2.3217096,0.52761674,0.0,7.555187,0.0,4.0575986,11.752506,0.0,0.0,3.6664364,5.5330615,7.986681,1.4684405,4.618075,7.198392,4.117521,0.0,7.940314
2018-12-10,1.8902845,3.56569,1.7516487,5.870055,5.940722,9.742549,0.0,9.449398,12.191148,0.0,11.34004,0.0,1.537101,0.5851343,6.455032,2.6135523,1.5388157,2.0948706,11.038212,3.6923952,2.7681305,4.6773367,5.4503937,5.3551145,4.4645147,4.2733564,7.2577133,1.5124267,6.8736577,10.893609
2018-12-11,0.0,0.0,0.0,0.0,0.0,0.0,0.0,0.0,0.0,0.0,0.0,0.0,0.0,0.0,0.0,0.0,0.0,0.0,0.0,0.0,0.0,0.0,0.0,0.0,0.0,0.0,0.0,0.0,0.0,0.0
2018-12-12,0.0,4.2657833,0.0,6.0326185,6.435238,5.110045,0.0,0.0,0.0,0.0,2.830718,0.0,2.569402,0.0,0.0,0.9713561,2.3667707,0.0,0.0,0.0,0.0,5.8192177,2.1470659,2.3275678,2.67165,2.3016262,1.976701,0.9052624,7.438692,0.0
2018-12-13,0.0,7.0747976,0.85770386,12.79323,10.075875,10.093895,2.667222,9.77613,24.80095,1.4695967,6.891821,10.069391,4.3408217,6.8810782,18.176657,0.0,4.7329593,1.4837476,11.984176,7.7088065,0.0,9.372783,1.8369671,0.0,8.989771,0.0,9.869775,4.092262,18.71351,12.294897
2018-12-14,0.64655757,0.0,0.0,0.0,0.0,0.0,0.0,0.0,0.0,0.0,0.0,0.0,0.0,0.0,0.0,0.0,0.0,0.0,3.4803839,0.0,0.0,0.0,0.0,0.0,0.0,0.0,0.0,0.0,0.0,3.1208887
2018-12-15,5.916618,10.281536,6.4133387,14.827501,9.074741,17.252542,11.107165,17.499628,19.62068,19.986158,15.982881,11.299484,15.450921,12.233964,26.875107,2.4033005,7.762404,11.371368,22.361246,10.107584,23.654442,15.288618,8.8997965,8.516454,8.192545,9.077764,16.478561,19.196066,20.176212,21.970806
2018-12-16,10.138536,21.281858,8.396928,61.92588,63.309887,50.346733,12.653948,33.71256,71.44426,18.81303,43.104736,26.462246,18.969912,14.511949,80.87986,3.9306812,8.515779,9.458944,45.487835,22.458138,16.431665,29.640886,12.05995,12.251008,26.98278,11.526571,26.955563,22.859167,77.080246,45.31512
2018-12-17,0.0,4.7705755,0.0,13.894888,11.574009,14.366561,0.0,6.625764,0.0,6.1401,11.239291,12.51282,1.5582035,8.129593,12.905488,0.0,2.0805988,0.0,7.2742143,8.141528,15.178036,9.490694,2.3577182,0.0,12.715689,0.0,4.7471533,0.6142568,6.1959376,6.6353106
2018-12-18,7.5940876,0.0,8.670325,0.0,0.0,0.0,10.29786,0.0,0.0,6.6181703,0.0,0.0,8.808455,0.0,0.0,4.7524505,0.0,6.2525535,0.0,0.0,0.0,0.0,0.0,4.6443863,0.0,4.2949076,0.0,11.984673,0.0,0.0
2018-12-19,2.6178312,0.0,0.0,0.0,0.0,0.0,4.6046724,0.0,0.0,0.0,0.0,0.0,3.7010179,0.0,0.0,0.0,0.0,6.224885,0.0,0.0,0.0,0.0,0.0,0.0,0.0,0.0,0.0,6.05242,0.0,0.0
2018-12-20,3.9911237,3.7082295,0.0,0.0,0.0,0.0,3.149337,3.7451675,0.0,1.4461769,0.0,0.0,2.7379205,1.8167428,0.0,0.0,1.6152048,4.685224,7.278687,1.5046799,0.0,3.3483963,4.5529213,3.850959,0.0,4.5739,4.427681,0.0,0.0,6.3312974
2018-12-21,1.9872283,3.9027135,0.36827084,9.589853,4.7644815,12.696104,3.2169187,4.8798647,3.5715103,0.14600979,6.0563755,1.2263165,2.8044221,0.20200689,12.872614,0.17526478,1.2230998,5.6905313,20.523485,0.2583429,0.21792535,3.371932,16.636854,16.470312,0.7262181,13.254189,17.991999,0.22353968,5.165561,20.726286
2018-12-22,8.33966,2.3683925,7.367145,19.460583,16.148048,19.86539,7.9719133,2.879533,13.056876,1.3888168,4.628403,1.0290326,2.730051,0.77714807,22.523214,7.1699295,1.0008281,5.1868587,11.1690445,0.7113058,1.320612,2.2568457,10.535918,13.827672,0.99199253,10.038732,9.926083,2.8364472,18.033823,11.327277
2018-12-23,3.1170812,6.46596,2.9627633,13.670108,11.189771,13.406937,3.4624023,3.7525773,7.3778734,1.6512004,4.592534,2.901917,6.3906913,1.9993107,14.693291,3.140038,3.7604384,7.103821,9.391546,2.6994007,2.0393748,4.08442,7.718247,6.425715,3.4312649,7.3282986,8.209246,1.7369198,11.10439,9.492651
2018-12-24,4.565058,4.2602124,3.820191,1.1623473,0.78117466,1.2769971,4.8346405,1.3716794,0.00021488476,1.8621495,1.3071882,1.5018708,4.509812,1.5024346,0.8498581,3.8408108,2.1538925,5.6979976,6.5593677,1.7179351,2.1903667,1.784811,7.5886707,10.695035,1.8958931,7.478673,6.5784874,2.2827568,0.008962542,6.7072134
2018-12-25,1.1080604,0.17462736,1.8045201,0.0016457424,0.0019550258,0.0017029133,0.8103908,0.111785084,6.950784e-06,0.5693725,0.089620836,0.009321358,0.23745534,0.18139833,0.001525125,1.8423399,0.035869673,0.3739739,3.1399617,0.0030703233,0.75503767,0.06245335,2.0402098,4.280954,0.0050952714,1.6204078,1.9370415,0.49611977,2.595806e-06,2.703947
2018-12-26,2.6851766,0.0,2.8609529,0.0,0.0,0.0,0.0,0.0,0.0,0.0,0.0,0.0,0.0,0.0,0.0,1.8191806,0.0,0.0,0.0,0.0,0.0,0.0,0.0,0.0,0.0,0.0,0.0,0.0,0.0,0.0
2018-12-27,0.0,0.0,0.0,0.0,0.0,0.0,0.0,0.0,0.0,0.0,0.0,0.0,0.0,0.0,0.0,0.0,0.0,0.0,0.0,0.0,0.0,0.0,0.0,0.0,0.0,0.0,0.0,0.0,0.0,0.0
2018-12-28,0.0,0.0,0.0,0.0,0.0,0.0,0.0,0.0,0.0,0.0,0.0,0.0,0.0,0.0,0.0,0.0,0.0,0.0,0.0,0.0,0.0,0.0,0.0,0.0,0.0,0.0,0.0,0.0,0.0,0.0
2018-12-29,0.0,0.0,0.0,0.0,0.0,0.0,0.0,0.0,0.0,0.0,0.0,0.0,0.0,0.0,0.0,0.0,0.0,0.0,0.0,0.0,0.0,0.0,0.0,0.0,0.0,0.0,0.0,0.0,0.0,0.0
2018-12-30,0.0,0.0,0.0,0.0,0.0,0.0,0.0,0.0,0.0,0.0,0.0,0.0,0.0,0.0,0.0,0.0,0.0,0.0,0.0,0.0,0.0,0.0,0.0,0.0,0.0,0.0,0.0,0.0,0.0,0.0
2018-12-31,0.0,0.0,0.0,0.0,0.0,0.0,0.0,0.0,0.0,0.0,0.0,0.0,0.0,0.0,0.0,0.0,0.0,0.0,0.0,0.0,0.0,0.0,0.0,0.0,0.0,0.0,0.0,0.0,0.0,0.0
2020-01-01,0.0,0.0,0.0,8.5799885,8.880569,9.795606,4.660559,7.402352,12.72037,6.7779727,9.035744,5.6226583,6.0150695,2.4512444,13.322148,0.0,0.0,0.0,9.014092,2.8561628,7.444177,5.944743,0.0,0.0,4.175478,0.0,6.8892684,6.2140903,11.8843565,7.567851
2020-01-02,0.0,0.0,0.0,0.0,3.473266,0.0,0.0,0.0,7.25335,0.0,0.0,0.0,0.0,0.0,7.0320487,0.0,0.0,0.0,0.0,0.0,0.0,0.0,0.0,0.0,0.0,0.0,0.0,0.0,7.3934317,0.0
2020-01-03,0.0,0.0,0.0,0.0,0.0,0.0,0.0,0.0,0.0,0.0,0.0,0.0,0.0,0.0,0.0,0.0,0.0,0.0,0.0,0.0,0.0,0.0,0.0,0.0,0.0,0.0,0.0,0.0,0.0,0.0
2020-01-04,0.0,0.0,17.698969,0.0,0.0,0.0,4.5144963,0.0,0.0,0.0,0.0,0.0,0.0,0.0,0.0,25.062708,0.0,0.0,0.0,0.0,0.0,0.0,0.0,0.0,0.0,0.0,0.0,0.0,0.0,0.0
2020-01-05,0.0,0.0,0.0,0.0,0.0,0.0,0.0,0.0,4.60127,0.0,0.0,0.0,0.0,0.0,4.7903156,0.0,0.0,0.0,0.0,0.0,0.0,0.0,0.0,0.0,0.0,0.0,0.0,0.0,5.784013,0.0
2020-01-06,0.0,0.0,0.0,8.702482,11.851132,7.056563,0.0,0.0,14.68608,6.8961678,5.7832603,6.631061,0.0,6.665093,13.686796,0.0,0.0,0.0,0.0,3.154167,8.271762,0.0,0.0,0.0,6.290406,0.0,0.0,0.0,13.349284,0.0
2020-01-07,4.4814057,5.0265594,9.373854,0.0,0.0,0.0,8.337215,5.6712475,0.0,9.200948,5.722833,0.0,9.136979,0.0,0.0,5.50881,3.7367094,6.6506724,6.8475776,3.95444,0.0,5.651767,6.0254397,6.1597223,4.1562586,5.8332634,6.4065123,10.961294,0.0,6.672164
2020-01-08,0.0,0.0,0.0,0.0,0.0,0.0,0.0,0.0,0.0,0.0,0.0,0.0,0.0,0.0,0.0,0.0,0.0,0.0,0.0,0.0,0.0,0.0,0.0,0.0,0.0,0.0,0.0,0.0,0.0,0.0
2020-01-09,0.0,0.0,0.0,0.0,0.0,0.0,0.0,0.0,0.0,0.0,0.0,0.0,0.0,0.0,0.0,0.0,0.0,0.0,0.0,0.0,0.0,0.0,0.0,0.0,0.0,0.0,0.0,0.0,0.0,0.0
2020-01-10,0.0,0.0,0.0,0.0,0.0,0.0,0.0,0.0,0.0,0.0,0.0,0.0,0.0,0.0,0.0,0.0,0.0,0.0,0.0,0.0,0.0,0.0,0.0,0.0,0.0,0.0,0.0,0.0,0.0,0.0
2020-01-11,0.0,0.0,0.0,0.0,0.0,0.0,0.0,0.0,4.877092,0.0,0.0,0.0,0.0,0.0,0.0,0.0,0.0,0.0,10.046317,0.0,0.0,0.0,6.685727,7.3677306,0.0,5.728325,7.0595503,0.0,0.0,9.570211
2020-01-12,6.038689,8.823295,7.7397733,6.391634,6.539108,8.666359,5.229369,0.0,7.367216,3.0781212,7.2732635,7.2751956,6.565911,6.3208337,7.3966494,6.0075445,5.9886537,6.2021866,0.0,9.5237665,0.0,8.674114,4.4326143,5.021331,9.057946,4.854512,0.0,2.4489033,8.195366,0.0
2020-01-13,0.0,0.0,0.0,6.6964474,7.2382507,7.638147,0.0,0.0,0.0,7.86568,0.0,5.7598524,1.4636745,0.0,0.0,0.0,0.0,0.0,0.0,0.0,9.63488,0.0,0.0,0.0,0.0,0.0,0.0,6.8450046,0.0,0.0
2020-01-14,0.0,0.0,0.0,0.0,0.0,0.0,0.0,0.0,0.0,0.0,0.0,0.0,0.0,0.0,0.0,0.0,0.0,0.0,0.0,0.0,0.0,0.0,0.0,0.0,0.0,0.0,0.0,0.0,0.0,0.0
2020-01-15,0.0,6.0581574,0.0,0.0,0.0,5.8680086,0.0,7.428602,0.0,0.0,7.233792,0.0,0.0,0.0,0.0,0.0,0.0,0.0,6.2735686,0.0,0.0,7.690574,6.181317,0.0,0.0,0.0,6.7243667,0.0,0.0,5.8347034
2020-01-16,0.0,0.0,0.0,0.0,0.0,0.0,0.0,0.0,0.0,0.0,0.0,0.0,0.0,0.0,0.0,0.0,0.0,0.0,0.0,0.0,0.0,0.0,0.0,0.0,0.0,0.0,0.0,0.0,0.0,0.0
2020-01-17,0.0,0.0,0.0,0.0,0.0,0.0,0.0,0.0,0.0,0.0,0.0,0.0,0.0,0.0,0.0,0.0,0.0,0.0,0.0,0.0,0.0,0.0,0.0,0.0,0.0,0.0,0.0,0.0,0.0,0.0
2020-01-18,0.0,7.927353,5.1490707,7.9738894,7.3679876,12.687705,5.1929774,7.9157686,8.207171,0.0,11.708809,7.073235,3.5484827,0.0,6.1084065,0.0,4.0063224,4.6614876,7.994454,7.108103,0.0,10.136269,5.959222,5.5643964,9.743439,5.6346703,7.861327,6.4905915,8.619834,8.17879
2020-01-19,0.0,0.0,0.0,0.0,0.0,0.0,0.0,0.0,0.0,5.9324307,0.0,0.0,0.0,0.0,0.0,0.0,0.0,0.0,0.0,0.0,7.189385,0.0,0.0,0.0,0.0,0.0,0.0,5.6791587,0.0,0.0
2020-01-20,0.0,0.0,0.0,0.0,0.0,0.0,0.0,0.0,0.0,0.0,0.0,0.0,0.0,0.0,0.0,0.0,0.0,0.0,0.0,0.0,0.0,0.0,0.0,0.0,0.0,0.0,0.0,0.0,0.0,0.0
2020-01-21,0.0,0.0,0.0,0.0,0.0,0.0,0.0,0.0,0.0,0.0,0.0,0.0,0.0,0.0,0.0,0.0,0.0,0.0,0.0,0.0,0.0,0.0,0.0,0.0,0.0,0.0,0.0,0.0,0.0,0.0
2020-01-22,0.0,0.0,7.135876,7.5586367,8.17631,8.955753,5.372075,0.0,11.176745,0.0,7.291677,0.0,0.0,0.0,7.405461,0.0,0.0,0.0,7.9113693,0.0,0.0,2.7923498,0.0,5.442935,4.3206453,0.0,0.0,6.1344657,9.309272,6.989711
2020-01-23,0.0,4.3210063,0.0,0.0,0.0,0.0,0.0,0.0,0.0,8.6994915,0.0,5.591305,7.0908284,6.1454864,0.0,0.0,2.5431387,0.0,0.0,5.118383,7.447495,2.115077,0.0,0.0,5.315483,0.0,0.0,6.9462585,0.0,0.0
2020-01-24,0.0,0.0,0.0,0.0,0.0,0.0,0.0,0.0,0.0,0.0,0.0,0.0,0.0,0.0,0.0,0.0,0.0,0.0,0.0,0.0,0.0,0.0,0.0,0.0,0.0,0.0,0.0,0.0,0.0,0.0
2020-01-25,0.0,0.0,0.0,0.0,0.0,0.0,0.0,0.0,0.0,0.0,0.0,0.0,0.0,0.0,0.0,0.0,0.0,0.0,0.0,0.0,0.0,0.0,0.0,0.0,0.0,0.0,0.0,0.0,0.0,0.0
2020-01-26,2.8381214,0.0,0.0,0.0,0.0,0.0,0.0,0.0,0.0,0.0,0.0,0.0,0.0,0.0,0.0,0.0,0.0,0.0,0.0,0.0,0.0,0.0,0.0,0.0,0.0,0.0,0.0,0.0,0.0,0.0
2020-01-27,0.0,0.0,5.2083316,0.0,0.0,0.0,0.0,0.0,0.0,0.0,0.0,0.0,0.0,0.0,0.0,7.77549,0.0,0.0,0.0,0.0,0.0,0.0,0.0,0.0,0.0,0.0,0.0,0.0,0.0,0.0
2020-01-28,0.0,0.0,0.0,0.0,0.0,0.0,0.0,0.0,0.0,0.0,0.0,0.0,0.0,0.0,0.0,0.0,0.0,0.0,6.5109444,0.0,0.0,0.0,4.7649875,0.0,0.0,0.0,6.5965233,0.0,8.963269,7.3994703
2020-01-29,5.5954347,4.892712,6.9667196,0.0,0.0,0.0,6.8688154,0.0,0.0,0.0,0.0,0.0,4.5873284,2.528406,0.0,0.0,3.5542057,3.6150258,0.0,4.44413,0.0,5.1847296,0.0,5.997588,2.0711071,0.0,0.0,0.0,5.8535,0.0
2020-01-30,4.728038,0.0,0.0,0.0,0.0,8.466521,6.899829,0.0,0.0,0.0,7.796403,0.0,7.1529746,0.0,0.0,0.0,0.0,7.3581595,8.649984,4.1974583,0.0,6.680371,6.404741,0.0,6.302828,0.9636051,6.677335,8.336312,0.0,7.639259
2020-01-31,4.202441,0.0,10.899518,0.0,0.0,0.0,5.837201,0.0,7.74999,6.501556,0.0,5.1455383,0.0,0.0,0.0,9.439177,0.0,0.0,0.0,0.0,8.567713,0.0,0.0,4.5667715,0.0,3.9886773,0.0,6.3755074,0.0,0.0
2020-02-01,0.0,0.0,0.0,0.0,0.0,0.0,0.0,0.0,0.0,5.1352286,0.0,0.0,4.6229553,0.0,0.0,0.0,0.0,0.0,0.0,0.0,4.991253,0.0,0.0,0.0,0.0,0.0,0.0,6.0024695,0.0,0.0
2020-02-02,0.0,0.0,0.0,0.0,0.0,0.0,0.0,0.0,0.0,0.0,0.0,0.0,0.0,0.0,0.0,0.0,0.0,0.0,0.0,0.0,0.0,0.0,0.0,0.0,0.0,0.0,0.0,0.0,0.0,0.0
2020-02-03,0.0,0.0,0.0,0.0,0.0,0.0,0.0,0.0,0.0,0.0,0.0,0.0,0.0,0.0,0.0,0.0,0.0,0.0,0.0,0.0,0.0,0.0,0.0,0.0,0.0,0.0,0.0,0.0,0.0,0.0
2020-02-04,0.0,1.1340189,4.6080403,4.371353,3.9665625,4.3059373,0.0,0.0,0.0,0.0,2.414311,4.2886615,0.0,0.0,0.0,5.420444,0.0,0.0,2.9372957,0.0,0.0,3.6311574,0.0,0.0,4.728642,0.0,0.0,0.0,0.0,0.0
2020-02-05,0.0,0.0,0.0,0.0,0.0,0.0,0.0,0.0,0.0,0.0,0.0,0.0,0.0,0.0,0.0,0.0,0.0,0.0,0.0,0.0,0.0,0.0,2.7985716,0.0,0.0,0.0,0.0,0.0,0.0,0.0
2020-02-06,0.0,0.0,0.0,0.0,0.0,0.0,0.0,0.0,0.0,0.0,0.0,0.0,0.0,0.0,0.0,0.0,0.0,0.0,0.0,0.0,0.0,2.235014,0.0,0.0,0.0,0.0,0.0,0.0,0.0,0.0
2020-02-07,0.0,0.0,0.0,0.0,0.0,0.0,0.0,0.0,0.0,0.0,0.0,0.0,0.0,0.0,0.0,0.0,0.0,0.0,0.0,0.0,0.0,0.0,0.0,0.0,0.0,0.0,0.0,0.0,0.0,0.0
2020-02-08,6.003241,0.0,7.222072,0.0,0.0,0.0,0.0,0.0,0.0,0.0,0.0,0.0,0.0,0.0,0.0,7.9895363,0.0,0.0,0.0,0.0,0.0,0.0,0.0,0.0,0.0,0.0,0.0,0.0,0.0,0.0
2020-02-09,0.0,2.9705684,0.0,3.6144283,3.2053466,0.0,3.2114708,0.0,0.0,0.0,0.0,2.3702786,0.0,0.0,0.0,0.0,0.0,0.0,0.0,3.5043411,0.0,3.3124952,0.0,3.4881003,4.3694334,0.0,0.0,0.0,0.0,0.0
2020-02-10,0.0,0.0,0.0,0.0,0.0,0.0,0.0,2.5696595,0.0,0.0,2.5722902,0.0,0.0,0.0,0.0,0.0,0.0,0.0,3.8073227,0.0,0.0,0.0,3.5565057,4.1077247,0.0,3.9118214,3.476018,0.0,0.0,4.2957687
2020-02-11,0.0,0.0,0.0,0.0,0.0,0.0,0.0,0.0,0.0,0.0,0.0,0.0,2.8540983,0.0,0.0,0.0,0.0,0.0,0.0,3.8524122,0.0,0.0,0.0,0.0,0.0,0.0,0.0,0.0,0.0,0.0
2020-02-12,2.8197474,0.0,8.4534445,0.0,0.0,0.0,0.0,0.0,0.0,3.8854299,0.0,0.0,0.0,3.9181833,0.0,8.998719,0.0,0.0,0.0,0.0,5.548732,0.0,0.0,0.0,0.0,0.0,0.0,0.0,0.0,0.0
2020-02-13,0.0,0.0,0.0,0.0,0.0,0.0,0.0,0.0,0.0,0.0,0.0,0.0,0.0,0.0,0.0,0.0,0.0,0.0,0.0,0.0,4.2670317,0.0,0.0,0.0,0.0,0.0,0.0,0.0,0.0,0.0
2020-02-14,0.0,0.0,0.0,0.0,0.0,0.0,0.0,0.0,0.0,0.0,0.0,0.0,0.0,0.0,0.0,0.0,0.0,0.0,0.0,0.0,0.0,0.0,0.0,0.0,0.0,0.0,0.0,0.0,0.0,0.0
2020-02-15,0.0,0.0,0.0,0.0,0.0,0.0,0.0,0.0,0.0,0.0,0.0,0.0,0.0,0.0,0.0,0.0,0.0,0.0,0.0,0.0,0.0,0.0,0.0,0.0,0.0,0.0,0.0,0.0,0.0,0.0
2020-02-16,0.0,0.0,0.0,0.0,0.0,0.0,0.0,0.0,0.0,0.0,0.0,0.0,0.0,0.0,0.0,0.0,0.0,0.0,0.0,0.0,0.0,0.0,0.0,0.0,0.0,0.0,0.0,0.0,0.0,0.0
2020-02-17,0.0,0.0,5.4659915,0.0,0.0,0.0,5.677085,0.0,0.0,0.0,0.0,0.0,5.875648,0.0,0.0,0.0,0.0,5.99761,0.0,0.0,0.0,0.0,0.0,0.0,0.0,0.0,0.0,6.457201,0.0,0.0
2020-02-18,0.0,0.0,0.0,0.0,0.0,0.0,0.0,0.0,0.0,4.629653,0.0,0.0,0.0,0.0,0.0,0.0,0.0,0.0,0.0,0.0,0.0,0.0,0.0,0.0,0.0,0.0,0.0,0.0,0.0,0.0
2020-02-19,0.0,0.0,0.0,0.0,0.0,0.0,0.0,0.0,0.0,0.0,0.0,0.0,0.0,0.0,0.0,0.0,0.0,0.0,0.0,0.0,0.0,0.0,0.0,0.0,0.0,0.0,0.0,0.0,0.0,0.0
2020-02-20,6.4109435,4.5891886,10.0654955,0.0,0.0,4.2803397,3.8958488,3.6123428,0.0,6.51067,4.820046,4.920716,0.0,5.4569283,0.0,11.117699,0.0,0.0,4.82317,5.9846272,10.904865,4.3572397,4.3143477,6.1672516,5.7794566,5.094895,4.3720913,0.0,0.0,4.8934326
2020-02-21,6.1261816,2.5877783,7.950278,0.0,0.0,0.0,4.686861,2.9786625,0.0,5.3234773,3.5000257,0.0,4.3897576,0.0,0.0,9.110239,0.0,4.5876317,4.3991823,0.0,0.0,0.0,3.7469647,16.071411,0.0,3.6616883,3.7701874,5.009123,0.0,4.002963
2020-02-22,0.0,0.0,4.2715797,4.200798,4.878771,0.0,0.0,0.0,0.0,4.8218045,0.0,5.637845,0.0,4.3323083,0.0,5.5996237,0.0,0.0,0.0,0.0,6.9332943,0.0,0.0,0.0,4.5372076,0.0,0.0,0.0,0.0,0.0
2020-02-23,0.0,0.0,0.0,0.0,0.0,0.0,0.0,0.0,0.0,4.663136,0.0,0.0,0.0,1.9780123,0.0,0.0,0.0,0.0,0.0,0.0,0.0,0.0,0.0,0.0,0.0,0.0,0.0,0.0,0.0,0.0
2020-02-24,0.0,0.0,0.0,2.5212412,6.9894443,0.0,0.0,0.0,0.892015,0.0,0.0,5.530581,0.0,0.0,0.0,0.0,0.0,0.0,0.0,0.0,0.0,0.0,0.0,0.0,0.0,0.0,0.0,0.0,4.6529922,0.0
2020-02-25,0.0,0.0,0.0,0.0,0.0,0.0,0.0,0.0,0.0,0.0,0.0,0.0,0.0,0.0,0.0,0.0,0.0,0.0,0.0,0.0,0.0,0.0,0.0,0.0,0.0,0.0,0.0,0.0,0.0,0.0
2020-02-26,0.0,0.0,0.0,0.0,0.0,0.0,0.0,0.0,0.0,0.0,0.0,0.0,0.0,0.0,0.0,0.0,0.0,0.0,0.0,0.0,0.0,0.0,0.0,0.0,0.0,0.0,0.0,0.0,0.0,0.0
2020-02-27,0.0,0.0,0.0,0.0,0.0,0.0,0.0,0.0,0.0,0.0,0.0,0.0,0.0,0.0,0.0,0.0,0.0,0.0,0.0,0.0,0.0,0.0,0.0,0.0,0.0,0.0,0.0,0.0,0.0,0.0
2020-02-28,0.0,0.0,0.0,0.0,0.0,0.0,0.0,0.0,0.0,0.0,0.0,0.0,0.0,0.0,0.0,0.0,0.0,0.0,0.0,0.0,0.0,0.0,0.0,0.0,0.0,0.0,0.0,0.0,0.0,0.0
2020-02-29,0.0,0.0,0.0,0.0,0.0,0.0,0.0,0.0,0.0,0.0,0.0,0.0,0.0,0.0,0.0,0.0,0.0,0.0,0.0,0.0,0.0,0.0,0.0,0.0,0.0,0.0,0.0,0.0,0.0,0.0
2020-03-01,0.0,0.0,0.0,0.0,0.0,0.0,0.0,0.0,0.0,0.0,0.0,0.0,0.0,0.0,0.0,0.0,0.0,0.0,0.0,0.0,0.0,0.0,0.0,0.0,0.0,0.0,0.0,0.0,0.0,0.0
2020-03-02,0.0,0.0,0.0,0.0,0.0,0.0,0.0,0.0,0.0,0.0,0.0,0.0,0.0,0.0,0.0,0.0,0.0,0.0,0.0,0.0,0.0,0.0,0.0,0.0,0.0,0.0,0.0,0.0,0.0,0.0
2020-03-03,0.0,0.0,0.0,2.9149354,3.7717013,0.0,0.0,0.0,0.0,0.0,0.0,3.0694997,0.0,0.0,0.0,12.002701,0.0,0.0,0.0,0.0,0.0,0.0,0.0,0.0,0.0,0.0,0.0,0.0,0.0,0.0
2020-03-04,0.0,0.0,16.33985,0.0,0.0,0.0,0.0,0.0,0.0,0.0,0.0,0.0,0.0,0.0,0.0,16.762428,0.0,0.0,0.0,0.0,0.0,0.0,0.0,0.0,0.0,0.0,0.0,2.7841752,0.0,0.0
2020-03-05,0.0,0.0,7.056043,0.0,2.1356611,0.0,0.0,0.0,0.0,0.0,0.0,0.0,0.0,0.0,2.380326,2.9775872,0.0,0.0,0.0,0.0,0.0,0.0,0.0,0.0,0.0,0.0,0.0,0.0,1.9897358,0.0
2020-03-06,0.0,0.0,0.0,0.0,0.0,0.0,0.0,0.0,0.0,2.7301986,0.0,0.0,2.3844984,3.7677357,0.0,0.0,3.2238395,0.0,0.0,0.0,0.0,0.0,0.0,0.0,0.0,0.0,0.0,0.0,0.0,0.0
2020-03-07,0.0,0.0,0.0,0.0,0.0,0.0,0.0,0.0,0.0,0.0,0.0,0.0,0.0,0.0,0.0,0.0,0.0,0.0,0.0,0.0,0.0,0.0,0.0,0.0,0.0,0.0,0.0,0.0,0.0,0.0
2020-03-08,0.0,0.0,0.0,0.0,0.0,0.0,0.0,0.0,0.0,0.0,0.0,0.0,0.0,0.0,0.0,0.0,0.0,0.0,0.0,0.0,0.0,0.0,0.0,0.0,0.0,0.0,0.0,0.0,0.0,0.0
2020-03-09,0.0,0.0,8.411201,0.0,0.0,0.0,13.664959,0.0,0.0,20.321596,0.0,0.0,13.344777,4.9711304,0.0,0.0,0.0,3.261844,0.0,0.0,0.0,0.0,0.0,0.0,0.0,0.0,0.0,15.985223,0.0,0.0
2020-03-10,0.0,0.0,0.0,0.0,0.0,0.0,0.0,0.0,0.0,0.0,0.0,0.0,0.0,0.0,0.0,0.0,0.0,0.0,0.0,0.0,0.0,0.0,0.0,0.0,0.0,0.0,0.0,0.0,0.0,0.0
2020-03-11,0.0,0.0,7.866789,0.0,0.0,0.0,12.083213,0.0,0.0,7.2745385,0.0,0.0,8.414518,0.0,0.0,0.0,0.0,11.534133,0.0,0.0,5.18172,0.0,0.0,0.0,0.0,0.0,0.0,19.630522,0.0,0.0
2020-03-12,0.0,2.0178812,0.0,0.0,0.0,0.0,0.0,2.6906106,0.0,12.811195,2.9119556,0.0,1.3366445,0.76477784,0.0,0.0,0.95999014,0.0,4.008611,1.5886545,0.0,2.9360118,1.56545,0.0,0.0,0.0,2.579969,0.0,0.0,4.536904
2020-03-13,0.0,0.0,0.0,0.0,0.0,0.0,0.0,0.0,0.0,0.0,0.0,0.0,0.0,0.0,0.0,0.0,0.0,0.0,0.0,0.0,0.0,0.0,0.0,0.0,0.0,0.0,0.0,0.0,0.0,0.0
2020-03-14,0.0,0.0,0.0,0.0,0.0,0.0,0.0,0.0,0.0,0.0,0.0,0.0,0.0,0.0,0.0,0.0,0.0,0.0,0.0,0.0,0.0,0.0,0.0,0.0,0.0,0.0,0.0,0.0,0.0,0.0
2020-03-15,0.0,0.0,0.0,0.0,0.0,0.0,0.0,3.173101,0.0,0.0,0.0,0.0,0.0,0.0,0.0,0.0,0.0,0.0,0.0,0.0,0.0,0.0,0.0,0.0,0.0,0.0,2.562019,0.0,0.0,2.4405756
2020-03-16,0.0,1.9771878,0.0,2.577046,0.0,3.3741841,0.0,1.8165609,0.0,0.0,0.0,3.474998,3.14223,0.0,0.0,0.0,0.0,3.077233,0.0,3.0463765,0.0,1.8322297,0.0,0.0,3.553507,0.0,0.0,0.0,0.0,0.0
2020-03-17,2.1878476,0.0,2.1745691,0.0,0.0,0.0,1.8911424,0.0,0.0,0.0,0.0,0.0,0.0,0.0,0.0,4.890185,0.0,0.0,0.0,0.0,0.0,0.0,0.0,2.788015,0.0,0.0,0.0,0.0,0.0,0.0
2020-03-18,0.0,0.0,0.0,0.0,0.0,0.0,0.0,0.0,0.0,0.0,0.0,0.0,0.0,0.0,0.0,0.0,0.0,0.0,0.0,0.0,0.0,0.0,0.0,0.0,0.0,0.0,0.0,0.0,0.0,0.0
2020-03-19,0.0,0.0,5.3473372,0.0,0.0,0.0,0.0,0.0,0.0,4.571979,0.0,0.0,4.9422665,3.0163543,0.0,9.620058,0.0,2.1003697,0.0,0.0,0.0,0.0,0.0,0.0,0.0,1.4142331,0.0,5.3905187,0.0,0.0
2020-03-20,3.52782,0.0,3.2307498,2.50947,4.308024,0.0,3.7462797,0.0,0.0,9.84521,0.0,3.743704,0.0,12.807016,0.0,0.0,0.0,0.0,0.0,5.423388,14.040901,0.0,0.0,0.0,5.829219,0.0,0.0,2.2173567,0.0,0.0
2020-03-21,9.984895,0.0,12.196745,3.6772122,3.3673348,0.0,11.378906,0.0,0.0,7.7838073,0.0,4.3785563,9.233681,3.7273457,2.7374864,10.070991,2.3483877,10.552472,0.0,3.1414185,0.0,0.0,0.0,0.0,0.0,4.5237727,0.0,11.124475,0.0,0.0
2020-03-22,3.2514677,0.0,4.6299515,0.0,0.0,0.0,4.695991,0.0,0.0,0.0,0.0,0.0,3.5721362,0.0,0.0,3.5690746,0.0,3.6256223,0.0,0.0,0.0,0.0,0.0,0.0,0.0,0.0,0.0,0.0,0.0,0.0
2020-03-23,6.8006654,0.0,11.578546,0.0,0.0,0.0,11.179359,0.0,0.0,15.85772,0.0,8.8992605,3.0132306,10.068763,0.0,3.5864956,0.0,9.053318,0.0,0.0,28.133657,0.0,0.0,0.0,0.0,0.0,0.0,10.24127,3.1253889,0.0
2020-03-24,0.0,0.0,0.0,0.0,0.0,0.7998676,0.0,0.0,0.0,0.0,0.0,0.0,0.0,0.0,0.0,0.0,0.0,0.0,0.0,0.0,8.507013,0.0,0.0,0.0,3.6718044,0.0,0.0,0.0,0.0,0.0
2020-03-25,0.0,0.0,5.593092,4.7773514,4.22464,4.014906,5.120162,0.0,0.0,6.334448,0.0,2.9161043,0.0,4.1711683,0.0,0.0,0.0,0.0,0.0,0.0,17.655806,0.0,0.0,0.0,2.618887,0.0,0.0,6.904561,2.6485848,0.0
2020-03-26,0.0,0.0,1.8738207,0.0,0.0,0.0,0.0,0.0,0.0,0.0,0.0,0.0,0.0,0.0,0.0,4.422158,0.0,0.0,0.0,0.0,0.0,0.0,0.0,0.0,0.0,0.0,0.0,0.0,0.0,0.0
2020-03-27,0.0,0.0,0.0,1.389708,3.1556373,0.0,0.0,0.0,0.0,0.0,0.0,1.8121241,0.0,0.0,0.0,0.0,0.0,0.0,0.0,0.0,0.0,2.7135134,0.0,0.0,0.0,0.0,0.0,0.0,0.0,0.0
2020-03-28,0.0,0.0,0.0,0.0,0.0,0.0,0.0,0.0,0.0,0.0,0.0,0.0,0.0,0.0,0.0,0.0,0.0,0.0,0.0,0.0,0.0,0.0,0.0,0.0,0.0,0.0,0.0,0.0,0.0,0.0
2020-03-29,0.0,0.0,0.0,0.0,0.0,0.0,0.0,0.0,0.0,0.0,0.0,0.0,0.0,0.0,0.0,0.0,0.0,0.0,0.0,0.0,0.0,0.0,0.0,0.0,0.0,0.0,0.0,0.0,0.0,0.0
2020-03-30,0.0,0.0,0.0,0.0,0.0,0.0,0.0,0.0,0.0,0.0,0.0,0.0,0.0,0.0,0.0,0.0,0.0,0.0,0.0,0.0,0.0,0.0,0.0,0.0,0.0,0.0,0.0,0.0,0.0,0.0
2020-03-31,0.0,0.0,0.0,0.0,0.0,0.0,0.0,0.0,0.0,0.0,0.0,0.0,0.0,0.0,0.0,0.0,0.0,0.0,0.0,0.0,0.0,0.0,0.0,0.0,0.0,0.0,0.0,0.0,0.0,0.0
2020-04-01,0.0,0.0,0.0,0.0,0.0,0.0,0.0,0.0,0.0,0.0,0.0,0.0,0.0,0.0,0.0,0.0,0.0,0.0,0.0,0.0,0.0,0.0,0.0,0.0,0.0,0.0,0.0,0.0,0.0,0.0
2020-04-02,0.0,0.0,0.0,0.0,0.0,0.0,0.0,0.0,0.0,0.0,0.0,0.0,0.0,0.0,0.0,0.0,0.0,0.0,0.0,0.0,0.0,0.0,0.0,0.0,0.0,0.0,0.0,0.0,0.0,0.0
2020-04-03,0.0,0.0,0.0,0.0,0.0,0.0,0.0,0.0,0.0,0.0,0.0,0.0,0.0,0.0,0.0,0.0,0.0,0.0,0.0,0.0,0.0,0.0,0.0,0.0,0.0,0.0,0.0,0.0,0.0,0.0
2020-04-04,0.0,0.0,0.0,0.0,0.0,0.0,0.0,0.0,0.0,0.0,0.0,0.0,0.0,0.0,0.0,0.0,0.0,0.0,0.0,0.0,0.0,0.0,0.0,0.0,0.0,0.0,0.0,0.0,0.0,0.0
2020-04-05,5.3403645,2.280633,7.85359,0.0,0.0,0.0,7.068582,0.0,0.0,7.870926,0.0,2.837708,8.155973,3.4702122,0.0,8.227118,2.629554,6.7988544,0.0,2.1244128,7.6170187,2.320661,0.0,3.8921688,2.930739,2.2865589,0.0,8.103856,0.0,0.0
2020-04-06,3.383918,3.452998,5.1006546,5.5196075,9.440572,8.725265,4.953019,1.0004699,2.7834163,6.9756613,1.2493573,16.942291,2.9293444,19.909122,2.6672108,2.2192242,0.07294162,3.9259796,0.0,5.6333246,19.230156,3.8864,0.0,0.0,10.416702,0.0,0.0,7.366207,7.4471006,0.0
2020-04-07,2.486904,2.8793864,3.798506,10.662163,14.24142,12.01351,5.2723436,1.314745,2.4891577,12.778906,5.5956764,11.684306,9.618792,11.599488,5.9786706,5.424016,3.1901627,5.540043,1.7563014,2.4665306,14.014109,5.1148453,2.3113062,0.0,10.403749,5.2085543,2.1314201,9.5194435,8.654113,1.890017
2020-04-08,8.863378,3.461597,8.223815,2.3222785,4.3499312,1.7642537,6.810696,1.9932694,2.6868658,5.8012967,2.0043058,5.2301483,7.145791,4.2594495,1.4821446,8.186511,3.2071075,4.5771523,2.5354745,3.2326546,6.00837,2.6574328,3.7739623,7.5028358,4.451103,6.5986524,2.1857553,6.9676476,4.5765476,2.504297
2020-04-09,7.553407,3.1399806,7.337123,4.3609543,3.8768005,5.291048,7.32303,2.950088,7.771555,5.04114,3.1695178,3.7108555,3.5541255,3.3956192,6.6934786,7.2485337,2.7378995,4.8906984,7.532093,3.5269003,6.1893907,2.9689965,4.6563845,4.284453,3.3182,4.7284274,4.3100033,3.9734626,7.275709,5.5611444
2020-04-10,3.1470246,0.0,3.229617,0.0,0.0,0.0,3.4576316,0.0,0.0,0.0,0.0,0.0,1.9808913,3.506309,0.0,0.0,0.08166821,2.9626129,0.0,0.0,0.0,0.0,0.0,0.0,0.0,0.0,0.0,3.6330025,0.0,0.0
2020-04-11,0.0,0.0,0.0,0.0,0.0,0.0,0.0,0.0,0.0,0.0,0.0,0.0,0.0,0.0,0.0,0.0,0.0,0.0,0.0,0.0,0.0,0.0,0.0,0.0,0.0,0.0,0.0,0.0,0.0,0.0
2020-04-12,0.0,0.0,0.0,0.0,0.0,0.0,0.0,0.0,0.0,0.0,0.0,0.0,0.0,0.0,0.0,0.0,0.0,0.0,0.0,0.0,0.0,0.0,0.0,0.0,0.0,0.0,0.0,3.540459,0.0,0.0
2020-04-13,0.0,0.0,0.0,0.0,0.0,0.0,0.0,0.0,0.0,0.0,0.0,0.0,0.0,0.0,0.0,0.0,0.0,0.0,0.0,0.0,0.0,0.0,0.0,0.0,0.0,0.0,0.0,0.0,0.0,0.0
2020-04-14,0.0,0.0,0.0,0.0,0.0,0.0,0.0,0.0,0.0,0.0,0.0,0.0,0.0,0.0,0.0,0.0,0.0,0.0,0.0,0.0,0.0,0.0,0.0,0.0,0.0,0.0,0.0,5.5845366,0.0,0.0
2020-04-15,5.730478,0.0,8.033353,0.0,0.0,0.0,6.0291615,0.0,0.0,2.0787566,0.0,0.0,0.0,0.0,0.0,5.970914,0.0,5.3480406,0.0,0.0,3.7001417,0.0,0.0,2.9649935,0.0,0.0,0.0,6.917282,0.0,0.0
2020-04-16,7.826609,0.0,13.189614,0.0,0.0,0.0,8.260382,0.0,0.0,2.1938486,0.0,0.0,0.0,0.0,0.0,8.442944,0.0,5.623437,0.0,0.0,1.6491199,0.0,0.0,4.1181946,0.0,0.0,0.0,7.0313654,0.0,0.0
2020-04-17,0.0,0.0,0.0,0.0,0.0,0.0,0.0,0.0,0.0,0.0,0.0,0.0,0.0,0.0,0.0,0.0,0.0,0.0,0.0,0.0,1.7640132,0.0,0.0,0.0,0.0,0.0,0.0,0.0,0.0,0.0
2020-04-18,0.0,0.0,0.0,0.0,0.0,0.0,0.0,0.0,0.0,2.2455895,0.0,0.0,0.0,2.6985908,0.0,8.687545,0.0,0.0,0.0,0.0,4.367011,0.0,0.0,0.0,0.0,0.0,0.0,0.0,0.0,0.0
2020-04-19,11.509865,0.0,12.3821535,0.0,0.0,0.0,12.167132,0.0,0.0,9.010348,0.0,0.0,11.047573,2.1178343,0.0,7.007108,0.0,12.105731,0.0,0.45865154,5.1306477,0.0,2.7504282,6.779429,0.46601808,5.020944,0.0,13.964987,0.0,0.7062075
2020-04-20,5.663932,0.0,11.442846,0.0,0.0,0.0,4.579836,0.0,0.0,0.0,0.0,0.0,0.0,0.0,0.0,12.98377,0.0,0.0,0.0,0.0,0.0,0.0,0.0,0.0,0.0,0.0,0.0,0.0,0.0,0.0
2020-04-21,0.0,0.0,11.936816,0.0,0.0,0.0,0.0,0.0,0.0,4.331736,0.0,0.0,0.0,0.0,0.0,10.83394,0.0,0.0,0.0,0.0,0.0,0.0,0.0,0.0,0.0,0.0,0.0,5.4711547,0.0,0.0
2020-04-22,5.908814,0.0,7.5129733,0.0,0.0,0.0,0.0,0.0,0.0,8.882293,0.0,0.0,4.8256025,3.3045619,0.0,12.772758,0.0,0.0,0.0,0.0,7.54223,0.0,0.0,6.0471153,0.0,0.0,0.0,4.8068414,0.0,0.0
2020-04-23,0.0,0.0,6.2348294,0.0,0.0,0.0,0.0,0.0,0.0,0.0,0.0,7.1010036,0.0,8.71149,0.0,12.460563,0.0,0.0,0.0,1.2906345,14.21351,0.0,0.0,0.0,2.6079943,0.0,0.0,4.0970254,1.427965,0.0
2020-04-24,6.9994245,3.458123,13.186618,0.0,2.4916484,0.0,12.450504,0.30983526,0.0,11.267621,0.0,3.8730896,11.905627,6.0172153,0.0,15.447036,4.736214,10.689954,6.6692367,2.1844966,6.8343134,0.0,5.107316,7.8705997,2.3284657,9.022948,4.0164413,14.29935,0.0,5.0841537
2020-04-25,3.0596817,4.5228715,8.758263,5.4827213,7.003333,4.767564,5.631514,1.5538971,2.9222536,16.937517,1.9885701,8.654344,18.086172,11.221946,2.9984293,0.0,5.619364,7.7104487,1.6731693,4.90388,11.9986315,3.2861042,4.858307,6.710394,6.225548,4.182532,2.1159573,16.922256,6.3981633,2.713063
2020-04-26,6.067382,9.228892,17.116701,14.181984,13.514422,11.626503,11.940311,6.4037375,10.548571,17.621403,7.8945746,13.268502,17.231802,23.846556,9.511427,18.109947,11.3821945,7.3486967,3.7106576,15.31899,26.156147,9.767319,4.9255543,4.354369,17.17266,5.2107625,3.5830655,15.625043,13.345201,2.160954
2020-04-27,4.0942802,0.0,4.7149916,9.200704,10.256482,9.152903,6.542985,0.0,5.632864,9.83577,2.8781443,12.370136,0.0,11.637632,5.90103,0.0,0.0,4.319371,0.0,6.374994,21.514729,3.5940325,4.4957547,3.4240878,9.5247,4.5725727,0.0,7.593969,8.339046,0.0
2020-04-28,10.233435,14.787961,21.028992,12.642483,20.453764,12.7399435,16.379581,6.4735484,0.0,23.462292,6.290334,26.80179,18.242516,19.478151,0.0,26.6092,14.247477,15.354322,3.947262,18.123985,15.806476,13.692609,7.024457,6.5318904,19.47262,6.638105,6.786949,20.558914,3.9643815,4.0012903
2020-04-29,9.24372,4.042803,16.48766,4.0642843,4.5819545,2.155798,9.719996,7.416041,2.3689666,6.116333,5.135466,17.763935,4.507835,8.821021,3.2393744,18.104261,3.5553849,4.462653,13.075216,0.0,13.836049,3.223539,6.021486,10.050275,9.272663,6.960913,7.4406924,5.6918077,4.3200736,9.373942
2020-04-30,9.077311,6.613425,17.02063,0.0,0.0,0.0,13.827223,3.6856763,0.0,11.329813,2.6550796,0.0,11.856513,3.9174602,0.0,8.851544,5.01132,11.7093315,5.9764886,3.809125,0.0,4.026626,8.149563,9.911634,3.2105374,6.848034,10.941448,16.61022,0.0,11.099668
2020-05-01,0.0,0.0,1.5222524,0.0,0.0,0.0,2.1223006,0.0,0.0,2.202152,0.0,5.698937,2.2080698,4.7958093,0.0,0.0,0.0,2.1097631,0.0,0.0,2.2982364,0.0,0.0,0.0,4.7568827,0.0,0.0,3.498794,0.0,0.0
2020-05-02,1.9596719,3.8214655,4.5236654,0.0,0.0,0.0,0.0,0.0,0.0,3.6657302,0.0,3.6018424,2.7316635,4.6481066,0.0,7.580105,3.2665765,1.3039432,0.0,4.077765,6.161788,0.0,0.0,0.0,1.5640709,0.0,0.0,2.3283286,0.0,0.0
2020-05-03,0.0,0.0,3.6925898,0.0,0.0,0.0,0.0,0.0,0.0,2.001875,0.0,0.0,0.0,3.5334823,0.0,4.7901936,0.0,0.0,0.0,0.0,4.66249,0.0,0.0,0.0,0.0,0.0,0.0,0.0,0.0,0.0
2020-05-04,0.0,2.356537,0.0,0.0,0.0,0.0,0.0,0.48040417,0.0,0.0,0.0,1.4606616,0.0,0.0,0.0,3.0425603,0.0,0.0,0.0,1.7695037,1.7541692,3.0901206,3.8953443,1.7150958,1.70465,0.0,3.136249,0.0,0.0,0.0
2020-05-05,0.90539825,0.0,7.406045,0.0,0.0,0.0,3.5201275,0.0,0.0,3.5689158,0.0,0.0,1.0886023,0.0,0.0,10.407839,0.0,1.6849022,0.0,0.0,5.2951093,0.0,0.0,0.4803523,0.0,0.0,0.0,3.4666493,0.0,0.0
2020-05-06,5.6652117,3.0368862,11.483362,0.0,0.0,1.0113921,7.90134,0.0,0.0,7.5664544,1.8047719,0.0,3.2469537,4.002456,0.0,12.404609,0.0,5.310183,1.3745868,0.0,8.822495,4.028888,5.160283,0.0,3.5641503,4.4830036,4.7775993,7.0795665,0.0,2.343339
2020-05-07,8.257715,4.884793,16.697296,2.928246,3.8803828,0.0,7.3244057,0.0,0.8272809,5.758944,0.8488659,3.9635634,5.1845865,6.3904805,1.273904,15.570575,6.5897274,6.4253936,3.0004385,5.6992035,7.93617,0.0,4.9270186,5.8603053,6.018959,6.6517906,3.8075175,6.97975,1.2820206,3.6411393
2020-05-08,6.341645,3.4111302,12.382942,0.0,0.0,0.0,6.9731836,0.0,0.0,2.5276504,0.0,0.0,4.0354257,2.9284883,0.0,22.544144,4.080753,5.16096,0.0,0.0,2.2570698,0.0,2.5712378,6.0005565,0.8809209,6.1361165,0.0,5.914853,0.0,0.0
2020-05-09,9.368871,0.0,24.184305,0.0,0.0,0.0,7.564559,0.0,0.0,5.3641186,0.0,0.0,2.7701292,0.0,0.0,32.108143,0.0,3.7983873,0.0,0.0,4.5141397,0.0,2.0937295,6.091592,0.0,6.6543484,4.9851503,3.231428,0.0,3.8759341
2020-05-10,8.072505,0.0,20.20357,0.0,0.0,0.0,12.894282,0.0,0.0,8.738091,0.0,0.0,5.033498,3.3419507,0.0,21.028547,0.0,6.025632,2.939551,0.0,3.7138793,0.0,1.9963701,6.391094,0.0,3.4554198,0.0,12.801911,0.0,2.9647338
2020-05-11,8.305886,11.450298,24.985071,0.0,0.0,3.9002712,9.299825,7.2053103,1.5898062,6.0556197,6.8534923,0.0,6.865649,6.362031,1.5613146,23.800531,8.042433,6.1311784,10.360325,4.1696706,6.900156,12.060878,12.904915,16.14844,4.9165087,16.004345,11.345513,9.3136,0.9454129,10.792077
2020-05-12,7.902601,0.0,25.470573,0.0,0.0,3.3707097,11.970707,12.163472,0.0,7.4637127,10.692344,0.0,6.7195916,2.4159756,3.2152007,25.66388,0.0,9.351822,15.388739,0.0,4.051741,0.0,7.69899,8.227234,0.0,6.057278,13.225554,18.10117,1.3019167,14.967546
2020-05-13,12.684102,3.9117203,11.96437,0.0,0.0,0.0,6.238593,0.0,0.0,7.4775124,0.0,0.0,7.137898,3.7130735,0.0,14.86168,0.0,6.4459896,7.307363,0.0,10.330399,0.0,11.441377,5.2585726,0.0,6.6574244,12.068348,12.373919,0.0,11.306708
2020-05-14,6.163057,3.3762186,20.338709,0.0,0.0,0.0,14.804542,0.0,0.0,12.591731,0.0,0.0,8.642829,4.8678803,0.0,23.43522,0.0,7.355923,0.0,0.0,8.66505,0.0,0.0,7.8498693,0.0,6.600923,0.0,13.402417,0.0,0.0
2020-05-15,15.288001,11.375123,23.589022,0.0,0.0,2.6019297,14.877617,0.0,0.0,8.308921,0.0,0.0,10.959919,6.1042438,0.0,21.671444,12.516482,12.202968,0.0,8.914808,5.419328,4.3429136,9.734085,11.412747,2.9070206,11.978998,7.4632044,14.984558,0.0,0.0
2020-05-16,14.7348,20.905685,23.879898,13.752629,4.646395,13.086437,17.832653,20.12087,1.3500258,11.008567,14.331414,9.772551,19.245527,17.562239,4.694079,31.374294,17.666735,19.463598,17.376595,19.672346,14.849182,18.47443,21.138485,15.698013,16.206192,17.924297,22.811485,11.266307,2.9544246,17.511913
2020-05-17,7.7977014,20.570955,14.148361,15.064472,12.922951,17.08987,12.795072,20.983091,6.3059464,13.937386,10.9568205,19.840471,11.915681,16.632383,14.206356,13.705514,14.385058,13.2119665,16.444365,17.680733,20.234566,21.038815,17.219156,9.3135805,19.949024,15.683613,19.940649,12.309027,7.7774296,18.502033
2020-05-18,8.899833,9.572527,24.620895,17.701092,17.021385,17.662607,9.436262,20.532097,7.5591946,4.51935,21.736122,13.494648,6.6858425,8.711504,7.80749,22.906763,7.5213866,8.485091,20.040138,7.8320565,3.7767134,13.781443,11.675524,12.185565,12.564569,12.337006,21.54541,6.3404045,6.5011315,19.361877
2020-05-19,0.0,3.0319734,0.0,3.2354112,2.9087608,2.4916716,2.2298415,3.988912,1.3262469,1.9870752,3.5522647,3.6688232,0.0,2.7638526,2.836426,5.4224505,0.0,2.5667963,4.073399,0.0,3.6718712,3.2782686,0.0,0.0,0.0,2.0995202,0.0,0.0,2.3087983,2.2868161
2020-05-20,0.0,2.4480615,0.0,7.7466516,4.241323,7.9422526,2.0075269,5.821397,0.0,2.8338401,6.5936775,0.0,3.3470454,4.1729894,3.0969536,5.6956315,3.5341296,3.454102,6.657712,0.0,2.4519556,0.0,0.0,0.0,4.3986835,3.0958304,6.2811894,2.4179866,0.0,5.930249
2020-05-21,3.905191,1.2995917,28.151066,0.73591495,0.88885707,0.5467787,6.7689557,0.83300614,1.3771367,3.4992747,0.37105456,1.1234115,2.0237446,2.735932,0.026775321,39.352047,1.4035798,3.3386562,0.014037741,1.710114,4.3219104,1.2407274,0.5628823,0.16931139,1.5229251,0.51101017,0.6958399,5.1968446,0.031171499,0.05268879
2020-05-22,3.4682338,1.0027028,2.80895,0.2975958,0.3795482,1.4774907,3.1538947,0.2642512,0.631868,2.3101788,0.1891213,0.42608356,1.5905637,2.0922778,0.3477849,1.3657587,1.1692749,2.7077863,0.11552177,0.765646,3.6317086,0.30073246,1.2963182,2.534305,0.58769566,2.3259354,0.47575814,2.17198,0.6001016,0.35853297
2020-05-23,3.7994182,3.5222385,10.346544,3.9171157,4.9920087,1.8890386,6.5974565,1.7732819,2.1030293,6.399018,0.89968795,10.422248,3.9584944,8.073778,2.072858,6.891862,4.3489513,4.5187545,0.0,5.7929053,8.761697,2.8224266,1.8911812,1.6871902,6.5516605,2.4180982,1.4908969,5.9619894,2.1503665,0.1357443
2020-05-24,0.50616616,0.3904105,2.2468023,0.6725645,1.5448221,0.24971728,1.4178565,0.1808344,0.0,2.6850991,0.08993859,5.3260794,0.8344941,3.7138014,0.013579635,2.3971927,0.46000963,1.056986,0.009706567,0.90290236,4.7457175,0.2978964,0.3260144,0.53232276,1.6878464,0.5400547,0.16226724,1.3911953,0.0,0.061841287
2020-05-25,4.2932234,3.6778102,10.361061,0.32154056,0.29452217,1.3311853,6.1714683,2.872708,0.25732967,5.732524,1.9120249,3.6708941,4.3831615,6.449821,0.016743258,8.151284,4.695856,4.7092614,2.4929864,4.364524,8.134041,2.1588185,4.1394134,7.8381515,4.055376,6.731519,2.4473162,5.2338195,0.5045466,2.461143
2020-05-26,1.5662651,0.0,5.4795403,0.0,0.0,0.0,5.513054,0.0,0.0,0.0,0.0,5.7944655,0.0,7.5258927,0.0,0.0,0.0,4.9413676,0.0,0.0,5.941642,0.0,0.0,2.2293258,0.0,0.0,0.0,5.6704607,0.0,0.0
2020-05-27,7.0447497,8.985092,15.915709,0.0,5.4660697,0.0,14.299301,4.8090143,0.0,11.790204,0.0,16.475666,7.526299,17.076817,0.0,15.213845,6.1292176,9.537413,0.7897636,11.822116,21.207165,9.255976,5.43342,6.7723455,18.843456,8.062349,4.536484,12.678073,0.0,4.3865905
2020-05-28,19.97064,20.346102,43.53114,15.002106,15.343315,13.432653,22.127134,11.396119,0.0,19.505453,9.429031,20.981255,15.815666,17.89326,0.0,45.889114,18.74733,14.583552,5.32482,20.688198,22.656466,20.101614,13.413819,12.151976,20.664341,14.582205,12.429142,18.572481,4.6039095,5.1018248
2020-05-29,7.7428455,0.0,31.86506,5.5970535,5.476013,5.442536,5.7708335,6.1047645,0.0,0.0,6.000946,13.567941,0.0,6.392587,0.0,30.79249,0.0,0.0,8.457634,0.0,9.11654,4.3155003,0.0,0.0,4.4448576,0.0,7.0250206,0.0,2.9032884,9.623273
2020-05-30,0.0,6.2729363,0.0,6.1953917,10.250562,6.0710087,0.0,2.9992387,0.0,9.436316,4.769563,7.881875,3.1170602,4.6548395,0.0,0.0,0.0,0.0,0.0,11.432964,14.940285,6.4283257,0.0,0.0,10.418842,0.0,0.0,3.1900303,3.188485,0.0
2020-05-31,0.0,0.0,0.0,0.0,0.0,3.3891642,0.0,0.0,0.0,3.9854565,0.0,6.1239653,4.0754995,6.3956323,0.0,0.0,5.270281,0.0,0.0,9.496721,6.20815,0.0,0.0,0.0,9.047365,0.0,0.0,3.2065375,0.0,0.0
2020-06-01,2.2607765,12.430659,8.026104,8.949002,8.153124,6.5921807,4.276368,11.603999,2.6320765,9.3117485,6.269391,6.3122263,6.100982,5.516938,3.3133302,25.858002,6.754661,4.413096,4.1963716,7.5872936,9.664732,9.896754,12.672027,1.5108865,8.052932,4.0858345,13.7619915,4.6635084,5.759037,6.72975
2020-06-02,0.7671356,1.0576521,4.5480566,2.8844209,2.9949553,0.9689077,2.7329018,0.7082586,0.63931996,9.780978,0.5707692,2.3798773,2.5685606,2.089322,0.8118982,13.275252,0.5967932,2.5631537,0.21382615,0.6370631,8.436601,0.5643412,1.2389413,0.37342182,1.3416181,0.90905607,0.9540551,3.721826,1.3887862,0.30946046
2020-06-03,4.2978344,10.709282,8.317324,0.7101723,0.65951663,0.4517456,7.088493,2.2270994,0.0034453948,14.688189,0.56800133,1.5165219,9.431467,2.8408172,0.06420087,19.70915,8.9821005,9.415672,0.6194124,2.0720904,14.457115,1.7880917,9.472772,3.5407968,1.8199389,9.334547,4.347083,5.523899,0.5085131,1.6271998
2020-06-04,2.6591458,0.9758174,10.534415,5.6082554,5.087507,3.5061305,2.9396808,0.9839712,1.2688432,13.029214,1.38242,2.8208303,2.0359726,1.4693055,1.0634439,26.555237,0.46099803,2.51734,0.54816467,1.1003757,11.449318,1.0641707,1.2496518,0.40040854,1.735209,0.5030871,1.3289402,4.3650756,1.510348,0.9051847
2020-06-05,4.9480605,3.0013287,16.431335,10.058481,10.6233835,4.156849,4.150661,1.9144996,1.1393273,9.247884,1.8677411,6.8240137,2.360926,3.560094,1.1067948,53.27352,1.8508868,4.1878395,0.96872604,1.7736305,8.401212,1.6303377,3.5384948,3.0562441,3.9480712,3.6725783,2.8695633,4.1159325,2.514308,1.4152666
2020-06-06,7.211304,13.296068,18.242914,26.209259,19.781422,9.652503,16.425686,5.8011417,3.2372646,17.835419,2.0962663,12.540903,15.136718,11.107028,9.254494,38.03289,6.8463316,18.997124,4.1842594,10.514719,39.546295,4.611979,15.56332,13.360162,16.10005,30.736393,12.86969,16.1701,6.2733173,5.75536
2020-06-07,20.66982,9.59261,42.137486,7.8197412,0.0,5.318895,26.92049,4.6704063,0.0,8.775476,3.6251917,3.608538,13.881653,3.718799,0.0,48.49335,3.862536,19.496613,3.5159388,3.4542375,13.748079,4.95081,13.259934,31.384434,4.863928,35.673733,10.790205,17.8078,0.0,5.5912247
2020-06-08,0.0,9.218241,0.0,7.895314,2.6208646,5.1425686,0.0,0.0,0.0,0.63223743,0.0,5.252483,0.16660385,0.84826106,0.0,0.0,0.23164546,7.9119005,2.6349232,0.18122014,0.0,0.0,10.261776,0.0,0.0,13.032311,4.1580067,1.5639745,2.1083608,4.798942
2020-06-09,0.0,8.782508,0.0,2.5285916,5.977702,5.203879,8.169151,8.293923,9.711794,4.7226443,5.009616,0.0,5.9515166,1.5302261,9.682381,0.0,6.3170595,8.883968,7.5968633,5.67607,12.283337,6.997004,10.548816,3.384545,5.247136,15.020394,11.445114,4.653106,9.930263,12.056654
2020-06-10,18.992146,10.550367,37.73274,24.82313,18.737003,18.072897,19.641005,11.329869,19.421474,19.34301,15.038327,14.023827,5.4052854,5.914769,18.103771,40.77648,6.3170595,11.727006,10.584508,6.713149,39.461006,10.966984,10.603526,15.544647,9.958292,21.579672,11.952747,12.897192,17.646341,12.380768
2020-06-11,1.3157425,3.0729403,3.0971735,2.9092083,3.4450793,1.541543,1.809764,2.9870987,2.8441443,4.7547054,1.6383986,2.7925382,1.434717,1.6241916,2.9450965,2.055304,1.0078546,0.9341275,0.4913772,0.7242098,8.522997,2.9870987,3.8781996,0.6004641,1.0037674,1.3574047,3.65207,2.730532,3.1679277,2.0894186
2020-06-12,1.2225097,1.2048888,2.0190654,2.2596672,2.2834775,1.3326215,1.1826471,1.0586343,0.97015136,3.2906237,0.9206909,2.1367712,1.270549,2.743802,0.9756926,2.138935,0.29818675,0.5489953,0.13808973,2.255064,3.617838,1.2774659,0.29742423,0.050022412,2.5939183,0.17203093,0.409748,1.9381102,1.0941042,0.20817067
2020-06-13,2.937928,0.0004995447,6.9590316,0.016255964,0.16159783,0.03756858,1.4818387,0.001003081,1.2484295,2.0741432,0.0010139634,0.15130019,0.13606896,0.680203,1.0035316,5.405232,0.0002803053,0.056704912,0.0031361666,0.018643375,7.363009,0.0,0.00051097665,0.031110605,0.04139384,0.016619725,0.0016916806,0.88017726,1.3113068,0.0026107216
2020-06-14,2.2665274,0.575282,4.466256,0.8625626,1.0730596,0.51048756,2.9323132,0.26983145,0.006355002,6.1573167,0.3437449,1.6965877,2.4359105,1.716378,0.02137883,2.8665137,0.28068796,1.2930981,0.0064473297,1.1019605,9.745456,0.39868808,1.1905209,1.6036854,1.6997728,1.7534088,0.5514469,4.145222,0.04561474,0.11192182
2020-06-15,6.461488,4.2133904,4.91099,1.6394467,1.6221266,1.2109922,4.2118945,1.121755,0.1233015,1.5589129,1.2495174,1.5787044,3.1813738,1.30077,0.4015558,2.6838026,3.248157,3.9118128,1.1478438,1.1082883,5.3273015,1.2232705,4.4656587,3.5473168,1.3174734,4.9318027,1.9087712,0.8977352,0.30174804,1.9463055
2020-06-16,0.0,0.0,0.0,8.374165,3.801226,5.6070323,0.0,0.0,3.5806017,12.776541,0.0,5.03337,0.0,2.1367185,2.4349513,0.0,0.0,0.0,0.0,0.0,19.083147,0.0,3.2812805,0.0,3.0773125,0.0,2.6995912,0.0,2.1227257,0.0
2020-06-17,0.0,0.0,0.0,4.157873,8.072774,0.0,0.0,0.0,0.0,13.010203,0.0,10.956412,6.915406,1.5615145,0.0,0.0,0.0,7.3417125,0.0,1.6530795,24.576942,0.0,4.871088,0.7196417,2.724082,10.776649,2.5525541,15.906737,3.820932,0.0
2020-06-18,0.0,0.0,0.0,11.539492,10.929098,3.579605,0.0,0.0,2.8621266,10.606959,1.0394403,9.668956,2.0728667,2.7679665,2.903936,0.0,0.0,0.0,0.0,2.533895,26.820272,0.0,0.0,0.0,5.226397,2.4030483,0.0,0.0,3.0247371,0.0
2020-06-19,5.938807,0.0,6.6246085,3.8468382,0.0,4.227319,0.0,0.0,0.0,2.458799,3.066289,3.7166414,4.4490666,5.4378047,2.0332334,5.363079,0.0,0.0,0.0,0.0,25.47869,0.0,0.0,0.0,6.24378,0.0,0.0,0.0,1.0146003,0.0
2020-06-20,0.0,4.175156,0.0,4.166976,5.2495837,2.6433563,11.46504,5.090056,4.913501,9.933745,2.9283345,1.6574297,6.4277873,2.1195471,4.8042846,0.0,0.32591918,12.613512,2.442027,3.947207,10.750656,5.090056,9.655722,8.446978,3.5246515,20.079634,4.0638714,11.183629,6.6584697,3.4223506
2020-06-21,41.61043,15.898401,64.24584,20.909649,18.964989,16.099789,55.12228,9.253065,16.217215,26.368929,10.740182,12.673881,23.765127,5.6839986,14.800845,64.044014,6.444377,39.702427,12.316636,6.336558,31.545921,10.878653,26.337166,38.21693,7.8204355,44.100784,11.886616,51.59313,16.153019,12.726079
2020-06-22,16.511744,6.161001,34.154236,18.534119,18.394432,10.642456,13.8945,3.6228642,0.0,3.1603744,7.035284,11.009449,7.3412776,3.7404208,3.8319287,43.37837,2.814308,12.984686,1.2313321,5.1099157,11.169192,3.5644486,7.546568,0.0,8.392511,5.696969,3.893251,7.617209,5.402865,0.23241374
2020-06-23,13.387381,18.347769,42.01133,19.390419,19.045645,16.848942,27.10719,5.915812,0.0,14.630302,7.035284,23.300304,13.813375,7.536553,5.505348,34.557262,5.580595,26.00019,9.249506,7.889667,8.453656,5.593822,22.714432,18.100075,14.784311,27.255606,16.17348,15.574579,5.20384,12.584161
2020-06-24,46.097294,28.532238,61.321053,11.073072,7.9571967,5.672152,47.13977,9.97779,0.0,34.161415,3.7295403,12.106668,25.100489,6.729641,1.7136067,37.666084,16.633175,42.789707,9.810832,5.7426786,27.654936,6.7647724,31.40702,33.21435,11.29313,55.64687,20.95644,30.79222,3.0526686,15.900856
2020-06-25,15.76426,13.234709,24.401154,6.7697706,8.963656,6.5494533,22.770052,7.1938334,5.649085,23.810167,4.1972575,14.1220045,14.947416,9.815302,4.603374,28.674734,11.242789,14.263236,7.2753882,10.354269,28.017673,7.267297,11.031345,6.2454677,13.4424515,16.049694,10.791141,24.408998,3.270618,9.469184
2020-06-26,0.0,8.670526,0.0,0.0,0.0,0.0,11.004715,0.0,0.0,13.011511,0.0,0.0,14.548382,0.0,0.0,0.0,0.0,13.405317,0.0,0.0,0.0,0.0,6.864756,0.0,0.0,10.585683,0.0,14.002336,0.0,0.0
2020-06-27,0.0,0.0,0.0,2.3609867,6.192893,0.0,0.0,0.0,0.0,0.0,0.0,8.849826,0.0,0.0,0.0,0.0,0.0,0.0,0.0,0.0,0.0,0.0,0.0,0.0,0.0,0.0,0.0,0.0,4.1624,0.0
2020-06-28,0.0,6.8619013,0.0,19.212856,19.17133,5.6428676,0.0,5.952988,0.0,38.03639,5.885389,15.406053,0.9144645,8.312581,3.4582398,0.0,0.56234396,0.0,0.0,10.5275135,60.656837,8.421959,9.742004,0.0,11.364492,0.0,4.7449865,0.0,5.4853554,3.1837397
2020-06-29,25.656242,30.912315,56.210976,13.690996,21.663277,11.686596,35.454773,9.685503,10.964385,51.592228,7.9556875,17.97454,37.447487,9.095621,10.8322525,32.320057,23.374731,40.391327,3.6963358,7.9874945,57.497074,8.461921,29.79023,9.128758,9.411903,25.919956,17.722149,54.297672,11.027899,6.512463
2020-06-30,0.0,7.736246,0.0,16.702688,17.242548,8.65071,0.0,6.9596667,0.0,8.979006,8.394741,15.256693,6.175028,8.265928,5.745172,0.0,0.6851671,0.0,1.1542268,9.433512,36.79847,8.299449,0.0,0.0,11.406445,0.0,1.8063377,0.0,8.913389,0.6387174
2020-07-01,0.6420114,0.0,5.808747,8.860384,9.614691,8.013253,5.401113,0.0,11.847743,0.0,2.5470157,3.6365583,3.6074896,1.9945586,10.608686,0.0,0.0,0.0,0.0,1.4581336,6.9611692,2.8376198,0.0,0.0,3.6768951,0.0,0.0,0.0,10.7733135,0.0
2020-07-02,10.407927,16.394678,31.351475,15.548486,17.596136,16.740099,20.111525,13.879841,11.822226,21.194963,17.06835,13.894602,13.591034,3.9244301,10.759475,23.873941,7.212969,16.931099,16.670868,17.850182,14.321476,15.027335,19.280773,4.6887236,19.185123,17.100973,17.95158,21.890974,13.367507,17.46643
2020-07-03,4.920915,16.570213,13.047453,9.184858,8.10912,8.621608,6.307985,10.078598,5.9809628,17.99595,9.692838,8.670288,18.328024,5.1276336,9.42257,16.769531,6.889309,20.397583,6.9047227,14.421062,26.843739,12.761955,22.57263,3.442014,13.740135,22.15547,18.827642,13.424718,4.879083,8.375003
2020-07-04,4.4098196,4.804917,6.552917,15.473818,18.649855,9.765786,0.0,4.019375,11.001028,21.640078,5.6508665,11.637731,7.2738843,5.059439,10.006521,12.878462,1.9235358,7.307285,6.9047227,10.129235,58.3136,4.029137,11.094275,4.490475e-08,12.37202,10.760793,6.8522034,6.461972,13.413236,7.182216
2020-07-05,2.901979,18.069536,13.576942,12.585266,13.274087,11.183609,14.639939,3.0054085,13.722693,13.339683,4.0134277,13.271023,16.54519,5.702567,13.089864,14.6051655,7.285454,22.767899,6.1039886,8.959011,22.779581,4.085721,28.711052,3.0345051,17.524483,29.03303,9.622365,28.975206,13.049255,8.340056
2020-07-06,0.0,6.0355296,0.0,18.388683,49.072502,10.019846,0.0,4.898974,21.746954,14.227036,2.3477979,19.836115,4.392744,7.883322,17.891407,0.0,5.4171715,1.270022,0.0,7.39437,46.67348,4.7155375,9.828697,0.0,12.845488,7.975115,5.524907,0.0,25.49917,0.5507674
2020-07-07,0.0,3.3435185,0.0,7.7284966,7.668498,10.019846,0.0,2.8532329,3.5777457,14.223886,3.7632227,12.829214,10.075304,5.8438516,7.1079903,0.0,0.0,9.362736,5.629638,10.289782,17.818058,4.023206,0.0,0.0,14.4542465,0.0,0.41609493,9.393237,4.103505,5.629638
2020-07-08,5.428362,23.465797,37.315784,6.3892713,10.780259,6.291412,33.07437,6.3198996,3.5106661,21.557743,7.1161695,8.806485,31.910633,6.1443634,3.3105319,37.702972,5.3947496,45.58274,11.561829,6.1941857,71.931786,9.859822,53.58486,3.3249557,7.845032,57.426815,26.830849,41.721508,4.1036954,13.089582
2020-07-09,11.52142,34.742245,31.428162,5.6860967,16.639944,4.311808,27.887726,6.5977945,3.5721545,29.46835,4.422346,10.765398,34.468967,6.4151125,3.8390985,25.583529,15.463045,38.863384,10.248096,10.469356,32.074913,6.422662,37.334286,3.306269,10.231283,36.768368,16.013906,29.07993,8.69214,11.279392
2020-07-10,1.4762242,20.536983,7.6663227,9.475029,21.031073,13.887527,26.264906,8.780727,6.6349926,21.99476,12.71357,12.829214,25.215397,5.8925853,7.1418395,8.510799,17.270267,33.880577,4.1115265,15.502522,35.076077,14.445052,20.344727,0.0,17.935444,16.972624,4.7307,42.6773,8.20701,4.5709987
2020-07-11,2.9618766,13.214019,9.195402,8.420532,15.498957,6.3117895,9.309409,6.128302,3.3644588,14.267613,7.5300846,6.324388,10.394711,3.4293551,3.6845405,0.0,8.331843,13.498745,6.523361,13.354231,18.742846,11.74716,13.10122,0.0,13.303741,14.238377,4.227879,16.842463,5.8857064,6.862182
2020-07-12,0.0,4.363697,0.0,3.7535543,8.7476845,7.1518116,0.0,4.6561565,2.383594,3.6153586,6.7961507,5.3208475,9.209956,0.0,3.0194309,0.0,0.0,10.35736,1.382943,5.3748446,0.0,5.1714706,0.0,0.0,7.7179685,0.0,0.0,7.027107,5.649266,0.0
2020-07-13,3.9153197,21.957388,8.560993,7.934141,8.939156,8.826634,14.277734,6.3844876,7.2468886,11.5255995,8.281867,10.019467,18.07804,3.2342076,6.5851007,0.0,9.827558,28.18073,20.372139,15.325483,16.98833,7.6873126,29.86836,2.5346642,15.041145,30.28737,25.336056,19.268396,6.9120784,21.889793
2020-07-14,8.975504,25.278112,34.888714,15.132887,23.584301,11.069517,29.160168,10.783012,12.455172,19.351559,7.852849,11.239953,23.772875,3.6492186,10.951384,8.53495,12.682767,29.808983,16.02231,11.569871,16.588106,11.269895,33.79843,3.3060315,16.946957,34.49521,21.999779,28.488733,15.700101,21.872915
2020-07-15,8.680621,27.436436,34.888714,32.045967,28.355337,30.642193,36.445374,21.023802,20.274334,30.188251,25.23975,34.877235,39.09723,9.329389,20.938831,21.781147,13.043525,62.61605,16.063168,23.11894,38.55979,22.903082,59.007885,3.8852308,34.39219,67.41882,32.185997,39.46217,20.641432,19.574549
2020-07-16,0.45654857,4.7749333,17.038486,3.7361245,4.123711,3.044063,6.3156514,2.253649,7.427585,7.9704795,3.049619,1.0872301,3.3073487,1.1423104,6.4592285,15.269674,1.5617223,4.472722,6.6099105,0.64605606,16.989008,1.6298224,8.275094,0.41802233,0.9553724,7.2439194,5.2386518,7.517131,6.2440777,6.577974
2020-07-17,10.468203,4.480893,41.779068,4.145095,3.9125514,3.09063,25.702595,2.9001052,7.1832232,15.447277,2.6334772,1.7555047,11.795851,1.0660199,6.0383306,34.889587,1.039763,22.889935,8.565204,0.7794775,16.518904,2.1932957,10.277393,0.78736496,1.5630765,8.662677,9.171272,26.876892,6.034181,8.565204
2020-07-18,0.9904134,26.923716,4.9417586,16.417847,15.890356,17.656519,9.407862,10.000226,6.1544967,32.82407,9.922263,24.392757,30.1274,13.355632,8.060994,5.0215545,14.4205475,33.006638,4.8006644,16.919281,52.12837,14.445074,34.70317,1.6676028,25.624924,35.086334,15.70332,14.22201,5.2837577,5.2393374
2020-07-19,4.316546,40.243504,20.15063,12.466875,12.54232,11.110802,23.439402,13.861921,8.422573,29.43097,14.179662,9.285204,47.911777,8.261892,13.141753,7.2925725,22.340597,51.005276,24.561409,6.5385017,37.43672,10.017606,49.495525,2.7264287,9.314488,51.075394,29.362413,30.823204,10.294299,24.726713
2020-07-20,6.6411266,9.625111,34.16766,5.695834,6.2397714,5.18754,29.39853,3.5545366,1.0171697,26.894045,3.3056407,5.7066545,15.451517,3.2255697,3.5017388,13.925248,4.8667693,26.39314,3.3147316,3.49519,21.624626,4.6968718,13.405631,0.84548855,5.8899865,13.918623,7.22521,32.045837,2.9835212,3.4235644
2020-07-21,5.152903,0.0,28.770098,0.0,0.0,0.0,27.954899,0.0,0.0,15.879027,0.0,0.0,13.177231,1.5135347,0.0,0.0,0.0,17.426088,0.0,0.0,0.0,0.0,0.0,0.0,0.0,0.0,0.0,39.475773,0.0,0.0
2020-07-22,1.2153482,0.0,34.246216,0.0,0.0,0.0,23.656908,0.0,0.0,21.375814,0.0,0.0,6.322523,0.23450351,0.0,0.0,0.0,10.532772,0.0,0.0,0.0,0.0,0.0,0.0,0.0,0.0,0.0,16.839159,0.0,0.0
2020-07-23,5.456204,16.039259,33.59109,25.586481,23.160727,25.954306,26.472162,5.4432693,6.914611,77.26961,10.5160055,35.6978,32.41356,17.430742,10.557541,0.0,12.434375,33.50003,0.3380944,26.177973,93.48337,13.540571,26.27333,1.6719236,38.730858,26.721684,13.770543,49.736847,9.883447,5.640416
2020-07-24,0.0,19.263126,0.0,10.386381,14.451861,11.660991,15.274354,4.8572845,7.7473845,33.474632,6.7466564,18.003878,19.557001,13.890772,7.042265,0.0,9.762149,17.489433,14.905264,13.340405,70.42724,4.703815,23.854374,0.0,15.8717575,0.0,23.119333,27.906889,11.769431,17.600344
2020-07-25,0.0,40.128365,0.0,19.053074,19.250237,13.279487,8.910855,15.069076,2.779295,29.746412,13.848221,19.297678,48.241516,8.548017,10.666356,0.0,16.052809,58.83294,3.9593666,15.328515,18.458597,17.892569,51.50786,3.8077555,18.27935,58.83294,22.026669,24.819502,6.4950747,4.2228603
2020-07-26,1.3667165,9.964613,0.0,3.4296703,8.4336195,0.0,0.0,0.0,0.0,0.0,0.0,3.7645273,6.9479938,1.5550574,3.1528769,0.0,6.781238,9.860658,0.0,2.2031097,0.0,0.0,13.291355,0.854107,0.0,13.113434,10.309162,0.0,3.3814273,0.0
2020-07-27,5.4065323,11.532026,8.173864,2.587409,0.0,8.180214,5.1255274,8.4678755,0.0,12.245121,7.158698,8.212686,8.898018,3.6914384,2.7043877,0.0,8.072492,9.742633,9.323829,10.160007,17.09334,8.292526,14.743072,2.6589907e-08,11.763539,10.393368,15.633493,10.378424,0.0,15.247365
2020-07-28,15.548163,47.28317,44.33922,19.50296,7.7501006,25.026224,46.502106,25.99522,2.6170352,56.38651,24.166039,23.7426,50.075485,15.911043,6.6176186,34.143867,24.320559,75.062485,48.773865,21.175634,40.909897,21.817026,86.88826,20.387571,26.764994,87.32498,75.22073,59.73107,4.678115,48.95852
2020-07-29,16.352753,30.455162,45.74682,19.844713,24.669481,15.134367,44.371887,15.116154,18.415451,37.29368,13.665911,17.940811,31.071646,9.8852215,14.211072,20.214882,18.89361,43.25906,18.14475,11.005798,16.219284,15.365154,42.38373,8.784885,13.785116,45.341118,24.703434,49.672756,16.73855,19.664742
2020-07-30,0.0,5.183028,0.0,6.4552145,11.277453,7.0707283,0.0,3.7048955,0.0,0.9851675,7.5280824,14.548387,0.0,5.036716,2.7844949,0.0,2.0598087,0.0,0.0,7.1696777,13.29712,9.121789,0.0,0.0,9.912985,0.0,0.0,0.0,5.7619433,0.0
2020-07-31,3.152826,21.012316,21.323563,12.32127,14.140603,12.3478155,27.094034,7.543643,4.511368,37.29368,6.198944,14.316196,30.747618,12.655755,5.1020656,0.0,18.565834,34.846775,8.497708,5.8065042,48.59378,7.6881914,29.606617,0.68678164,14.325644,33.30795,14.760529,34.760403,9.607618,13.031983
2020-08-01,2.1482842,20.790468,8.542827,32.588017,17.58673,36.57869,7.754994,19.572748,9.865762,21.750849,20.27863,37.36053,31.15763,24.622105,11.104965,9.452465,18.10624,57.23737,6.674468,23.814331,27.168758,19.38983,17.653547,0.0,40.475677,18.809076,19.47968,56.53283,15.868647,13.160847
2020-08-02,0.9161601,11.02677,12.2373295,24.029484,22.302896,24.863052,0.0,8.981358,17.07866,8.914919,9.0513115,28.585747,11.781722,18.8573,15.357475,5.8805194,8.990575,0.0,14.700688,13.90607,26.613934,5.792379,15.197573,0.0,25.320341,0.0,16.500748,38.008278,15.83494,16.541645
2020-08-03,0.0,14.215698,14.304739,6.0382795,6.8380814,10.174895,18.369972,15.045527,4.8178926,17.124517,12.089815,9.0157385,22.98327,8.488682,4.9521694,3.314402,12.891143,36.07047,4.853786,10.838566,16.82585,18.178417,38.970028,0.0,9.223429,28.171503,36.40255,34.4209,5.933511,7.4968023
2020-08-04,11.908213,20.831877,25.741566,22.614197,12.559613,26.461458,27.204294,13.71408,14.520923,55.778126,21.918892,26.90791,34.947216,19.85974,20.088055,29.150215,16.386421,39.13828,10.79651,16.194067,34.095154,18.53056,25.515514,9.916453,25.85735,27.81653,17.18938,49.306408,13.854945,14.820914
2020-08-05,1.9444635,0.0,5.072857,6.1757994,0.0,7.2398086,2.7303555,0.0,4.918696,21.17179,6.5862255,0.0,0.0,0.0,6.7694864,9.541813,0.0,16.410927,13.320163,0.0,0.0,2.3802114,18.403835,0.0,0.0,19.39522,12.774895,11.6217575,3.7717724,15.797139
2020-08-06,8.630936,13.493918,17.38191,9.274948,2.4905114,9.573082,16.650517,7.735546,3.6666484,10.506728,6.192165,9.247067,16.597475,7.0494213,3.482492,16.96388,0.0,22.719435,6.982764,5.1929555,7.7041893,5.495442,20.073101,4.9022746,9.200398,17.964502,10.7818775,19.140448,4.0875673,8.5316925
2020-08-07,4.388404,8.620118,17.505072,7.1441355,3.2172327,15.052268,17.323996,9.531597,6.403283,8.978394,16.99294,10.135268,17.889896,6.3720884,7.616967,0.0,0.32344136,0.0,0.0,6.4067364,25.326748,10.074803,8.910205,0.31559125,12.260292,0.0,8.767973,12.45276,6.635226,4.7586737
2020-08-08,28.642172,31.48773,38.937206,19.756193,14.276794,22.295698,62.981464,25.042763,19.480194,49.1005,15.769996,21.417116,89.35367,30.348942,19.206667,30.949343,23.295437,83.082466,20.68909,28.311749,48.43774,27.812449,33.573475,18.851368,29.389935,39.962883,29.801998,90.549614,16.23433,28.234285
2020-08-09,39.60923,41.944786,61.8973,32.184605,19.6325,46.050144,53.82235,38.55523,19.845955,37.391403,51.561462,29.790245,64.50085,22.12398,25.51942,30.949343,32.946907,62.433247,37.665577,25.662415,15.9804,38.497726,46.37691,18.851368,33.48198,44.454494,43.356148,69.30225,19.388754,43.072227
2020-08-10,0.0,0.0,0.0,6.0999136,6.705437,5.9622245,0.0,0.0,5.8168645,0.0,0.0,17.67067,0.0,4.6928368,4.319982,0.0,0.0,0.0,0.0,0.0,18.370268,0.0,0.0,0.0,5.7184677,0.0,0.0,22.54435,6.742984,0.0
2020-08-11,0.0,8.60774,0.0,6.222647,6.390509,7.0009203,0.0,0.0,5.941159,7.7637444,5.300589,7.0668716,13.717547,8.912358,6.4247904,0.0,5.4982524,8.939765,0.0,6.1408668,9.978666,2.2484872,7.553758,0.0,8.721362,7.1422224,4.8847737,11.3688545,6.9522853,0.0
2020-08-12,0.0,2.3957713,0.0,8.814903,10.67795,6.946441,0.0,5.6744127,12.120682,1.3429881,4.8206754,11.170411,0.0,8.357396,10.7242775,0.0,0.0,0.0,2.9076245,3.6982849,10.096644,4.6622086,0.0,0.0,7.129608,0.0,2.413773,7.042073,10.972223,0.0
2020-08-13,3.7560508,9.365175,7.5866146,12.689386,5.683439,10.566549,7.131667,9.538694,5.3761077,11.878999,5.4024215,10.431123,11.102282,6.78129,5.2681684,0.0,8.3984785,10.019115,4.0302587,5.4855022,2.7650375,9.571527,11.944264,3.4992716,7.06059,10.77991,8.675615,17.051035,5.11851,5.5026417
2020-08-14,1.7525072,10.968701,4.366838,9.010712,9.478958,9.1783695,11.847747,10.624817,8.33157,9.68496,7.5985775,7.9218025,23.29719,8.568106,8.856643,0.0,6.089389,27.910465,11.486286,8.439005,9.334224,5.192119,13.610145,3.6624403,9.026346,10.244997,14.826685,30.930197,8.803991,14.071449
2020-08-15,16.631935,6.491258,20.722105,7.8891325,8.096467,4.228175,18.036469,4.0993314,6.2486773,9.82418,2.7498822,7.1074367,15.581274,5.7349243,6.6120205,22.68185,8.770806,15.835042,13.371791,5.20297,5.4327106,4.6919365,18.969984,9.810521,4.3720603,11.199818,16.920383,17.445213,6.590163,10.921041
2020-08-16,13.356095,17.451452,19.538973,7.1953416,5.8520265,16.543798,20.305084,15.25632,3.1448898,11.15398,17.311165,9.522213,24.015615,7.1969867,6.66906,10.136754,9.43316,24.266005,17.371689,4.7686453,13.537032,12.06718,26.055832,13.426645,6.448765,22.61865,24.237381,27.684835,4.354788,19.492147
2020-08-17,6.3153605,5.399397,15.440174,0.0,0.0,0.0,16.045752,1.8465278,0.0,0.0,2.8151288,0.0,8.255761,0.0,0.0,8.774631,2.983356,13.870036,5.6788898,0.0,0.0,0.0,14.263029,7.2784786,0.0,13.786329,12.976908,15.823422,0.0,10.878285
2020-08-18,0.0,3.4826074,0.0,4.2671547,3.5090249,3.627299,0.0,4.259378,3.1448898,2.096309,2.8788595,3.3847206,4.444089,3.8110986,5.300607,0.0,4.443756,0.0,4.1404233,3.0311136,0.0,3.7654173,0.0,0.0,3.131878,0.0,4.3656764,0.0,4.7487087,4.3841767
2020-08-19,0.0,3.8712263,0.0,8.59559,6.8903723,9.557931,0.0,3.441407,14.146138,1.9676385,8.451475,8.745826,0.0,2.9073315,11.683875,0.0,3.14829,0.0,3.582996,5.19205,1.8090817,1.6163162,4.3099184,0.0,10.000423,0.0,4.425804,0.0,12.671493,4.021347
2020-08-20,8.115456,13.990023,11.2481785,16.46532,10.622841,15.735165,10.864296,14.501227,13.157351,16.587074,15.869116,15.644799,13.157198,11.972467,14.099274,5.925296,12.2051935,15.771647,16.011087,11.5225935,9.898203,13.949995,18.255724,9.363281,16.346489,14.967523,18.745785,20.583538,10.22136,16.588154
2020-08-21,0.0,0.0,0.0,4.7979803,5.0907087,0.0,0.0,0.0,0.0,13.299003,0.0,8.364874,11.530818,7.6193676,0.0,0.0,0.0,11.778495,0.0,4.1645403,14.654217,0.0,0.0,0.0,4.3407288,8.047348,0.0,13.422052,3.5597603,0.0
2020-08-22,1.5634086,6.0712876,5.3041434,8.722498,9.103598,4.194684,8.703673,0.0,7.7217917,6.911297,0.0,10.950315,10.773326,5.7549276,9.550591,0.0,7.508756,11.448288,0.0,5.7509828,7.805434,3.443507,5.559198,0.17979802,5.0485353,0.0,0.0,15.89811,10.661556,0.0
2020-08-23,0.0,15.39498,7.0321,15.040089,20.547415,8.771259,7.6749225,8.547405,15.937877,14.545437,4.948074,19.234426,14.450803,14.533115,17.758013,5.5327935,13.983183,9.7023735,0.0,11.16891,17.662857,7.4653363,11.631648,1.7853987,10.421179,5.0347724,12.73233,14.1170225,14.444062,0.0
2020-08-24,6.180408,15.610781,15.353774,6.3039303,9.37873,5.684921,15.213334,5.755434,0.0,17.830606,4.2560525,13.275331,23.931404,12.047981,4.2029023,0.0,12.127589,25.18307,7.854846,7.160688,31.241022,6.963168,19.445627,2.5661323,8.328409,20.168215,14.680687,23.616888,7.9038186,10.666106
2020-08-25,5.0603695,7.270195,9.057997,14.473061,9.623285,13.610154,14.255602,11.209128,9.492912,5.2709136,7.835654,12.565027,10.526489,5.6027975,9.654784,0.20989409,4.7659183,16.019285,3.8067029,8.249383,2.8004355,12.636138,3.0466247,3.434982,11.010319,9.793043,5.87181,18.24098,8.621186,5.8174953
2020-08-26,3.5326297,19.283901,8.712695,13.03288,12.954566,11.710556,12.333395,21.309164,3.325557,9.049594,13.961901,19.823513,19.470055,11.093074,5.274517,9.150752,9.609717,20.40669,13.804689,15.218809,9.360817,22.508396,17.05903,1.7309808,14.810984,16.441193,20.03238,16.565601,5.4135637,19.050264
2020-08-27,3.251517,5.105252,5.332742,20.720478,10.566965,22.807709,6.6462145,8.976626,6.708613,0.0,14.834405,19.408983,7.66331,0.0,14.020982,0.0,2.270324,8.25268,0.0,9.284701,0.0,12.388696,6.750417,1.3655852,19.312683,7.4218554,0.0,8.116369,7.5256715,0.0
2020-08-28,3.7321231,0.0,11.415709,0.0,0.0,0.0,7.2545967,0.0,0.0,3.19352,0.0,0.0,6.955936,0.0,0.0,0.0,0.0,7.601191,0.0,0.0,0.0,0.0,0.0,1.8064035,0.0,2.2902958,0.0,8.019106,0.0,0.0
2020-08-29,0.13910204,0.0,0.0,1.5624665,0.0,0.0,0.985525,0.0,1.6165724,0.0,0.0,3.483638,0.0,0.0,1.6876551,0.0,0.0,0.0,0.0,0.0,0.0,0.0,0.0,1.8832978,0.0,1.6254901,0.0,0.0,0.0,0.0
2020-08-30,3.6463947,8.854301,11.981994,12.312793,9.313333,10.803524,12.457417,5.1306334,0.0,5.756345,5.7528195,16.034122,7.8010044,11.734827,0.0,5.6665235,9.069307,8.009348,0.0,12.464565,7.8015323,7.957578,0.0,3.0586207,13.957667,4.6937265,4.499799,12.48382,0.0,0.0
2020-08-31,6.856869,10.201913,19.249763,5.6139097,6.4695516,7.11433,19.117485,5.786354,1.687655,17.116316,5.3247313,10.275341,22.744179,12.93783,11.290197,6.1124086,10.766464,23.86961,3.2052026,12.342073,16.310932,9.708181,14.930841,11.069474,13.380388,15.873857,9.617033,26.430868,2.7341835,1.1927177
2020-09-01,16.689962,39.609745,48.82382,13.499525,12.720749,13.246123,41.49525,11.881702,14.12487,30.289825,9.458427,21.326283,45.48017,23.28269,13.584905,26.731377,30.28865,46.614933,11.220299,26.915888,25.56185,15.822319,36.260185,13.062187,26.222794,39.614998,16.466812,50.16604,13.895081,11.710966
2020-09-02,28.381945,15.731236,46.74046,21.531868,19.950788,19.735508,35.311935,11.283699,0.0,15.435314,14.18764,27.317776,18.450014,18.755976,8.216825,73.87217,15.965312,23.64746,12.555929,19.541534,18.743933,15.948288,14.200755,15.100655,23.15397,17.774712,12.542749,33.30988,5.945026,15.2022295
2020-09-03,0.34408888,7.9036546,0.0,8.096538,12.106451,8.536852,9.233882,4.2761993,4.6965804,16.136889,4.772524,17.876644,22.248098,17.136713,4.442018,0.0,11.645919,12.65875,6.117586,13.1073265,13.369784,5.2253337,6.2280526,0.0,21.007648,6.423402,4.843153,40.58724,4.2554812,6.0988765
2020-09-04,3.7628777,10.417557,17.135992,7.2913876,6.5011544,4.986642,21.304884,5.1151257,2.6254544,29.390507,4.614744,14.327616,22.903893,14.894965,8.451904,0.0,9.303325,21.390865,6.1241703,14.23972,15.681901,3.782904,10.377209,5.4263062,14.614355,10.161828,7.127246,26.840343,4.497296,6.9837666
2020-09-05,11.670981,11.697707,20.761862,5.8903494,4.4318423,6.6627965,10.373813,9.456222,0.0,14.0814295,8.976428,5.638803,18.121572,12.233681,12.657886,19.404705,9.950535,12.633675,13.34316,9.553698,10.307107,10.503793,11.385927,6.2607784,14.041269,11.274103,13.496668,25.763025,0.0,16.31463
2020-09-06,0.6028042,14.132014,7.8346515,5.0701017,3.700688,5.9676003,13.822284,12.628765,0.0,31.358807,8.264433,16.534231,33.483315,15.054851,2.9662998,21.112923,13.297735,22.029743,10.816872,10.559748,23.875544,10.933867,11.134834,4.6708436,18.6232,11.300086,12.297849,37.260532,4.074715,11.208485
2020-09-07,0.0,4.51307,0.0,15.942467,15.477105,13.533303,2.7566288,4.2639027,13.795953,2.8056395,7.728184,19.199368,0.0,16.021526,14.322071,0.0,0.0,0.0,7.612926,14.314848,7.8724256,5.166213,2.4881716,3.0781868,17.983707,2.8621166,5.6770306,0.0,14.570486,7.612926
2020-09-08,5.59933,15.404163,10.744192,15.756594,15.782409,7.6973486,11.093924,4.9098153,0.0,18.166845,6.058267,11.962103,13.618094,19.116234,4.4954567,0.0,15.97213,14.272483,5.4917126,18.41364,31.971294,14.118241,10.831234,6.910939,17.179008,10.884331,7.3099413,20.987165,7.124863,5.9815526
2020-09-09,30.041864,26.478361,30.666769,22.139526,17.320791,23.513617,32.828064,23.226095,9.920892,45.93294,20.132488,30.943674,35.4344,31.494862,16.290682,53.89716,26.32846,36.708885,20.823296,29.069765,42.23981,24.162436,22.939346,9.123588,34.22538,20.912334,23.070803,45.46184,9.253259,21.848604
2020-09-10,18.797623,9.684684,64.614105,6.8885865,4.961397,7.5946293,9.108333,8.418279,9.105682,7.2756586,11.528734,7.550163,10.6222925,14.766825,7.0959144,75.30587,9.754433,9.045586,19.109926,4.849787,10.346364,0.0,9.690054,9.595861,12.215098,8.142315,14.6571865,15.092684,5.6246796,16.478725
2020-09-11,0.0,0.0,0.0,3.6455383,7.480847,3.1285968,0.0,1.7618966,11.378096,5.457417,2.4578424,6.52048,0.0,7.0047283,10.309393,0.0,2.2303405,0.0,2.471498,3.4141092,19.1388,0.0,0.0,0.0,4.5790377,0.0,2.0783553,0.0,12.668472,2.366428
2020-09-12,13.782472,8.537794,11.605967,13.701759,15.810343,10.662356,11.25754,6.7518396,11.290505,7.491662,8.1983595,7.6041393,13.658368,6.4593806,12.627349,11.865559,5.7063994,13.831717,12.865021,5.8674154,8.1997,3.6794937,7.7321677,4.807248,6.9673653,8.347794,10.008127,16.607458,18.672821,13.251759
2020-09-13,13.805598,17.036325,26.670727,8.402068,8.66609,8.093781,17.402111,8.492861,11.229983,29.364689,8.7525835,8.444844,21.663723,15.562036,9.966426,31.52205,18.875633,17.474224,10.62185,11.453367,32.82514,9.721363,11.541851,6.9015694,10.480007,12.651176,8.991088,23.023796,9.976581,10.540139
2020-09-14,0.0,2.5296533,0.0,4.347704,3.6798143,3.3975656,0.0,3.2960722,7.029049,2.4393137,3.8238604,5.5185695,0.0,5.4188333,8.226831,0.0,3.5691361,0.0,3.684866,6.3773837,5.6477494,3.4318862,0.0,0.0,6.83691,0.0,0.0,0.0,3.321559,0.0
2020-09-15,0.0,4.268897,0.0,11.682288,12.931713,6.858357,4.8419375,1.767234,18.081417,9.327532,3.0009422,2.6778483,7.145256,6.55741,13.55682,0.0,0.0,8.581689,4.724804,3.2676396,17.164732,0.0,2.4892325,0.0,3.2583544,3.8341413,2.08152,9.732002,12.720605,3.6193335
2020-09-16,4.250178,7.4277897,3.8233654,4.885111,5.2238708,3.65613,6.9741154,1.3006617,5.374569,2.3396301,1.6825066,2.3785205,10.438239,3.3205988,5.74233,5.177316,7.385632,10.416393,0.9561862,3.1280522,1.9118232,1.2682246,4.9297347,2.40962,2.9932995,6.383564,2.1043315,7.0810547,4.940785,1.038241
2020-09-17,4.1765933,1.6889659,11.02376,2.7632074,5.3834434,1.4100184,4.279707,0.47623533,6.3722267,2.3283877,0.5054851,4.762108,3.0943403,2.0136724,5.563473,15.542386,1.4591689,2.7250607,0.3478614,0.8803675,2.2510855,0.34514293,1.2664951,0.3936074,2.064973,1.4754016,0.6476788,4.7221804,6.3139424,0.44696432
2020-09-18,6.7486525,2.3722045,11.843118,8.896689,9.77766,5.7151546,4.178847,3.0456784,10.617511,2.530905,3.4345326,4.6081085,3.5456488,3.5470638,9.181178,15.828234,2.321358,2.7250078,3.5268755,4.0082736,2.3086798,2.6627269,2.0031748,0.36565602,4.2659802,1.1025056,2.8184261,4.554817,9.684649,2.8183372
2020-09-19,5.0078144,7.8376036,8.947434,20.654879,21.888577,12.131005,8.539158,3.2311392,34.645535,8.212427,4.076748,4.7986183,14.008278,6.3121133,31.459827,11.278305,9.522044,8.763744,3.5742288,5.9325137,5.5611024,2.687944,5.4078217,2.5154371,5.9734936,5.2826223,3.6796641,13.338713,29.139906,3.5277739
2020-09-20,24.69891,4.0699162,10.821433,5.579795,5.2622066,5.511243,5.9732604,5.262147,7.188276,4.3183894,5.6946707,5.0794353,4.585682,3.2183182,6.542082,12.292951,3.5557864,4.7120194,6.261835,3.9171698,4.1814666,3.7167659,3.971046,3.2057793,4.6871114,3.738847,5.9663134,6.344786,5.8755803,6.0210347
2020-09-21,0.0,0.0,14.857086,9.169015,8.608372,5.42499,0.0,0.0,7.0993176,2.825396,1.9302226,4.3889055,0.0,4.581621,7.410953,18.575771,0.0,0.0,0.0,2.7261164,7.3765564,0.0,0.0,1.7799821,3.1634421,1.3593726,0.0,0.0,6.1639037,0.0
2020-09-22,0.0,0.0,0.0,2.3995152,0.0,1.6073612,2.883825,0.0,0.0,1.2707535,1.355393,3.928838,0.0,3.7056963,0.0,0.0,0.0,3.8303087,0.0,0.0,10.896211,0.0,0.0,2.2480733,3.570396,2.3882253,0.0,0.0,0.0,0.0
2020-09-23,0.0,0.0,0.0,0.0,0.0,0.0,0.0,0.0,0.0,0.0,0.0,0.0,0.0,0.0,0.0,0.0,0.0,0.0,0.0,0.0,0.0,0.0,0.0,0.0,0.0,0.0,0.0,0.0,0.0,0.0
2020-09-24,32.056408,7.6487026,54.180016,9.013348,5.050139,3.9886146,13.259399,1.4693046,0.0,0.0,0.0,5.4604087,11.880275,0.0,0.0,64.715675,0.0,13.7556095,0.0,0.0,0.0,0.0,2.9911466,8.085395,0.0,6.4259553,0.95289546,18.678642,0.0,0.0
2020-09-25,14.193802,12.701757,31.091423,6.464794,10.882171,6.5804777,22.235601,2.0104885,12.866775,23.834946,3.868941,14.443962,18.67017,15.128964,11.107972,31.59206,9.032434,16.910835,6.2334166,8.872849,36.488598,5.049136,12.482758,6.1965804,9.620838,14.084851,3.9343607,24.081978,11.253911,5.5636635
2020-09-26,0.0,5.347806,6.009573,19.518406,26.296515,11.088819,3.0784051,5.4662743,12.956697,10.923009,5.91086,19.0734,7.095113,12.615024,17.822514,0.0,5.12611,3.4095206,5.968052,11.00223,15.497934,4.7240305,7.2989945,0.95214266,13.8328285,5.161756,7.310164,9.57926,20.470213,5.6892524
2020-09-27,6.2980494,21.863138,6.5708504,11.555895,10.794114,10.935772,11.35664,12.2812,16.555029,12.770387,11.065581,10.034157,19.096436,11.390566,14.543474,0.0,21.994507,17.464815,11.274835,17.15934,13.662558,11.445479,21.940557,11.19477,10.091275,19.495296,16.111395,14.89414,13.139877,13.279238
2020-09-28,7.0928597,26.150496,12.475711,33.16928,34.596004,27.421347,11.386649,24.730194,9.316926,12.585403,25.251902,25.789265,22.619976,13.430798,28.4236,5.2259793,20.012331,16.76145,27.37925,26.411821,10.21942,25.606665,19.753513,9.5283375,24.57268,19.985218,25.605114,15.993739,15.866334,24.082418
2020-09-29,12.99176,20.308958,16.738272,26.172878,25.128126,24.159914,13.672549,22.317835,18.858412,14.021743,25.728245,28.398989,18.931204,18.78628,16.431046,19.588026,18.074745,17.819395,22.695642,23.630606,16.353178,22.216139,17.139338,18.96564,29.911201,17.455414,17.811588,15.105021,16.21418,17.78033
2020-09-30,0.0,12.209078,4.2546515,12.371965,13.909752,10.24366,0.0,16.37358,21.457962,3.9662602,18.758564,9.968891,9.220136,7.76152,20.184313,8.932423,12.014147,5.202472,23.894579,11.056268,5.9791627,12.13764,11.302229,5.249304,10.953459,5.1121907,13.068719,4.487493,19.48594,14.199126
2020-10-01,2.7724714,0.0,7.9878187,8.557659,6.589892,8.341024,0.0,0.0,0.0,0.0,5.349921,3.8926802,0.0,0.0,8.877573,14.422785,0.0,0.0,0.0,0.0,0.0,0.0,0.0,0.0,0.0,0.0,0.0,0.0,6.615372,0.0
2020-10-02,7.304416,11.892282,11.653452,12.496632,8.873277,14.442331,16.84103,11.094099,0.0,5.816359,13.26382,18.145731,0.0,17.369059,3.9262533,0.0,4.367671,11.221454,12.615561,13.397356,9.913496,12.480471,0.0,10.877656,15.436249,10.807044,10.746798,18.251364,0.7760757,11.911533
2020-10-03,0.0,8.1030035,0.0,9.538001,10.915361,9.419954,0.0,7.13144,14.834225,8.193189,4.7056804,11.704974,7.7194657,4.2831964,14.476807,0.0,8.340995,5.46927,10.632323,6.018412,4.6723104,4.187902,7.885584,0.0,4.4981184,5.1521688,8.5162735,8.02881,26.028755,10.265482
2020-10-04,0.0,5.3882318,0.0,11.407794,13.323548,9.830716,0.0,4.3126016,21.324514,0.0,12.49146,7.1420035,0.0,4.6873355,17.07795,0.0,0.0,0.0,0.0,6.79743,0.0,6.1974936,0.0,0.0,7.3028345,0.0,0.0,0.0,36.01807,0.0
2020-10-05,0.0,0.0,0.0,0.0,0.0,0.0,0.0,0.0,0.0,0.0,0.0,0.0,0.0,0.0,0.0,0.0,0.0,0.0,0.0,0.0,0.0,0.0,0.0,0.0,0.0,0.0,0.0,0.0,0.0,0.0
2020-10-06,3.6114035,5.1408916,0.0,8.948349,5.668458,8.317952,5.118875,0.0,0.0,10.567967,0.0,9.886003,11.579678,6.3969536,0.0,0.0,5.3470087,16.344603,0.0,8.591406,4.1748123,3.3004413,0.0,0.0,9.955238,5.589094,0.0,20.517344,0.0,0.0
2020-10-07,0.0,8.443859,0.0,11.205805,9.897882,10.52649,12.901948,12.887458,0.0,13.223506,13.908999,13.316833,17.35544,13.394782,0.0,11.17386,7.1379304,13.504362,13.579121,9.443007,14.5878,9.500305,3.8936286,8.597309,11.786509,9.14696,12.735696,17.574621,0.0,12.539061
2020-10-08,17.282291,10.018379,36.739925,6.886307,8.472013,0.0,30.99781,4.4037333,0.0,20.548887,0.0,15.191166,16.067442,12.573855,0.0,31.86792,10.493531,19.93913,0.0,10.010412,14.356646,7.986372,10.394877,18.736652,10.422961,15.300629,6.634238,29.985653,0.0,0.0
2020-10-09,7.804688,11.116942,11.163611,15.685459,15.555377,14.482355,16.993477,5.7823944,9.414371,19.776289,8.261657,20.88981,15.357939,13.71324,14.027008,0.0,11.797357,19.317291,0.0,12.103369,18.137653,9.499649,9.337773,5.760004,14.002391,9.569934,6.145289,24.055618,13.485331,5.502163
2020-10-10,23.390322,6.3265314,29.62627,23.03949,22.37026,18.138565,20.253252,5.975134,24.606625,9.419852,18.050037,27.075842,13.428561,16.106586,30.040504,37.734306,7.7756877,18.459366,16.03994,7.592907,14.733147,7.315308,11.671303,5.559216,19.881344,6.5198317,14.487097,24.193048,24.512512,15.712171
2020-10-11,29.351366,15.570672,35.120125,33.030525,37.226604,26.366423,28.024035,14.70146,44.390347,19.885717,17.939453,27.03383,19.455608,28.034412,41.675964,39.67502,13.284461,25.957163,20.260708,18.107632,31.6934,16.886473,18.531542,25.246712,27.148241,19.463457,16.613985,32.029865,67.799515,19.368505
2020-10-12,8.076487,14.002671,16.61661,20.811829,16.975636,20.297968,10.455567,9.236525,26.639027,11.297489,17.391954,20.607286,8.540348,14.584203,29.93236,39.36471,6.493493,9.383933,10.329307,16.239534,16.136648,14.052426,5.8051066,9.281354,21.532814,8.587884,7.0847464,10.215559,23.605457,5.9049387
2020-10-13,0.0,0.0,0.0,5.4265347,4.1826944,6.0762143,0.0,2.5440307,8.277171,0.0,5.2197456,5.5950074,0.0,0.0,6.203392,0.0,0.0,3.857539,0.0,0.0,2.2260342,4.3646836,0.0,0.0,5.6701756,0.0,0.0,0.0,11.537048,0.0
2020-10-14,5.8374395,6.284725,20.939308,0.0,7.566059,0.0,10.544139,4.2903795,18.696749,8.499296,5.144414,0.0,6.636999,4.878025,14.585971,43.397457,5.566833,8.658226,4.0072083,0.0,5.560106,6.8982806,5.9390388,5.218548,3.867319,7.7625074,0.0,0.0,15.649685,0.0
2020-10-15,7.2348447,0.0,8.559988,0.0,0.0,0.0,0.0,0.0,0.0,0.0,0.0,0.0,0.0,0.0,0.0,10.128481,0.0,0.0,0.0,0.0,0.0,0.0,0.0,0.0,0.0,0.0,0.0,0.0,5.912756,0.0
2020-10-16,0.0,4.1334434,0.0,4.497293,5.9435086,2.5177047,0.0,4.0032687,5.4003887,0.0,0.0,5.101124,3.708196,5.0055575,2.6210914,0.0,4.42347,2.0371456,0.0,3.9454677,0.0,4.521984,0.0,0.0,2.462275,0.3998509,2.0243235,0.0,3.9664333,0.0
2020-10-17,9.218076,14.392705,18.264334,9.595776,8.43806,8.999615,20.727026,9.331236,8.691613,29.91126,5.4386997,9.408032,24.55171,20.516144,10.965647,14.290989,19.169271,23.866217,10.876494,14.570023,19.841867,10.026698,16.153168,11.261574,11.31821,14.676349,15.05607,25.294703,10.763767,13.29162
2020-10-18,2.3320212,10.92775,9.115479,11.052362,11.669336,10.821291,7.573265,10.412533,14.995625,10.323085,11.85552,14.116058,12.134506,17.331072,14.239145,4.275117,11.478977,9.99856,15.292635,9.220559,17.520182,7.72587,13.09449,5.7142186,10.186691,11.469385,12.876729,10.891429,19.354067,15.448702
2020-10-19,5.6044326,3.2289848,0.0,5.832886,5.834668,7.906878,7.8215866,5.638116,0.0,5.7762456,9.268358,7.8643374,8.956079,5.028072,2.8608475,0.0,4.633586,9.373821,9.347641,3.811725,0.0,4.173899,3.513088,4.56063,7.238744,4.054356,3.5005274,9.805156,3.7417917,5.805349
2020-10-20,2.890583,8.09544,7.389743,8.526254,12.46582,9.718805,14.961474,12.293807,12.643932,15.200207,12.185398,18.78536,15.420556,21.510584,11.081492,0.0,6.9156237,14.936495,17.98428,9.238099,19.191023,12.745232,9.914918,3.3515055,11.058979,9.056626,12.158955,18.194746,13.8806,14.089877
2020-10-21,0.0,11.895443,0.0,17.991215,26.404713,19.844587,3.2781744,18.8977,8.006568,17.324116,20.404295,27.430222,7.198509,19.56019,15.365082,0.0,8.543967,6.305521,20.24083,17.153393,22.89995,14.820805,6.087109,0.0,17.076523,6.0029116,17.53806,6.68084,24.03482,19.414951
2020-10-22,7.4130015,10.314959,12.917672,34.90146,32.764484,24.197393,8.172284,14.996414,25.357534,5.797101,18.585224,28.965866,5.914123,10.558055,43.80082,13.42321,6.6760592,4.152826,16.357515,12.596214,6.5440445,11.844725,9.148051,9.570317,14.535232,5.274625,14.632278,9.4987545,30.26185,14.686525
2020-10-23,0.0,8.013906,0.0,15.489081,19.090708,10.28191,4.6454153,9.649191,0.0,9.31311,11.879402,17.031906,12.274107,5.2393413,10.487901,0.0,5.792324,8.105578,10.3279915,6.0291266,0.0,7.1335263,7.7714367,3.159148,4.7951527,7.6029325,8.703274,13.06623,12.633961,8.487293
2020-10-24,0.0,0.0,0.0,6.4670477,6.977832,5.491559,0.0,0.0,13.621116,0.0,0.0,0.0,0.0,0.0,9.075234,0.0,0.0,0.0,0.0,0.0,0.0,0.0,0.0,0.0,0.0,0.0,0.0,0.0,10.304887,0.0
2020-10-25,2.5847561,7.581869,2.2170312,22.113075,15.805108,22.621473,4.9579263,9.824937,11.128476,10.612834,20.40021,17.159834,9.775311,9.417291,20.595345,4.6897655,5.9031925,9.403637,10.185246,8.82176,19.083529,8.4238205,5.355311,3.9477882,11.467936,5.5067134,5.351159,10.764629,0.0,5.148355
2020-10-26,3.5677595,0.98666,6.7461386,1.2415326,1.3772371,0.43817276,6.308021,0.24141374,0.0,3.3063452,0.0923504,1.5595689,4.2369733,1.472626,0.05124152,4.681157,1.1646793,4.432807,0.5838599,0.810184,0.42644903,0.30358145,1.2084286,2.7096505,1.0358093,2.6221905,0.47665262,6.101052,0.043055955,0.5904072
2020-10-27,4.298856,0.2922127,10.470154,0.60392785,1.136499,0.17120521,8.65861,0.1075998,1.1229959,4.8743067,0.04528459,1.2542307,4.637003,1.0455818,0.8305243,9.324783,0.30743468,4.6927233,0.32752994,0.41174376,0.20145419,0.039699957,0.39264673,1.3843015,0.5169666,1.0641747,0.2025393,9.2131195,1.4370887,0.3316056
2020-10-28,16.111876,3.1119165,13.756253,3.7086225,6.5885434,1.3279616,17.267061,0.781857,9.25187,2.9858298,0.24182475,1.4319581,11.47484,1.1382335,7.936899,13.886091,2.2142956,13.267183,3.0921824,0.17347105,0.069379434,0.19728753,6.0549345,18.527016,0.27218157,15.071317,2.883304,10.2866125,9.8814335,3.1253483
2020-10-29,4.899909,1.1696719,8.428224,2.1889167,4.235612,1.2598753,7.6276855,0.9995865,5.5579166,2.5577254,0.483898,0.96303755,4.5791287,0.8990319,4.8852415,7.611412,1.1384974,5.3472986,3.4424014,0.12959445,0.1129583,0.21085775,2.2011938,6.2223396,0.17023188,4.420612,2.0608552,6.945546,6.3412547,3.417128
2020-10-30,9.016504,1.1768864,12.247852,1.3893337,1.6807561,1.2739401,11.911413,1.1022846,2.7510228,2.6281328,0.555394,0.5261208,5.89297,1.1202737,3.4525127,8.186214,1.2795688,8.150057,2.9562006,0.16632648,0.15370569,0.25623366,1.8149952,5.5424557,0.18915498,4.6475415,1.7841032,9.8155775,2.4972062,2.975922
2020-10-31,1.4319478,0.0002586068,3.1926126,0.0038455736,0.13268502,5.2935204e-05,2.7368996,1.110496e-06,7.6748385e-08,0.93111527,1.8973002e-05,1.026768,0.93019533,0.10659049,3.6340243e-05,1.8963994,0.0075283702,1.4656607,0.09432127,0.005586359,0.05817923,3.3963006e-05,0.06191326,0.5742635,0.06999391,0.27869278,0.061010752,2.574069,1.2537476e-08,0.07796304
2020-11-01,1.7481456,0.0,0.0,0.0,0.0,0.0,0.0,0.0,0.0,7.327878,0.0,0.0,7.2159505,3.8435354,0.0,0.0,0.0,0.0,0.0,0.0,5.44872,0.0,0.0,0.0,0.0,0.0,0.0,5.155413,0.0,0.0
2020-11-02,0.0,0.0,0.0,0.0,0.0,0.0,0.0,0.0,0.0,11.421889,0.0,0.0,3.8216822,5.3285894,0.0,0.0,0.0,0.0,0.0,0.0,16.695154,0.0,0.0,0.0,0.0,0.0,0.0,3.1675756,0.0,0.0
2020-11-03,0.0,0.0,3.2269258,7.016012,0.0,0.0,4.066889,0.0,0.0,9.368468,0.0,0.0,0.0,6.984548,0.0,3.451817,0.0,3.6884966,0.0,0.0,9.4799795,0.0,0.0,3.2499535,0.0,3.3083782,0.0,4.3150554,0.0,0.0
2020-11-04,8.056956,9.876829,10.282622,0.0,12.566828,17.925236,11.579268,10.470505,34.961826,14.407148,15.82483,0.0,14.704456,10.972397,23.548473,8.296587,10.392116,12.706778,15.566908,7.8601155,13.97421,12.732104,11.652821,8.125433,12.14554,11.472388,8.37048,17.014044,32.5389,12.798726
2020-11-05,8.424661,17.324436,8.088281,17.070923,17.935474,18.42774,9.283813,19.125534,0.0,14.1567335,19.625648,14.357758,16.59426,14.618909,13.638188,6.9146166,18.478022,9.428112,25.28841,16.60232,18.867138,15.66922,13.386881,11.3702545,17.268,12.061059,26.439774,10.422563,9.735614,27.228397
2020-11-06,20.066898,15.848396,22.181211,7.0371876,6.185096,0.0,19.032433,11.124956,0.0,14.488903,10.177689,4.4007354,21.936218,12.553124,0.0,22.705261,15.944525,19.417912,20.60735,8.110871,2.1673255,7.6901817,20.956867,16.994312,7.524767,15.6725235,18.011562,19.656158,4.338561,20.532408
2020-11-07,6.2592163,5.898028,6.4587483,0.0,0.0,3.5042875,0.0,0.0,8.673368,11.189748,0.0,2.4986556,0.0,3.3146124,0.0,7.2403646,5.838911,0.0,0.0,5.754419,0.0,5.468461,0.0,0.0,4.3001103,0.0,0.0,0.0,20.806438,0.0
2020-11-08,7.1860147,5.9917617,8.688356,0.0,0.0,2.7531245,8.614451,0.0,0.0,17.44974,11.411875,0.0,10.797813,10.722945,0.0,14.790075,5.3578258,9.678461,18.369865,0.0,0.0,0.0,13.1802845,16.160332,0.0,13.990752,10.562819,12.271095,0.0,18.369865
2020-11-09,3.760544,0.0,0.0,0.0,0.0,0.0,0.0,0.0,0.0,0.0,0.0,0.0,0.0,0.0,0.0,0.0,0.0,0.0,0.0,0.0,0.0,0.0,0.0,5.1569295,0.0,0.0,0.0,0.0,0.0,0.0
2020-11-10,2.703077,6.615072,0.0,13.2396965,5.4201713,17.737827,3.6976347,12.71627,0.0,0.0,22.517458,0.0,4.802036,5.81282,6.488629,0.0,5.275525,3.9610336,32.18569,7.581432,0.0,5.125162,10.549069,7.364777,4.980976,5.245228,12.981281,0.0,0.0,22.475023
2020-11-11,12.832823,5.907323,10.983719,0.0,3.7880943,11.52814,5.053812,26.481009,16.970953,0.0,39.327892,5.270253,0.0,0.0,17.620295,9.667915,4.0033846,4.192679,60.379036,4.562973,0.0,7.0848875,10.348276,8.596767,6.9017143,6.9875536,35.461998,4.9379992,23.518827,42.628185
2020-11-12,29.276728,12.896945,24.804396,29.525787,28.413452,25.481174,24.893345,17.331749,83.33268,8.681337,24.160086,11.408738,7.8866696,4.1936746,72.07147,25.858002,4.911632,11.375376,27.758942,10.509272,0.0,9.491409,16.229399,27.647669,14.420971,18.913147,22.015953,12.514535,73.24622,28.217056
2020-11-13,34.50879,15.938337,32.5284,52.07465,37.8846,54.20141,20.207245,46.500965,43.67529,13.600294,58.50334,10.051162,13.810275,13.01898,64.703705,33.929695,15.328453,13.443084,61.350426,16.109337,18.61914,14.230724,25.238707,34.689747,14.1839485,24.62025,41.39628,11.30163,38.12637,54.836906
2020-11-14,0.0,7.548494,8.132271,12.19369,8.887887,13.914995,0.0,20.515524,21.837645,6.139897,21.205925,0.0,0.0,0.0,29.009907,6.629928,0.0,0.0,25.238623,0.0,0.0,9.16743,9.805241,14.472695,0.0,10.734281,21.687092,4.8999534,17.424475,21.103361
2020-11-15,26.335644,21.25888,23.760908,66.216995,58.443596,68.93301,15.5831,48.449146,103.79174,19.434025,66.33034,21.954285,13.951996,13.577445,95.69526,25.851513,10.11674,7.5654387,48.380253,14.3256855,20.46808,29.40237,16.79407,22.77415,22.193274,11.2513485,42.933556,10.431495,92.32599,42.138714
2020-11-16,48.876717,47.4641,55.07865,85.533676,66.99548,87.78561,50.181335,81.70149,140.1006,59.1602,91.816216,53.56503,48.625023,45.00212,123.665375,54.077854,36.406605,48.04716,102.38012,46.86429,85.9882,46.722206,31.332321,24.610783,48.22284,25.929104,72.0921,64.166824,124.3673,76.43879
2020-11-17,37.921745,42.42862,42.559875,15.446604,11.655111,25.489727,41.925037,37.71118,0.0,39.13711,26.4748,17.57003,51.95567,35.51651,15.455657,27.828892,42.32021,54.05387,59.124737,32.71615,22.390118,32.977093,42.87158,41.3223,31.052986,45.767124,52.991257,45.43083,2.0013363,62.51836
2020-11-18,25.403215,12.258278,30.421497,0.0,0.0,0.0,18.339645,0.0,0.0,13.631129,0.0,0.0,14.082654,10.981543,0.0,23.022,12.135534,12.729726,0.0,0.0,11.351419,5.2776594,10.089751,15.659503,0.0,8.4726305,0.0,25.820015,0.0,0.0
2020-11-19,8.268875,8.931308,14.800586,16.092903,0.0,12.150783,13.221499,13.416539,0.0,12.639002,10.888654,0.0,10.41592,9.775089,18.762962,6.16203,11.947641,10.719885,0.0,0.0,0.0,11.822946,7.0919933,7.0108514,0.0,6.9358554,0.0,11.8560915,0.0,0.0
2020-11-20,14.467251,0.0,14.226632,0.0,0.0,0.0,9.557695,0.0,0.0,0.0,0.0,0.0,0.0,0.0,0.0,7.9074388,0.0,6.088055,0.0,0.0,0.0,0.0,7.1631103,10.865693,0.0,6.26466,0.0,11.653455,0.0,0.0
2020-11-21,0.0,0.0,0.0,0.0,0.0,0.0,0.0,0.0,0.0,0.0,0.0,0.0,0.0,0.0,0.0,0.0,0.0,0.0,0.0,0.0,0.0,0.0,0.0,0.0,0.0,0.0,0.0,0.0,0.0,0.0
2020-11-22,4.875106,6.7657204,0.0,8.167648,7.4865866,10.318846,5.987103,7.732284,14.91804,24.80715,11.861226,7.7578616,9.831236,13.108671,15.738086,0.0,11.252141,4.237712,20.160788,10.938992,28.833385,6.7126493,9.008617,3.4669929,8.971817,4.0075274,9.458315,8.252093,15.838614,19.974983
2020-11-23,3.6922874,7.5080137,0.0,13.722651,9.757902,18.520779,7.792551,20.731005,24.56862,28.912113,28.203876,7.1065955,15.2487545,19.727873,20.402094,4.6963973,10.217751,9.686694,26.630457,7.9281187,44.92556,8.125471,6.5840907,9.372903,7.98236,8.256177,17.841816,15.313106,18.221893,22.180794
2020-11-24,17.841555,12.95736,16.502691,34.733955,24.898611,47.040268,23.35904,44.406876,44.972496,26.554422,50.197666,4.5320354,27.022951,10.493872,48.86999,6.953659,5.8423495,24.540638,49.777164,5.031813,21.666376,20.740608,24.218386,18.01871,12.166103,12.499038,38.25587,27.66072,40.42726,38.264137
2020-11-25,18.35696,30.046774,16.718105,55.595158,45.431046,69.47299,28.180075,55.244045,86.92743,41.3793,66.94315,35.593136,44.07686,40.0606,70.06534,0.0,38.318275,40.74989,63.411606,31.776459,21.221834,38.24285,30.157667,23.437414,37.96497,25.424809,44.351986,40.073814,79.37495,44.027447
2020-11-26,1.1224877,34.68669,5.987189,99.20225,77.757164,84.02322,13.248281,36.2719,142.08174,24.847088,46.751457,40.411526,33.063404,21.786016,123.22845,0.0,24.223824,33.516502,54.05724,30.610682,10.896604,29.18479,52.363743,21.659235,39.05161,36.02652,56.58669,26.949871,130.12169,57.541416
2020-11-27,0.0,0.0,0.0,0.0,0.0,0.0,10.491159,0.0,0.0,13.792497,0.0,0.0,16.553312,7.174997,0.0,0.0,0.0,12.8446665,0.0,5.677768,0.0,0.0,0.0,0.0,0.0,0.0,0.0,18.444601,0.0,0.0
2020-11-28,0.0,6.9592047,0.0,0.0,0.0,0.0,0.0,0.0,0.0,0.0,0.0,0.0,5.486445,5.2610865,0.0,7.7894135,10.523207,3.0897224,0.0,5.977028,7.197873,0.0,0.0,0.0,6.0472,0.0,0.0,0.0,0.0,0.0
2020-11-29,0.0,8.6446085,0.0,0.0,0.0,9.641611,0.0,26.836807,0.0,9.407102,25.288479,0.0,6.4276156,0.0,0.0,0.0,0.4839051,8.628356,0.0,0.0,0.0,12.871797,12.419909,8.933899,0.0,10.082562,12.712004,0.0,0.0,0.0
2020-11-30,2.4819534,0.0,0.0,0.0,0.0,0.0,0.0,36.536232,0.0,0.0,53.9759,0.0,0.0,0.0,0.0,0.0,0.0,0.0,58.308083,0.0,0.0,0.0,0.0,4.012106,4.9944806,0.0,26.27203,0.0,0.0,18.663637
2020-12-01,5.248304,4.589014,5.611142,13.223438,11.096921,18.910778,4.854878,8.677154,39.708168,7.5625443,9.06585,5.0613427,4.7597566,5.5156636,35.587463,4.205858,2.9763021,3.9582117,15.464745,3.9007335,16.13047,4.7098145,7.385837,12.906204,4.7347317,9.328477,11.356331,6.1938114,20.128021,11.567807
2020-12-02,33.124466,29.230589,26.544275,71.36972,72.78288,63.276005,31.348448,54.38684,134.83101,24.821869,59.083065,27.831722,26.845001,15.156926,96.3574,18.353325,22.964869,27.111353,80.3849,23.404402,18.813488,32.875202,51.48565,56.088757,28.845325,43.15991,55.356777,28.023066,110.27012,77.096535
2020-12-03,29.521524,37.601566,25.945261,55.244583,44.06505,63.74076,31.52576,60.299717,101.23559,42.26065,72.48217,44.986008,39.772087,38.611958,78.46191,16.61305,27.781355,35.328213,80.337906,39.259544,65.16339,42.94135,55.10187,51.373405,46.828014,43.751736,60.138832,37.85877,81.85103,80.337906
2020-12-04,26.208618,29.613688,30.307146,64.55586,54.27261,66.147354,25.775011,54.931614,81.597145,17.791637,62.9132,27.173191,23.900246,19.846737,85.2566,29.742226,23.486917,25.610237,72.13071,27.350243,11.237817,38.3083,42.90471,42.731346,29.068563,36.003914,58.159184,25.05601,73.51469,69.15665
2020-12-05,19.725294,16.90619,20.304277,36.50415,26.94018,41.961773,17.745436,45.51357,52.8395,4.80062,48.990135,5.8873563,12.374038,3.7635522,52.018734,17.795443,11.761321,15.90104,76.20379,11.125498,0.0,19.614498,35.841156,31.930948,9.848053,27.000896,50.229904,5.608326,36.86648,74.486595
2020-12-06,37.64196,35.83577,28.63661,11.586702,0.0,50.665806,36.624195,80.6332,0.0,31.861423,89.07735,0.0,34.48169,19.76901,0.0,16.925482,28.320383,38.121254,118.76366,13.919674,29.372387,41.63626,54.891155,54.443165,11.434466,50.905754,90.74414,37.788525,0.0,118.20409
2020-12-07,10.881545,34.468464,10.3792095,37.744522,32.910526,33.51449,18.593056,65.18584,34.717537,30.295248,55.344112,10.613881,31.521748,25.556316,38.837852,6.5410056,8.764051,15.533259,71.61717,22.359081,20.487804,58.412506,39.561684,31.762163,25.919998,24.041245,56.070007,25.653936,28.636381,68.800354
2020-12-08,6.0824738,14.454113,9.403178,38.237206,11.028512,21.41522,12.188282,7.362894,0.0,28.078367,15.961289,0.0,18.465376,13.80023,38.171337,9.356702,12.882641,14.977595,0.0,13.158838,44.29879,19.944637,12.759931,15.948553,13.566568,15.052415,10.404226,15.717688,1.0464541,0.0
2020-12-09,0.0,0.0,0.0,0.0,0.0,0.0,0.0,0.0,0.0,0.0,16.245262,0.0,0.0,0.0,0.0,0.0,0.0,0.0,0.0,0.0,0.0,0.0,0.0,0.0,0.0,0.0,0.0,0.0,0.0,0.0
2020-12-10,0.0,0.0,0.0,0.0,0.0,0.0,0.0,0.0,0.0,0.0,0.0,0.0,0.0,0.0,0.0,0.0,0.0,0.0,0.0,0.0,0.0,0.0,0.0,0.0,0.0,0.0,0.0,0.0,0.0,0.0
2020-12-11,0.0,0.0,0.0,0.0,0.0,0.0,0.0,0.0,0.0,0.0,0.0,0.0,0.0,0.0,0.0,0.0,0.0,0.0,0.0,0.0,0.0,0.0,0.0,0.0,0.0,0.0,0.0,0.0,0.0,0.0
2020-12-12,0.0,0.0,0.0,0.0,0.0,0.0,0.0,0.0,0.0,0.0,0.0,0.0,0.0,0.0,0.0,0.0,0.0,0.0,0.0,0.0,0.0,0.0,0.0,0.0,0.0,0.0,0.0,0.0,0.0,0.0
2020-12-13,0.0,0.0,0.0,0.0,0.0,0.0,0.0,0.0,0.0,0.0,0.0,0.0,0.0,0.0,0.0,0.0,0.0,0.0,0.0,0.0,0.0,0.0,0.0,0.0,0.0,0.0,0.0,0.0,0.0,0.0
2020-12-14,0.0,0.0,0.0,0.0,0.0,0.0,0.0,0.0,0.0,0.0,0.0,0.0,0.0,0.0,0.0,0.0,0.0,0.0,0.0,0.0,0.0,0.0,0.0,0.0,0.0,0.0,0.0,0.0,0.0,0.0
2020-12-15,11.707722,11.624677,16.72251,12.286233,0.0,21.466145,14.493011,21.826767,0.0,0.0,25.42178,0.0,9.575302,0.0,21.04848,17.72106,6.239987,13.099293,35.76654,3.7758784,0.0,11.254585,25.866844,24.08435,4.9469976,20.438932,24.973923,2.7609186,0.0,33.80325
2020-12-16,5.078449,21.884554,10.043165,78.25974,61.54533,66.105644,11.322086,46.83791,108.93588,2.4749916,59.741123,23.886528,16.228786,7.4113913,92.09236,10.55354,16.30361,15.632063,50.29065,20.821568,0.0,40.29191,27.290327,19.958115,31.566689,19.644516,38.975357,12.081663,86.17272,44.264484
2020-12-17,11.313023,43.70647,13.5216,40.530117,37.26792,42.047466,10.035727,49.075882,32.465622,16.271955,49.178112,42.477463,24.264467,15.019186,64.113045,13.840358,29.116499,25.425034,87.45181,43.570282,0.0,48.474827,44.086742,29.19032,50.1784,30.010998,64.560425,14.900996,59.997196,86.90765
2020-12-18,11.70396,28.256836,15.149536,21.091206,21.330778,23.520567,15.158426,49.075882,0.0,0.0,43.78545,7.3052936,0.0,0.0,18.779957,13.840358,7.2713313,17.559978,81.51381,5.9688063,0.0,30.059519,41.643963,46.43338,10.053225,40.82844,46.459785,7.6079154,19.576464,68.657684
2020-12-19,2.4732172,19.386204,3.9271328,7.4256167,0.0,7.8599653,7.614078,13.936781,23.588835,21.048508,10.952539,0.0,21.929108,13.152649,18.594269,4.799412,16.437569,18.12038,22.983768,8.82621,19.580893,12.5357065,24.55761,18.064228,6.4287586,16.328468,29.379305,14.25199,14.6287985,27.807695
2020-12-20,0.0,0.0,0.0,0.0,0.0,0.0,2.8936706,0.0,0.0,0.0,0.0,0.0,0.0,0.0,0.0,0.0,0.0,0.0,0.0,0.0,0.0,0.0,0.0,0.0,0.0,0.0,0.0,0.0,0.0,0.0
2020-12-21,0.0,0.0,0.0,0.0,0.0,0.0,0.0,0.0,0.0,0.0,0.0,0.0,0.0,0.0,0.0,0.0,0.0,0.0,2.5171912,0.0,0.0,0.0,3.613502,0.0,0.0,0.0,3.2639313,0.0,0.0,2.875058
2020-12-22,0.0,4.4305406,0.0,5.643834,0.0,8.345345,1.7637912,8.261772,0.0,0.0,9.239936,0.0,0.0,0.0,0.0,0.0,1.1159623,2.768181,9.97667,3.378082,0.0,8.517627,6.6645193,7.6076274,4.4333806,3.3569007,8.372978,1.2413708,0.0,9.749968
2020-12-23,0.0,0.0,0.0,0.0,0.0,0.0,0.0,0.0,0.0,0.0,0.0,0.0,0.0,0.0,0.0,3.698119,0.0,0.0,0.0,0.0,0.0,0.0,0.0,0.0,0.0,0.0,0.0,0.0,0.0,0.0
2020-12-24,0.0,0.0,0.0,0.0,0.0,0.0,0.0,0.0,0.0,0.0,0.0,0.0,0.0,0.0,0.0,0.0,0.0,0.0,0.0,0.0,0.0,0.0,0.0,0.0,0.0,0.0,0.0,0.0,0.0,0.0
2020-12-25,0.0,0.0,0.0,0.0,0.0,0.0,0.0,0.0,0.0,0.0,0.0,0.0,0.0,0.0,0.0,0.0,0.0,0.0,0.0,0.0,0.0,0.0,0.0,0.0,0.0,0.0,0.0,0.0,0.0,0.0
2020-12-26,0.0,0.0,0.0,0.0,0.0,0.0,0.0,0.0,0.0,0.0,0.0,0.0,0.0,0.0,0.0,0.0,0.0,0.0,0.0,0.0,0.0,0.0,0.0,0.0,0.0,0.0,0.0,0.0,0.0,0.0
2020-12-27,0.0,6.7864447,0.0,0.0,0.0,0.0,7.4983506,0.0,0.0,0.0,9.328995,10.472941,0.0,0.0,0.0,0.0,0.0,0.0,34.03347,0.0,0.0,10.908441,0.0,18.014084,9.748489,7.616858,0.0,0.0,0.0,10.388861
2020-12-28,0.0,0.0,0.0,0.0,0.0,0.0,0.0,0.0,0.0,0.0,0.0,0.0,0.0,0.0,0.0,0.0,0.0,0.0,22.648481,0.0,0.0,0.0,0.0,0.0,0.0,0.0,6.14961,0.0,0.0,25.327127
2020-12-29,0.0,0.0,0.0,0.0,0.0,0.0,0.0,0.0,0.0,0.0,21.038975,0.0,0.0,0.0,0.0,0.0,0.0,0.0,48.254307,0.0,0.0,0.0,0.0,6.7693043,0.0,0.0,22.493908,0.0,0.0,46.51906
2020-12-30,0.0,0.0,0.0,0.0,0.0,18.673872,0.0,0.0,0.0,0.0,14.580161,0.0,0.0,0.0,30.33384,0.0,0.0,0.0,31.403046,0.0,0.0,0.0,0.0,9.505047,0.0,0.0,0.0,0.0,0.0,25.653894
2020-12-31,15.680605,0.0,16.63146,0.0,0.0,2.2383695,14.502043,26.32087,0.0,19.403927,18.410215,0.0,0.0,0.0,0.0,20.637093,0.0,7.8699255,21.82337,0.0,0.0,0.0,11.605158,22.693563,0.0,17.380207,15.930531,2.18861,0.0,0.0
2022-01-01,6.4543667,10.9654,13.225113,14.099778,15.642207,15.952131,11.703517,13.379135,21.480297,18.289871,15.856701,10.521459,16.86479,12.644949,19.927467,5.7502074,8.738259,10.470021,44.573936,10.452333,21.172966,13.123433,10.086564,9.81555,11.373235,9.7100525,14.674215,16.50482,18.301489,40.968792
2022-01-02,5.57124,0.0,5.7912235,0.0,3.8036025,0.0,4.993738,0.0,5.0366745,0.0,0.0,0.0,0.0,0.0,4.778314,2.9614832,0.0,3.2871082,4.4035273,0.0,0.0,0.0,0.0,6.837072,0.0,6.4406314,0.0,0.0,4.6298156,4.1042895
2022-01-03,0.0,0.0,0.0,0.0,0.0,0.0,0.0,0.0,0.0,0.0,0.0,0.0,0.0,0.0,0.0,0.0,0.0,0.0,0.0,0.0,0.0,0.0,0.0,0.0,0.0,0.0,0.0,0.0,0.0,0.0
2022-01-04,0.0,0.0,0.0,0.0,0.0,0.0,0.0,0.0,0.0,0.0,0.0,0.0,0.0,0.0,0.0,0.0,0.0,0.0,0.0,0.0,0.0,0.0,0.0,0.0,0.0,0.0,0.0,0.0,0.0,0.0
2022-01-05,0.0,0.0,0.0,0.0,0.0,0.0,0.0,0.0,0.0,0.0,0.0,0.0,0.0,0.0,0.0,0.0,0.0,0.0,0.0,0.0,0.0,0.0,0.0,0.0,0.0,0.0,0.0,0.0,0.0,0.0
2022-01-06,0.0,0.0,0.0,0.0,0.0,0.0,4.3143907,0.0,0.0,7.4209266,0.0,0.0,6.97599,0.0,0.0,0.0,0.0,0.0,0.0,0.0,0.0,0.0,0.0,0.0,0.0,0.0,0.0,7.6382394,0.0,0.0
2022-01-07,0.0,2.7100086,0.0,0.0,4.4246087,0.0,4.3466425,0.0,8.091179,5.010477,0.0,1.4023045,4.436842,4.0909905,6.375946,0.0,0.0,5.4561453,4.36478,0.0,0.0,0.0,2.8465276,0.0,0.0,3.5121174,0.0,5.156035,5.51673,3.8294058
2022-01-08,0.0,7.4655914,0.0,9.315868,9.969924,8.198158,0.0,0.0,7.2309613,5.2231855,0.0,8.8237505,5.5845876,6.9648986,7.326876,0.0,6.3436365,0.0,0.0,9.651449,6.383466,6.424562,0.0,0.0,9.40741,0.0,0.0,1.0369984,13.108394,0.0
2022-01-09,0.0,0.0,0.0,0.0,0.0,0.0,0.0,0.0,0.0,0.0,0.0,0.0,0.0,0.0,0.0,0.0,0.0,0.0,0.0,0.0,7.4758196,0.0,0.0,0.0,0.0,0.0,0.0,0.0,0.0,0.0
2022-01-10,0.0,5.9807506,0.0,6.9455614,0.0,9.806107,0.0,8.131627,0.0,0.0,9.658502,0.0,0.0,0.0,7.0934744,0.0,0.0,0.0,7.873692,0.0,0.0,8.045186,7.8828053,7.235446,0.0,6.5504045,7.6763215,0.0,0.0,7.7519574
2022-01-11,0.0,0.0,0.0,0.0,0.0,6.17446,0.0,4.3678784,0.0,0.0,5.771612,0.0,0.0,0.0,0.0,0.0,0.0,0.0,10.895947,0.0,0.0,5.111449,0.0,0.0,0.0,0.0,5.5258255,0.0,0.0,9.050166
2022-01-12,0.0,0.0,0.0,0.0,0.0,0.0,0.0,0.0,0.0,0.0,0.0,0.0,0.0,0.0,0.0,0.0,0.0,0.0,3.9122932,0.0,0.0,0.0,0.0,0.0,0.0,0.0,0.0,0.0,0.0,0.0
2022-01-13,0.0,0.0,0.0,0.0,0.0,0.0,0.0,0.0,0.0,0.0,0.0,0.0,0.0,0.0,0.0,0.0,0.0,0.0,0.0,0.0,0.0,0.0,0.0,0.0,0.0,0.0,0.0,0.0,3.9521995,0.0
2022-01-14,0.0,0.0,0.0,0.0,0.0,0.0,0.0,0.0,0.0,0.0,0.0,0.0,0.0,0.0,0.0,0.0,0.0,0.0,0.0,0.0,0.0,0.0,0.0,0.0,0.0,0.0,0.0,0.0,4.5215335,0.0
2022-01-15,0.0,0.0,5.7296987,0.0,0.0,0.0,0.0,0.0,0.0,6.2350664,0.0,0.0,0.0,0.0,0.0,0.0,0.0,0.0,0.0,0.0,6.7805696,0.0,0.0,0.0,0.0,0.0,0.0,5.2385244,0.0,0.0
2022-01-16,5.2866783,5.1153617,6.0139174,9.641041,9.015051,12.040087,5.568117,0.0,8.421216,9.077295,8.286712,7.897226,5.987308,9.278209,5.1989245,4.637252,0.0,4.368571,0.0,4.964697,10.427706,6.561585,0.0,6.644731,8.986986,0.0,0.0,6.3737636,9.547189,0.0
2022-01-17,0.0,10.255289,0.0,4.5079336,0.0,11.934221,0.0,8.577325,5.1819334,4.999416,11.169059,0.0,7.2532125,0.0,4.2417545,0.0,6.444682,6.4699388,14.965347,9.755947,2.3079958,11.443597,9.383059,8.912259,9.746782,8.954604,9.407006,5.861426,0.0,12.969272
2022-01-18,0.0,0.0,0.0,0.0,0.0,0.0,0.0,0.0,0.0,0.0,0.0,0.0,0.0,0.0,0.0,0.0,0.0,0.0,0.0,0.0,0.0,0.0,0.0,0.0,0.0,0.0,0.0,0.0,0.0,0.0
2022-01-19,0.0,0.0,0.0,0.0,0.0,0.0,0.0,0.0,0.0,0.0,0.0,0.0,0.0,0.0,0.0,0.0,0.0,0.0,0.0,0.0,0.0,0.0,0.0,0.0,0.0,0.0,0.0,0.0,0.0,0.0
2022-01-20,0.0,0.0,0.0,0.0,0.0,0.0,0.0,0.0,0.0,0.0,0.0,0.0,0.0,0.0,0.0,0.0,0.0,0.0,0.0,0.0,0.0,0.0,0.0,0.0,0.0,0.0,0.0,0.0,0.0,0.0
2022-01-21,0.0,0.0,0.0,0.0,0.0,0.0,0.0,0.0,0.0,0.0,0.0,0.0,0.0,0.0,0.0,0.0,0.0,0.0,0.0,0.0,6.3885026,0.0,0.0,0.0,0.0,0.0,0.0,0.0,0.0,0.0
2022-01-22,0.0,0.0,0.0,0.0,0.0,0.0,0.0,0.0,0.0,0.0,0.0,0.0,0.0,0.0,0.0,4.826249,0.0,0.0,0.0,0.0,0.0,0.0,0.0,0.0,0.0,0.0,0.0,0.0,0.0,0.0
2022-01-23,0.0,0.0,0.0,0.0,0.0,0.0,0.0,0.0,0.0,0.0,0.0,0.0,0.0,0.0,0.0,0.0,0.0,0.0,0.0,0.0,0.0,0.0,0.0,0.0,0.0,0.0,0.0,0.0,0.0,0.0
2022-01-24,0.0,8.899718,0.0,6.2931166,0.0,11.959606,0.0,7.370583,5.4549994,0.0,10.993598,5.5815215,0.0,4.9504356,4.5030313,0.0,0.0,0.0,17.15719,8.206087,0.0,10.505379,6.710242,0.0,9.455885,4.944589,8.860903,0.0,0.0,14.42717
2022-01-25,0.0,0.0,0.0,6.349621,5.8008204,7.515196,0.0,0.0,0.0,5.778525,0.0,5.408897,5.5922465,5.51888,0.0,0.0,0.0,4.3315477,0.0,0.0,5.94491,0.0,5.218207,8.302699,5.9500914,7.326675,0.0,5.257843,4.3724446,0.0
2022-01-26,0.0,0.0,0.0,0.0,0.0,0.0,0.0,0.0,0.0,0.0,0.0,0.0,0.0,0.0,0.0,0.0,0.0,0.0,0.0,0.0,0.0,0.0,0.0,0.0,0.0,0.0,0.0,0.0,4.8365164,0.0
2022-01-27,0.0,0.0,0.0,4.8325663,4.5908804,0.0,0.0,0.0,0.0,6.4868283,0.0,4.4876494,0.0,4.473425,0.0,0.0,0.0,0.0,0.0,0.0,9.35538,0.0,0.0,0.0,0.0,0.0,0.0,0.0,0.0,0.0
2022-01-28,0.0,0.0,0.0,0.0,0.0,0.0,0.0,0.0,0.0,0.0,0.0,0.0,0.0,0.0,0.0,0.0,0.0,0.0,0.0,0.0,0.0,0.0,0.0,0.0,0.0,0.0,0.0,0.0,0.0,0.0
2022-01-29,0.0,4.9187307,0.0,0.0,0.0,7.4689126,4.554691,5.2594967,0.0,0.0,7.373221,0.0,0.0,0.0,0.0,0.0,0.0,0.0,13.067276,0.0,0.0,6.1706333,7.4960427,8.967747,5.14719,8.0231085,6.9818487,0.0,0.0,9.696317
2022-01-30,0.0,5.574204,7.4274955,0.0,0.0,1.4227,5.5752277,0.0,0.0,4.391973,0.0,0.0,5.9722123,0.0,0.0,7.324237,0.0,5.548218,5.7424483,5.744524,5.521325,5.680448,0.0,4.936939,5.48475,4.8946342,0.0,5.9935427,0.0,4.352524
2022-01-31,5.060449,0.0,6.2311115,0.0,0.0,0.0,0.0,0.0,0.0,0.0,0.0,0.0,0.0,0.0,0.0,7.0722647,0.0,0.0,0.0,0.0,0.0,0.0,0.0,0.0,0.0,0.0,0.0,0.0,0.0,0.0
2022-02-01,0.0,0.0,0.0,2.7260513,3.8941069,0.4312219,0.0,0.0,0.0,0.0,0.0,4.3146696,0.0,0.0,0.0,0.0,0.0,0.0,0.0,0.0,0.0,0.0,0.0,0.0,4.0645003,0.0,0.0,0.0,0.0,0.0
2022-02-02,0.0,0.0,0.0,0.0,0.0,0.0,0.0,0.0,0.0,0.0,0.0,0.0,0.0,0.0,0.0,0.0,0.0,0.0,0.0,0.0,0.0,0.0,0.0,0.0,0.0,0.0,0.0,0.0,0.0,0.0
2022-02-03,0.0,0.0,0.0,0.0,0.0,0.0,0.0,0.0,0.0,2.822707,0.0,0.0,0.0,0.0,0.0,0.0,0.0,0.0,0.0,0.0,0.0,0.0,0.0,0.0,0.0,0.0,0.0,0.4596695,0.0,0.0
2022-02-04,0.0,0.0,0.0,0.0,0.0,0.0,0.0,0.0,0.0,0.0,0.0,0.0,0.0,0.0,0.0,0.0,0.0,0.0,0.0,0.0,0.0,0.0,0.0,0.0,0.0,0.0,0.0,0.0,0.0,0.0
2022-02-05,0.0,0.0,0.0,4.0023375,3.707731,3.2256076,0.0,0.0,2.1217883,0.0,2.0647411,0.0,0.0,0.0,2.9509172,0.0,0.0,0.0,0.0,0.0,3.3959937,0.0,0.0,0.0,0.0,0.0,0.0,0.0,1.7399827,0.0
2022-02-06,0.0,0.0,0.0,4.1076956,0.0,0.0,0.0,0.0,0.0,0.0,0.0,8.317176,0.0,8.77783,0.0,0.0,0.0,0.0,0.0,0.0,0.0,0.0,0.0,0.0,9.307501,0.0,0.0,0.0,0.0,0.0
2022-02-07,1.5312765,6.2766185,3.2860973,0.0,3.0634832,8.096122,5.76892,7.146678,0.0,10.438574,12.597685,2.893984,7.520287,6.2769547,0.0,0.0,3.5195737,7.9387326,8.121485,4.000735,15.498891,9.989022,3.6742117,4.7827077,6.4714537,1.6762507,3.725856,8.966523,0.0,5.0703416
2022-02-08,0.0,19.341568,2.549995,11.607262,2.8466165,18.019981,1.5765579,13.723669,0.0,1.9002272,20.669188,11.3568535,16.285025,8.420448,0.0,0.0,9.272963,8.771904,12.116864,20.853474,0.0,24.447004,8.497942,4.412076,24.168121,7.1135015,7.6473365,14.851346,0.0,6.3949285
2022-02-09,5.386854,0.0,5.9874463,0.0,3.4236605,0.0,0.0,0.0,0.0,0.0,0.0,0.0,0.0,0.0,7.852201,2.449204,3.237041,0.0,0.0,3.5596623,0.0,0.0,0.0,0.0,2.0187368,0.0,0.0,0.0,8.410915,0.0
2022-02-10,4.4660215,3.6292357,2.5558279,8.545383,3.9631195,11.241106,2.6929734,10.072836,4.000591,2.9827158,12.697919,8.345856,0.0,1.8222487,5.206501,1.5272052,2.95008,5.598131,12.777252,16.167782,0.0,10.697732,7.0094824,6.4759507,18.005352,6.6659665,10.58251,0.0,4.7672105,12.906674
2022-02-11,18.208422,15.826137,28.568998,0.0,0.0,0.0,16.652798,28.52404,0.0,0.0,33.41779,0.0,12.533353,0.0,0.0,33.317326,7.72281,15.684903,37.940945,0.0,0.0,17.179405,25.563124,26.07603,0.0,20.627441,32.986088,18.786026,0.0,37.723843
2022-02-12,27.073036,0.0,46.013172,0.0,0.0,0.0,9.927522,0.0,0.0,2.9619308,0.0,0.0,3.4217446,0.0,0.0,70.36532,0.0,5.493246,20.709286,0.0,4.7706566,0.0,20.85316,17.054417,0.0,15.147951,10.380417,4.136268,0.0,15.533717
2022-02-13,0.0,0.0,0.0,0.0,0.0,0.0,0.0,0.0,0.0,0.0,0.0,0.0,0.0,0.0,0.0,8.222026,0.0,0.0,0.0,0.0,0.0,0.0,0.0,0.0,0.0,0.0,0.0,0.0,0.0,0.0
2022-02-14,0.0,0.0,0.0,0.0,0.0,0.0,0.0,0.0,0.0,0.0,0.0,0.0,0.0,0.0,0.0,0.0,0.0,0.0,0.0,0.0,0.0,0.0,0.0,0.0,0.0,0.0,0.0,0.0,0.0,0.0
2022-02-15,0.0,0.0,0.0,0.0,0.0,0.0,0.0,0.0,0.0,0.0,0.0,0.0,0.0,0.0,0.0,0.0,0.0,0.0,0.0,0.0,0.0,0.0,0.0,0.0,0.0,0.0,0.0,0.0,0.0,0.0
2022-02-16,0.0,0.0,0.0,0.0,0.0,0.0,0.0,0.0,0.0,2.6822128,0.0,0.0,0.0,3.2410276,0.0,8.387815,0.0,0.0,0.0,0.0,6.818778,0.0,0.0,0.0,0.0,0.0,0.0,0.0,0.0,0.0
2022-02-17,0.0,0.0,0.0,0.0,0.0,0.0,0.0,0.0,0.0,0.0,0.0,0.0,0.0,0.0,0.0,0.0,0.0,0.0,0.0,0.0,0.0,0.0,0.0,0.0,0.0,0.0,0.0,0.0,0.0,0.0
2022-02-18,0.0,0.0,0.0,0.0,0.0,0.0,0.0,0.0,0.0,0.0,0.0,0.0,0.0,0.0,0.0,0.0,0.0,0.0,0.0,0.0,0.0,0.0,0.0,0.0,0.0,0.0,0.0,0.0,0.0,0.0
2022-02-19,6.278347,0.0,5.82475,0.0,0.0,1.533562,2.2457347,0.0,0.0,0.0,1.7838988,0.0,0.0,0.0,0.0,13.431326,0.0,0.0,0.0,0.0,0.0,0.0,0.0,2.3495347,0.0,0.89762247,0.0,0.54951614,0.0,0.0
2022-02-20,0.0,0.0,0.0,0.0,0.0,0.0,0.0,0.0,0.0,0.0,0.0,0.0,0.0,0.0,0.0,0.0,0.0,0.0,0.0,0.0,0.0,0.0,0.0,0.0,0.0,0.0,0.0,0.0,0.0,0.0
2022-02-21,0.0,0.0,0.0,1.0383065,0.0,0.0,0.0,0.0,0.0,0.0,0.0,3.3607376,0.0,2.2831342,0.0,0.0,0.0,0.0,0.0,0.0,0.0,0.0,0.0,0.0,3.4769936,0.0,0.0,0.0,0.0,0.0
2022-02-22,0.0,0.0,0.0,0.0,0.0,0.0,0.0,0.0,0.0,4.2910857,0.0,0.0,0.0,3.1337256,0.0,0.0,0.0,0.0,0.0,0.0,6.6982856,0.0,0.0,0.0,0.0,0.0,0.0,2.1639209,0.0,0.0
2022-02-23,0.0,0.0,0.0,0.0,0.0,0.0,0.0,0.0,0.0,0.0,0.0,0.0,0.0,0.0,0.0,0.0,0.0,0.0,0.0,0.0,0.0,0.0,0.0,0.0,0.0,0.0,0.0,0.0,0.0,0.0
2022-02-24,0.0,0.0,0.0,0.0,0.0,0.0,0.0,0.0,0.0,0.0,0.0,0.0,0.0,0.0,0.0,0.0,0.0,0.0,0.0,0.0,0.0,0.0,0.0,0.0,0.0,0.0,0.0,0.0,0.0,0.0
2022-02-25,0.0,0.0,0.0,0.0,0.0,0.0,0.0,0.0,0.0,0.0,0.0,0.0,0.0,0.0,0.0,0.0,0.0,0.0,0.0,0.0,0.0,0.0,0.0,0.0,0.0,0.0,0.0,0.0,0.0,0.0
2022-02-26,0.0,0.0,0.0,0.0,0.0,0.0,0.0,0.0,0.0,4.2463117,0.0,0.0,0.0,0.0,0.0,0.0,0.0,0.0,0.0,0.0,0.0,0.0,0.0,0.0,0.0,0.0,0.0,0.0,0.0,0.0
2022-02-27,0.0,0.0,0.0,0.0,0.0,0.0,0.0,0.0,0.0,0.0,0.0,0.0,0.0,0.0,0.0,0.0,0.0,0.0,0.0,0.0,0.0,0.0,0.0,0.0,0.0,0.0,0.0,0.0,0.0,0.0
2022-02-28,0.0,0.0,0.0,0.0,0.0,0.0,0.0,0.0,0.0,0.0,0.0,0.0,0.0,0.0,0.0,0.0,0.0,0.0,0.0,0.0,0.0,0.0,0.0,0.0,0.0,0.0,0.0,0.0,0.0,0.0
2022-03-01,0.0,0.0,0.0,0.0,0.0,0.0,0.0,0.0,0.0,0.0,0.0,0.0,0.0,5.3789473,0.0,0.0,0.0,0.0,0.0,0.0,0.0,0.0,0.0,0.0,6.558924,0.0,0.0,0.0,0.0,0.0
2022-03-02,8.4396715,9.699885,9.580421,1.2531726,4.128803,3.0280404,11.035063,8.853828,0.0,0.0,6.2789316,5.440132,8.141949,2.542014,0.0,10.939852,2.6682825,11.306294,12.209288,8.852324,13.55195,10.33056,3.6158936,5.5779896,9.26758,0.56560713,7.8838615,8.133641,0.0,11.346934
2022-03-03,7.117801,10.894141,4.2346954,10.20646,6.245173,14.477779,9.3892975,13.231399,6.1847486,0.0,15.154559,4.7570286,8.137154,3.7753048,9.436549,0.0,3.4819272,11.085613,11.584104,4.4911613,0.0,13.576498,9.186018,9.262703,6.791501,8.813686,10.651827,9.273061,6.2392764,7.459214
2022-03-04,8.049098,0.0,9.278892,7.9280844,6.07938,9.108518,0.0,7.2935314,1.9399906,0.0,8.437455,0.0,0.0,0.0,8.356783,8.450004,0.0,0.0,7.592958,0.0,0.0,7.6946006,1.4107616,0.0,1.7785839,0.0,3.8061244,0.0,6.7001405,0.0
2022-03-05,0.0,0.0,0.0,6.8429375,0.0,4.7134686,0.0,0.0,3.0209324,11.778511,0.0,4.021959,0.0,7.778348,8.3775625,0.0,0.0,0.0,0.0,0.0,17.073551,0.0,0.0,0.0,5.203361,0.0,0.0,0.0,7.325467,0.0
2022-03-06,0.0,0.0,0.0,0.0,4.3616467,0.0,0.0,16.459936,0.0,0.0,13.949002,4.714684,0.0,0.0,0.0,0.0,0.0,0.0,15.476701,0.0,0.0,0.0,0.0,0.0,0.0,0.0,13.265667,0.0,2.4519446,12.734429
2022-03-07,0.0,0.0,11.246828,0.0,0.0,0.0,0.0,0.0,0.0,19.304092,0.0,4.932624,0.0,6.826231,0.0,0.0,0.0,0.0,0.0,0.0,9.922057,0.0,0.0,0.0,0.0,0.0,0.0,28.899004,0.0,0.0
2022-03-08,15.771171,0.0,1.9035277,0.0,0.0,0.0,9.367323,0.0,0.0,32.846687,0.0,0.0,23.661306,0.0,0.0,0.0,0.0,0.0,0.0,0.0,6.117899,0.0,0.0,9.051854,0.0,0.0,0.0,32.900112,0.0,0.0
2022-03-09,0.0,0.0,0.0,0.0,0.0,0.0,0.0,0.0,0.0,0.0,0.0,0.0,0.0,0.0,0.0,0.0,0.0,0.0,0.0,0.0,0.0,0.0,0.0,0.0,0.0,0.0,0.0,0.0,0.0,0.0
2022-03-10,0.0,0.0,0.0,0.0,0.0,0.0,0.0,0.0,0.0,0.0,0.0,0.0,0.0,0.0,0.0,0.0,0.0,0.0,0.0,0.0,0.0,0.0,0.0,0.0,0.0,0.0,0.0,0.0,0.0,0.0
2022-03-11,0.0,0.0,0.0,0.0,0.0,0.0,0.0,0.0,0.0,0.0,0.0,0.0,0.0,0.0,0.0,1.6139258,0.0,0.0,0.0,0.0,0.0,0.0,0.0,0.0,0.0,0.0,0.0,0.0,0.0,0.0
2022-03-12,0.0,0.0,0.0,0.0,0.0,0.0,0.0,0.0,0.0,0.0,0.0,0.0,0.0,0.0,0.0,0.0,0.0,0.0,0.0,0.0,0.0,0.0,0.0,0.0,0.0,0.0,0.0,0.0,0.0,0.0
2022-03-13,2.2202046,0.0,5.1300387,0.0,0.0,0.83216625,0.0,0.0,0.0,5.3990593,0.0,6.7007833,0.0,7.7800965,0.0,6.211034,0.0,0.0,0.0,3.7969909,6.931657,0.0,0.0,0.0,5.827199,0.0,0.0,0.0,0.0,0.0
2022-03-14,0.0,0.0,0.0,0.0,0.0,0.0,0.0,0.0,0.0,0.0,0.0,0.0,0.0,0.0,0.0,0.0,0.0,0.0,0.0,0.0,9.505377,0.0,0.0,0.0,0.0,0.0,0.0,0.0,0.0,0.0
2022-03-15,5.3038597,0.0,12.371092,0.0,0.0,0.0,5.4157877,0.0,0.0,3.6259055,0.0,0.0,0.0,5.379806,0.0,13.338191,0.0,0.0,0.0,2.45856,9.204249,3.8431773,0.0,5.860767,3.8897858,5.539475,0.0,3.1685834,0.0,0.0
2022-03-16,3.9139683,14.313238,15.357557,0.56858224,0.0,0.0,14.784548,8.643828,3.3273022,8.122968,1.407946,0.0,15.833309,0.0,4.9491754,6.702347,12.818723,21.442154,15.895737,0.0,0.0,0.0,14.98654,7.317615,0.0,11.156062,15.515808,21.989569,0.0,16.27201
2022-03-17,4.884222,8.368252,4.6190534,0.0,0.0,0.0,11.09831,0.0,0.0,9.223027,0.0,0.0,24.890165,4.2691045,0.0,0.0,9.166059,14.330872,0.0,1.3783528,0.0,16.059372,0.0,1.1810209,0.0,3.9025645,0.0,23.988617,0.0,0.0
2022-03-18,0.0,0.0,4.326356,0.0,0.0,0.0,0.0,0.0,2.2402403,0.0,0.0,0.0,0.0,0.0,4.8264284,10.37655,0.0,0.0,0.0,0.0,0.0,0.0,0.0,0.0,0.0,0.0,0.0,0.0,0.0,0.0
2022-03-19,0.0,3.2671282,0.0,0.0,0.0,0.0,0.0,4.1896834,0.0,0.0,0.0,0.0,0.0,0.0,0.0,0.0,0.0,0.0,0.0,0.0,0.0,5.3358717,1.8487664,0.0,0.0,0.0,0.0,0.0,0.0,0.0
2022-03-20,0.0,9.570046,0.0,0.0,4.073653,0.0,6.007251,19.243387,0.0,6.9814997,0.0,3.7172503,12.184677,7.8992696,4.1265016,0.0,7.6534123,12.505176,5.8455467,3.2014,6.586859,19.243387,8.762693,5.3797255,0.0,11.661184,8.38946,0.0,3.1689553,4.296356
2022-03-21,0.0,15.129127,0.0,16.884914,13.569988,16.36001,0.0,0.0,0.0,9.851364,0.0,13.600362,0.0,11.25906,0.0,0.0,11.187243,0.0,0.0,16.502092,0.0,13.646845,0.0,0.0,18.256062,0.0,0.0,0.0,0.0,0.0
2022-03-22,0.0,0.0,0.0,0.0,0.0,0.0,0.0,0.0,0.0,5.7986827,0.0,5.998339,0.0,5.0336876,0.0,0.0,0.0,3.9292073,0.0,5.116013,6.1015353,0.0,0.0,0.0,6.436685,0.39927977,0.0,0.0,0.0,0.0
2022-03-23,4.467265,0.0,16.182955,0.0,0.0,0.0,21.084854,0.0,0.0,34.342808,0.0,0.0,6.5698047,18.945688,0.0,0.0,0.0,4.287162,0.0,5.4439445,31.994104,0.0,0.0,0.0,5.7942133,0.0,0.0,18.242115,0.0,0.0
2022-03-24,0.0,0.0,1.1715348,0.0,0.0,0.0,17.81879,0.0,0.0,3.7409868,0.0,0.0,0.0,0.0,0.0,0.0,0.0,18.943316,0.0,0.0,4.9967484,0.0,0.0,3.8526745,0.0,4.4252734,0.0,26.782772,0.0,0.0
2022-03-25,0.0,0.0,0.0,0.0,0.0,0.0,0.0,0.0,0.0,0.0,0.0,0.0,0.0,0.0,0.0,0.0,0.0,0.0,0.0,0.0,0.0,0.0,0.95856696,5.6067243,0.0,0.0,2.2741187,0.0,0.0,0.0
2022-03-26,0.0,2.5209692,0.0,2.7844155,2.8525727,3.4436307,0.0,0.0,0.0,11.528443,3.71154,5.413124,0.0,6.6782093,1.586477,0.0,2.206504,0.0,0.0,3.9409592,14.842936,4.445582,0.0,0.0,5.9228334,0.0,0.0,0.0,2.3440895,0.0
2022-03-27,4.2878227,0.0,0.0,0.0,3.9231377,0.0,8.251158,0.0,0.0,0.0,0.0,0.0,0.0,0.0,0.0,0.0,0.0,3.331286,0.0,0.0,17.93153,0.0,0.0,3.4547143,0.0,0.0,0.0,0.0,0.0,0.0
2022-03-28,0.0,0.0,23.995989,0.0,0.0,0.0,7.4861856,0.0,0.0,0.0,0.0,0.0,0.0,0.0,0.0,0.0,0.0,0.0,0.0,0.0,5.5116744,0.0,0.0,0.0,0.0,0.0,0.0,0.0,0.0,0.0
2022-03-29,0.0,0.0,0.0,0.0,4.901125,0.0,0.0,0.0,0.0,0.0,0.0,5.9715395,0.0,4.6168423,0.0,0.0,0.0,0.0,0.0,0.0,15.117605,0.0,0.0,0.0,0.0,0.0,0.0,0.0,0.0,0.0
2022-03-30,0.0,0.0,10.331999,0.0,0.0,0.0,28.972256,0.0,0.0,0.0,0.0,0.0,0.0,0.0,0.0,0.0,0.0,0.0,0.0,0.0,36.254925,0.0,0.0,0.0,0.0,0.0,0.0,0.0,0.0,0.0
2022-03-31,0.0,0.0,0.0,0.0,0.0,0.0,0.0,0.0,0.0,0.0,0.0,8.4641075,0.0,0.0,0.0,0.0,0.0,0.0,0.0,0.0,0.0,0.0,0.0,0.0,8.860203,0.0,0.0,0.0,0.0,0.0
2022-04-01,0.0,0.0,0.0,0.0,0.0,0.0,0.0,0.0,0.0,2.3368742,0.0,1.1866913,0.0,3.5901797,0.0,0.0,0.0,0.0,0.0,0.0,4.6797276,0.0,0.0,0.0,0.0,0.0,0.0,0.0,0.0,0.0
2022-04-02,0.0,0.0,6.4209275,0.0,0.0,0.0,3.3180017,0.0,0.0,0.0,0.0,0.0,0.0,0.0,0.0,6.6765018,0.0,3.4786997,0.0,0.0,1.0145389,0.0,2.1188297,0.0,0.0,3.325747,0.8605256,4.63256,0.0,0.0
2022-04-03,2.628363,0.0,10.247705,0.0,0.0,0.0,7.422459,0.0,0.0,0.0,0.0,0.0,0.0,0.0,0.0,10.984769,0.0,6.3244276,0.0,0.0,0.0,0.0,0.0,1.100648,0.0,2.6661339,0.0,9.117941,0.0,0.0
2022-04-04,7.068828,0.0,14.56033,0.0,0.0,0.0,5.4416494,0.0,0.0,0.0,0.0,0.0,0.0,0.0,0.0,17.172274,0.0,0.0,0.0,0.0,0.0,0.0,0.0,1.5623803,0.0,0.0,0.0,0.0,0.0,0.0
2022-04-05,0.0,0.0,6.0095954,0.0,0.0,0.0,0.0,0.0,0.0,0.0,0.0,0.0,0.0,0.0,0.0,8.414628,0.0,0.0,0.0,0.0,0.0,0.0,0.0,0.0,0.0,0.0,0.0,0.0,0.0,0.0
2022-04-06,6.2918453,0.0,20.254818,0.0,0.0,0.0,18.345316,0.0,0.0,19.987228,0.0,0.0,18.495895,6.727335,0.0,18.24849,0.0,17.058899,0.0,0.0,9.894864,0.0,0.0,6.078647,0.0,0.0,0.0,23.772453,0.0,0.0
2022-04-07,0.0,0.0,10.313919,0.0,0.0,0.0,7.7783523,0.0,0.0,0.0,0.0,0.0,0.0,0.0,0.0,12.574217,0.0,0.0,0.0,0.0,5.925992,0.0,0.0,9.32389,0.0,5.639386,0.0,8.309654,0.0,0.0
2022-04-08,29.23935,15.8147335,27.94703,0.0,0.0,3.8576427,30.199995,0.0,0.0,27.088524,4.314642,7.926109,26.09165,16.193466,0.0,21.61581,15.751556,26.32502,6.5511093,10.348254,21.530695,6.074003,17.487062,17.874956,11.012938,18.599092,12.470737,29.387629,0.0,6.6507316
2022-04-09,13.559366,23.915665,22.575714,9.936682,9.761779,19.33788,19.268272,17.016563,0.0,31.84342,16.734348,13.944686,34.64067,26.52845,5.8542995,22.433495,21.734467,24.08446,26.347942,18.43693,35.496235,20.424204,21.254618,18.60966,22.629543,20.98858,28.105724,30.707243,2.8275104,29.929256
2022-04-10,17.648672,14.425671,27.619326,5.9302607,5.225191,7.635769,19.31612,12.749746,0.0,12.233188,8.237482,8.023081,14.171903,6.7092953,5.559255,26.819881,7.3455844,17.058899,25.232445,3.7229774,6.263825,9.476916,21.02138,24.954626,7.7459946,19.279419,16.386936,19.999123,1.3961048,18.506596
2022-04-11,30.634422,20.279167,30.343481,5.2068663,0.0,10.0231905,28.629534,13.892214,0.0,13.745108,10.128218,11.244882,20.987085,11.692095,0.0,30.53274,15.082648,20.032104,38.86788,14.605708,18.923399,13.763985,23.216091,39.814556,14.265387,27.212404,34.42945,19.322134,0.0,39.26008
2022-04-12,24.939878,15.849498,36.17695,9.801914,8.887348,12.636827,26.217001,9.042589,0.0,21.591072,6.6263576,14.352595,24.011183,17.088444,4.433737,38.920757,13.302295,18.543053,11.595859,16.640198,29.72642,14.853305,14.948695,22.690231,17.98713,14.683203,14.3495655,24.744415,0.0,12.269189
2022-04-13,19.728146,13.541167,34.139565,17.689695,20.76668,18.71869,17.641632,8.659933,6.0187225,16.450401,13.177601,20.93788,14.393682,12.499395,10.881082,35.91588,11.137386,16.36441,18.01005,10.635658,35.003536,15.151959,20.22124,21.597929,17.870369,22.349466,18.469917,16.786648,8.296738,22.696978
2022-04-14,5.6286607,11.675859,21.000624,16.395533,19.028978,13.69321,5.5594997,0.0,0.0,15.158289,2.9475422,19.931898,5.537458,17.116774,0.0,15.8271,4.3368735,0.0,0.0,12.429452,28.563778,16.49555,0.0,0.0,17.031807,0.0,0.0,9.595256,8.053205,0.0
2022-04-15,0.0,4.8469768,0.0,12.596933,9.742579,13.483665,5.457934,0.0,0.0,13.923066,0.0,14.07394,13.908893,11.336956,0.0,0.0,4.7404175,5.3536534,0.0,10.819417,13.912687,0.0,3.455617,0.0,14.082535,0.0,0.0,11.066489,0.0,0.0
2022-04-16,0.0,3.0783663,0.0,6.678788,8.1807785,4.7642374,9.83292,2.5880816,4.177543,1.9014424,2.8360565,9.20132,6.009269,4.9966235,6.101055,0.0,2.0553706,8.362624,0.9300581,0.0,5.4439483,2.106879,3.430557,0.0,4.1211505,4.2009106,0.9057313,11.144846,6.0010333,2.4774237
2022-04-17,19.705362,11.781999,23.249037,10.974108,9.704747,11.542971,25.04579,10.967266,8.588026,5.718566,9.020332,11.091056,13.844746,6.009109,6.666294,22.90847,9.441892,19.943089,27.529057,8.028153,5.3298182,9.9927,14.173207,18.018173,9.983791,14.917734,16.263689,24.02793,7.0672154,20.560507
2022-04-18,12.262545,5.095468,26.802938,3.2217822,5.035003,3.6340418,15.3929615,0.0,0.0,14.892541,0.0,12.781987,15.705391,6.386953,0.0,24.613953,6.481135,14.412733,0.0,1.26508,11.773703,0.0,3.6592228,5.0109997,4.40656,4.2363105,0.0,18.24868,0.0,0.0
2022-04-19,6.3557615,2.7322743,13.550807,0.0,0.0,0.0,5.6150365,0.0,0.0,0.0,0.0,9.824844,6.4675527,10.258372,0.0,22.695274,4.425745,0.0,0.0,1.9355557,7.6854095,3.2824545,0.0,7.041564,2.833422,0.0,0.0,0.0,0.0,0.0
2022-04-20,4.568128,0.0,11.052241,0.0,0.0,0.0,5.178965,0.0,0.0,4.16235,0.0,0.0,0.0,0.0,0.0,12.8396,0.0,0.0,0.0,0.0,0.0,0.0,0.0,0.0,0.0,0.0,0.0,7.0046973,0.0,0.0
2022-04-21,8.493158,0.0,8.164649,0.0,0.0,0.0,6.691156,0.0,0.0,10.88817,0.0,0.0,9.263072,4.4494247,0.0,12.919766,0.0,2.7156584,0.0,0.0,9.977572,0.0,0.0,5.833595,0.0,0.0,0.0,8.560761,0.0,0.0
2022-04-22,11.146989,7.7812405,18.582949,0.0,0.0,2.6028273,18.710962,2.8734064,0.0,16.436523,2.7100143,4.128805,14.054737,7.6108375,0.0,19.737118,3.81553,15.885177,6.0694346,4.130319,15.581183,5.126332,7.40648,6.639915,4.3115807,9.842013,4.381682,17.360435,0.0,5.9784184
2022-04-23,7.814955,10.305527,13.030312,5.6187634,4.954893,8.3033905,7.9472623,4.1907883,0.0,20.05422,6.5225277,12.101696,15.979493,12.992316,0.0,14.006325,9.112933,6.070634,2.0568056,11.428205,18.28052,11.575436,6.099759,9.328714,12.006898,5.2941318,6.1594477,17.4727,0.0,5.09322
2022-04-24,2.8602693,1.9698772,6.24668,0.0,0.0,0.0,4.9014,0.0,0.0,4.9616685,0.0,3.895855,6.3763566,0.0,0.0,7.6546082,1.4993603,4.7739964,0.0,0.0,4.9393306,0.0,4.6790047,3.191631,0.0,4.228438,4.1737804,9.687594,0.0,4.476561
2022-04-25,0.0,0.0,7.3133664,0.0,0.0,0.0,3.0534523,0.0,0.0,0.0,0.0,0.0,0.0,0.0,0.0,7.9803233,0.0,0.0,0.0,0.0,0.0,0.0,0.0,0.0,0.0,0.0,0.0,0.0,0.0,0.0
2022-04-26,0.0,0.0,0.0,0.0,0.0,0.0,0.0,0.0,0.0,0.0,0.0,0.0,0.0,0.0,0.0,6.785391,0.0,0.0,0.0,0.0,0.0,0.0,0.0,0.0,0.0,0.0,0.0,0.0,0.0,0.0
2022-04-27,5.3399634,0.0,8.389942,0.0,0.0,0.0,0.0,0.0,0.0,0.0,0.0,0.0,0.0,0.0,0.0,11.006217,0.0,0.0,0.0,0.0,0.0,0.0,0.0,0.0,0.0,0.0,0.0,0.0,0.0,0.0
2022-04-28,8.093312,0.0,9.539542,0.0,0.0,0.0,0.0,0.0,0.0,0.0,0.0,0.0,0.0,0.0,0.0,13.637608,0.0,0.0,0.0,0.0,0.0,0.0,1.1377048,5.5511246,0.0,2.0776129,0.0,0.0,0.0,0.0
2022-04-29,0.0,0.0,2.8457434,0.0,0.0,0.0,0.0,0.0,0.0,4.470247,0.0,0.0,0.0,3.7689025,0.0,9.408889,0.0,0.0,0.0,2.4729357,8.069651,0.0,0.0,0.0,2.2662401,0.0,0.0,3.0560663,0.0,0.0
2022-04-30,0.0,0.0,0.0,0.0,0.0,0.0,0.0,0.0,0.0,1.7730722,0.0,10.122647,0.0,7.2045174,0.0,0.0,0.0,0.0,0.0,0.0,6.311688,0.0,0.0,0.0,6.5142775,0.0,0.0,0.0,0.0,0.0
2022-05-01,4.6050987,7.4506884,12.811848,7.570797,10.4174595,4.6338844,12.805498,0.0,0.0,10.5184555,0.0,16.798155,9.568877,15.851598,4.4856176,7.3655825,9.286355,8.342084,0.0,14.252246,12.378919,0.0,3.091765,0.0,15.297326,3.0387814,0.0,15.685646,4.9267573,0.0
2022-05-02,0.0,0.0,0.0,0.0,5.2865047,0.0,0.0,0.0,0.0,9.679969,0.0,14.922435,0.0,10.784499,0.0,0.0,5.7737145,0.0,0.0,7.287958,13.512424,0.0,0.0,0.0,8.633726,0.0,0.0,0.0,0.0,0.0
2022-05-03,4.7795343,6.9523563,7.897105,8.360546,12.123427,6.6159873,6.7767086,0.0,0.0,9.544843,0.0,17.040842,4.5788064,13.671263,0.0,0.0,4.4644656,4.125966,0.0,11.527384,14.5338335,6.893034,0.0,1.4512365,11.74582,0.0,0.0,5.9690127,2.3691113,0.0
2022-05-04,15.2856045,15.058519,21.292397,17.407711,17.418726,13.525614,20.459435,12.318248,0.0,18.831615,6.5941567,19.622877,12.343819,18.49594,5.117252,15.17826,13.912654,14.519305,0.0,20.243462,16.408924,15.319476,8.815629,9.96276,21.24215,10.18196,11.406361,23.772236,5.6573052,7.102937
2022-05-05,0.0,0.0,0.0,3.791481,5.0627265,0.0,0.0,0.0,0.0,3.8969333,0.0,8.203255,0.0,8.304326,0.0,0.0,0.0,0.0,0.0,0.0,10.495198,6.753741,0.0,0.0,7.1685743,0.0,0.0,0.0,0.0,0.0
2022-05-06,2.995598,2.5761068,5.944132,5.8694324,9.021287,5.3750963,2.5026417,3.4040685,0.0,0.0,2.8971791,6.318933,2.4041004,3.7647088,1.950978,10.048232,0.0,2.917075,3.0803015,3.5688806,3.3582826,3.5469913,1.8789552,2.5705013,6.0497437,2.805701,3.4019003,0.0,1.9493796,3.4382064
2022-05-07,6.0602064,4.105744,13.688391,3.8048115,0.0,4.00056,3.8977149,6.317347,0.0,3.5033967,2.908463,4.3934813,3.6302223,5.0658255,0.0,0.0,3.9182274,3.557033,3.33728,3.6285422,5.1593976,3.0253038,4.580452,3.9150846,4.042593,4.0732946,7.0038567,4.371767,0.0,6.9726295
2022-05-08,8.4905815,9.9096575,10.471945,11.430903,13.221543,9.398227,12.172934,7.8691463,3.5762901,9.15094,7.328683,14.13015,9.604241,14.345643,3.402754,17.16415,8.939652,9.626734,7.470442,10.070064,10.152451,7.6336126,11.589808,13.204413,12.886402,14.376245,8.241111,12.14895,3.0695136,6.711712
2022-05-09,11.453739,12.427046,14.095554,19.76251,19.263521,16.99478,11.909178,17.337713,7.8833637,7.1426034,16.612091,15.938891,9.33841,10.722345,12.691967,11.60245,8.185755,11.293654,19.231094,10.070639,5.8765163,13.973718,13.996222,14.701104,11.468498,16.444359,18.626835,11.636418,11.979638,18.98
2022-05-10,17.520449,30.843138,29.67779,32.031403,27.5739,30.553362,18.071959,27.542011,7.096512,21.469131,23.061892,33.405144,22.68545,29.934856,14.886364,35.67043,30.383474,18.357706,24.116367,30.339626,21.22097,31.415075,21.806564,16.985306,29.608412,18.958876,27.677776,22.298582,15.613693,25.073837
2022-05-11,0.0,0.0,0.0,15.837534,19.850807,15.77046,0.0,0.0,10.159207,5.115243,8.730488,11.873845,0.0,8.5808525,10.716457,0.0,0.0,0.0,0.0,5.7254586,5.7468066,0.0,0.0,0.0,7.5229683,0.0,0.0,0.0,19.919807,0.0
2022-05-12,0.0,7.8457584,0.0,11.9402075,11.93963,13.544757,0.0,6.3870454,3.7865136,16.193323,10.062782,17.130278,4.214721,30.924343,8.732011,0.0,4.2127,5.9739556,13.012516,10.65881,27.965662,8.560647,12.357699,0.0,18.225803,6.202468,15.414714,0.0,8.494158,16.907267
2022-05-13,0.0,11.769058,0.0,14.021146,6.58309,14.255364,0.0,8.479402,4.518414,22.922668,10.170954,15.954285,6.6322055,20.66916,7.6045017,0.0,10.55093,5.9106817,4.973213,13.945362,27.900002,9.776535,0.0,0.0,14.884453,0.0,0.0,5.4458313,3.2685251,4.5279617
2022-05-14,0.0,17.379663,21.016354,24.939594,25.563555,19.12594,0.85244286,18.287052,3.2315323,9.85956,16.09084,22.715328,13.784137,26.424084,15.622407,43.537155,18.073212,8.921356,2.7970145,19.33308,8.546562,17.795551,6.698533,0.97502476,25.652287,6.4096694,11.552017,8.824126,7.9888916,8.975317
2022-05-15,1.6671144,31.617533,19.830038,32.503693,21.904222,35.148464,12.644974,35.955505,4.4624,24.042719,33.673897,35.620598,10.698048,34.862774,16.900751,44.342117,18.985598,13.71725,32.740204,28.450851,35.0364,33.13102,13.888753,3.0317214,32.85537,12.446456,33.292603,5.656082,11.905504,26.925951
2022-05-16,10.178333,13.51919,17.972788,21.975504,20.595263,15.714544,11.527472,10.825104,5.222586,16.052126,6.1484942,29.937826,13.184575,23.343952,9.201939,26.401411,13.226018,12.761334,8.181975,9.705042,25.655775,9.729817,13.183826,9.455365,11.987297,9.589129,13.2995,15.916626,8.848524,9.080192
2022-05-17,0.0,21.991201,0.0,22.007534,20.225958,19.41963,2.8937726,0.0,4.5694675,21.568306,6.7979727,38.36495,18.848755,37.48581,3.9818492,0.0,25.666777,5.2528977,0.0,29.179811,36.46844,12.540181,4.541119,0.0,37.40713,0.0,0.0,6.522996,7.4205275,0.0
2022-05-18,0.0,19.010416,33.968395,17.427368,24.765598,7.697561,7.9574337,3.456702,0.0,30.312668,4.91648,34.77732,14.936897,22.88704,1.836324,57.48355,20.4052,0.0,1.6811104,20.716427,34.358738,16.413393,0.0,0.0,28.482712,0.0,0.0,12.364886,5.6918817,0.0
2022-05-19,0.0,0.0,12.077524,0.0,4.4684224,0.0,0.0,0.0,0.0,18.49472,0.0,0.0,0.0,21.560234,0.0,21.61008,0.0,0.0,0.0,0.0,16.017843,0.0,0.0,0.0,0.0,0.0,0.0,0.0,0.0,0.0
2022-05-20,0.0,4.909251,20.13726,14.945923,0.0,16.191189,0.0,0.0,0.0,5.1220293,0.0,0.0,0.0,5.2985754,7.244656,0.0,0.0,0.0,0.0,0.0,5.7828197,0.0,5.1031275,0.0,4.6104617,0.0,4.0956664,0.0,0.0,3.007333
2022-05-21,0.0,0.0,0.0,0.0,0.0,2.6919985,0.0,1.4749304,0.0,0.0,2.5556338,0.0,0.0,0.0,0.0,0.0,0.0,0.0,3.4966464,6.784046,0.0,0.0,0.0,0.0,1.4036516,0.0,0.0,0.0,0.0,4.7277813
2022-05-22,0.0,0.0,0.0,0.0,0.0,0.0,0.0,0.0,0.0,0.0,0.0,0.0,2.24855,0.0,0.0,0.0,0.0,2.92941,0.0,0.0,0.0,0.0,4.856376,4.780719,0.0,5.796349,3.120766,0.0,0.0,0.0
2022-05-23,0.0,0.0,10.716297,0.0,0.0,0.0,0.0,0.0,0.0,0.0,0.0,0.0,4.042388,0.0,0.0,0.0,0.0,3.754673,0.0,0.0,0.0,0.0,0.0,0.0,0.0,1.7350388,0.0,3.689296,0.0,0.0
2022-05-24,25.089834,10.452039,26.064402,0.0,0.0,0.0,8.991648,3.8119671,0.0,13.068444,0.0,0.0,14.06565,9.732291,0.0,28.664757,10.118954,10.9382,0.0,11.319984,2.6161838,11.214178,4.599138,3.4075415,11.463517,4.4896636,0.0,12.634555,0.0,0.0
2022-05-25,8.012306,7.7141876,20.484552,9.122944,5.738323,9.117145,8.309386,5.2137337,2.1233492,13.069246,3.2661676,12.780822,10.125101,13.4414425,2.0958486,14.0770645,11.910194,4.73744,0.0,13.473621,13.752924,5.7292333,3.9370902,0.0,11.465498,3.2180464,5.610031,11.257398,2.3989034,0.0
2022-05-26,6.5484247,19.347116,27.205568,22.138618,15.40074,20.223852,21.551708,10.485937,0.0,18.130713,15.771155,22.219406,11.709665,19.583986,7.4814277,24.194298,14.40309,15.471235,6.140841,23.026833,14.517373,19.28652,7.1155944,3.1369712,20.610416,17.170837,0.0,27.389467,7.2504177,0.0
2022-05-27,0.0,19.104408,18.142513,11.762888,7.4892325,14.702616,18.230787,19.501421,0.0,15.095306,17.32765,12.640406,9.725598,18.257093,0.0,0.0,14.177357,10.384034,9.248393,18.808378,19.311922,21.468851,8.086689,0.0,20.0358,6.189257,9.844172,13.411111,0.0,0.0
2022-05-28,0.0,0.0,0.0,0.0,0.0,0.0,17.610304,0.0,0.0,14.259092,0.0,0.0,13.31486,0.0,0.0,0.0,0.0,15.647292,0.0,0.0,0.0,0.0,0.0,0.0,0.0,10.64877,0.0,18.472519,0.0,0.0
2022-05-29,3.982654,16.339365,0.0,0.0,0.0,7.6276193,10.550059,0.0,0.0,9.830437,7.696497,7.9846516,19.001795,8.626816,0.0,20.09298,13.207016,13.341178,0.0,7.946637,0.0,9.147638,15.228593,4.120774,8.932094,11.511383,0.0,15.143801,0.0,0.0
2022-05-30,2.9140928,22.51459,0.0,13.440901,17.172491,12.576682,10.396222,12.118311,0.0,6.8622293,6.712765,20.779173,9.337064,16.774096,0.0,22.215103,14.266686,13.792726,0.0,19.480188,14.8318205,15.408675,11.107542,2.6416647,19.791437,10.748694,20.389896,14.485642,0.0,0.0
2022-05-31,4.496281,8.732634,16.19069,11.174601,11.199855,6.300322,2.6679075,0.0,0.0,13.813281,0.0,9.837949,5.5464907,15.246609,0.0,0.0,8.571813,0.0,0.0,9.923254,20.488539,3.8051436,0.0,2.563508,9.606737,0.0,0.0,7.471712,0.0,0.0
2022-06-01,0.0,0.0,0.0,0.0,8.480103,0.0,0.0,0.0,0.0,0.0,0.0,5.171615,0.0,0.0,0.0,0.0,0.0,0.0,0.0,0.0,0.0,0.0,0.0,0.0,0.0,0.0,0.0,0.0,5.2215924,0.0
2022-06-02,2.9213166,5.639382,0.0,0.0,7.7631536,0.0,12.469984,4.404086,0.0,13.135039,2.0013857,4.559198,8.842226,3.9997816,0.0,0.0,3.142323,10.3493395,0.0,5.081911,17.261274,5.6251984,4.440091,0.0,4.5072722,4.290589,0.0,16.173122,0.0,0.0
2022-06-03,0.0,3.9555779,0.0,0.0,0.0,0.0,10.372361,0.0,0.0,13.977966,0.0,8.432917,7.291732,1.1009028,0.0,0.0,3.2449367,9.706731,0.0,0.0,12.675288,0.0,0.0,0.0,0.0,0.0,0.0,10.387526,0.0,0.0
2022-06-04,0.0,0.0,0.0,0.0,0.0,0.0,0.0,0.0,0.0,7.3086557,0.0,5.875343,0.0,2.2450123,0.0,0.0,0.0,0.0,0.0,2.6051083,4.5713873,0.0,0.0,0.0,2.5866377,0.0,0.0,0.0,0.0,0.0
2022-06-05,0.0,12.26049,13.242952,12.01471,13.486408,8.422692,21.69604,8.49138,0.0,53.305187,6.3482747,26.602116,26.351103,17.227688,0.0,0.0,11.887709,28.34499,0.0,12.730549,83.57057,8.810842,14.627684,12.993637,17.038975,22.633661,10.141638,45.27389,0.0,5.738183
2022-06-06,6.4377093,6.204125,9.519257,26.124115,28.875658,15.249097,17.652721,2.5524492,0.0,16.877718,5.5309267,19.979921,8.291117,7.799195,6.3510394,0.0,2.1513805,13.891251,2.4590535,7.306125,28.93334,3.057544,7.7869673,7.2622237,9.69653,11.946071,3.0346594,19.606443,8.897125,2.555364
2022-06-07,6.597878,7.5459666,12.092214,5.264001,0.0,6.172073,8.802868,6.935703,14.1259985,7.395103,5.845111,4.8035593,5.2478004,3.5411122,11.867013,16.28398,4.302761,6.1625013,5.057799,5.6811066,11.004349,7.455172,10.098887,9.604424,6.251852,12.795519,9.8799095,5.3939962,11.29826,8.803242
2022-06-08,0.0,0.0,0.0,0.0,0.0,0.0,0.0,0.0,0.0,4.8430023,0.0,0.0,3.6429873,0.2394103,0.0,0.0,0.0,2.085814,0.0,0.0,1.3656645,0.0,0.0,0.0,0.0,0.0,0.0,4.086655,0.0,0.0
2022-06-09,0.0,2.051849,0.0,0.0,0.0,0.0,4.922511,0.0,0.0,5.432732,0.0,0.0,4.1253886,1.2148438,0.0,0.0,0.0,4.9627867,0.0,0.0,7.282647,0.0,0.0,0.0,0.0,1.9780145,0.0,5.4920936,0.0,0.0
2022-06-10,0.0,4.5427537,0.0,0.0,0.0,0.0,4.7722535,0.0,5.2334604,5.4942946,0.0,0.0,4.196306,1.637382,4.78749,0.0,2.465296,4.9957566,0.0,0.0,2.1495214,0.0,4.0187597,0.0,0.0,3.9862692,0.0,6.5728145,0.0,0.0
2022-06-11,0.0,2.1917005,7.787721,6.7808065,11.929029,4.7429433,0.0,0.8207058,19.147907,0.0,1.7553438,3.1503277,3.8920665,0.0,18.48307,6.9378104,2.3963099,0.0,3.3523352,0.0,10.466197,0.0,0.0,0.0,0.0,0.0,3.87358,0.0,18.198257,5.238575
2022-06-12,0.0,2.021261,14.521127,0.0,9.033206,0.0,22.298096,0.0,0.0,13.978693,0.0,2.534568,8.599528,2.3015172,0.0,5.531843,0.0,17.59788,0.0,1.208852,5.4694285,3.0089672,0.0,0.0,2.5140827,20.199816,0.0,18.540756,0.0,0.0
2022-06-13,5.3793945,0.0,17.56541,4.602218,5.950704,0.0,19.030287,0.0,0.0,4.614878,0.0,2.232194,5.8670034,1.9155349,3.148518,0.0,0.0,17.253788,0.0,0.0,4.5775323,0.0,0.0,0.0,4.2768087,0.0,0.0,18.774727,4.812394,0.0
2022-06-14,33.853752,4.3768535,41.96495,4.9299235,15.413037,4.0404983,17.293247,0.0,0.0,27.444918,0.0,15.264333,9.783094,9.296623,0.0,30.87308,2.836165,14.7190275,0.0,7.4801536,54.19204,4.453783,8.411475,6.3613815,13.16713,13.730271,0.0,23.6346,0.0,0.0
2022-06-15,28.38095,11.874787,53.777897,17.182186,16.035156,12.863914,37.716473,10.262396,0.0,37.86435,8.831028,18.188591,22.81054,13.010679,0.0,61.37669,6.9946885,28.095196,1.4852607,14.762238,40.066643,10.688774,10.970359,15.758835,16.556995,20.199816,8.610292,40.34396,5.156244,0.0
2022-06-16,0.89614433,7.6372495,4.090506,35.531715,41.213768,19.226105,4.4504075,6.9899325,6.647139,8.826527,6.0623417,30.739151,4.8694706,13.724999,12.016524,2.5393057,3.4764132,8.267468,6.7911105,15.537064,15.757131,7.203796,12.092204,5.793692,25.058205,10.8526125,11.165966,6.088409,23.121336,10.673181
2022-06-17,3.681651,0.7215488,12.546486,4.3708906,6.476596,4.4044123,10.851761,1.1449053,5.560159,14.569612,2.4353075,7.5327125,4.727348,2.4895754,6.294859,13.03794,0.33237356,7.8964624,1.5723364,1.5332183,20.688658,1.1529791,0.7738586,0.6333952,2.6070638,1.0307394,1.4125007,12.882507,8.194381,1.8125639
2022-06-18,7.0696955,1.2725012,22.235134,2.0949292,3.6434562,1.3527707,15.293866,0.7488707,4.353566,12.270405,0.7780874,7.2974687,4.635968,3.5469947,3.697561,22.988432,0.57132703,9.230157,0.7483937,1.7353293,20.84332,0.7806709,1.3640308,0.99017406,2.1114907,2.2186365,0.90279496,15.543878,3.9227936,0.8779399
2022-06-19,15.870354,6.6087613,12.413071,27.759743,28.883083,12.265973,23.022623,3.0316195,7.7241244,7.6759486,3.581434,9.158974,6.807013,2.9012833,12.559504,6.532229,3.2282774,19.2032,2.3062406,4.031547,10.540174,3.1018598,8.504139,10.027446,4.576252,19.040913,5.0701637,9.132123,19.150642,4.204129
2022-06-20,9.024589,0.7102853,17.248335,8.442196,16.351898,3.6917765,13.240473,0.56389153,7.362301,8.067852,2.39983,13.4984255,3.2346938,3.5376174,8.095818,20.889963,0.12377439,7.764919,1.5649178,1.2958806,12.9521265,0.48479643,1.5340662,2.7616258,3.7376332,3.4793715,2.275796,11.481551,8.360379,2.2786894
2022-06-21,0.0,9.608609,10.498298,30.740555,32.622097,19.448114,8.156811,5.605787,17.031132,28.761602,9.977876,24.41475,10.392012,9.603097,16.631227,0.0,4.81586,8.800011,2.0909507,7.4040184,44.166935,5.9208417,8.31425,0.0,10.370413,5.423232,4.109383,19.221224,18.24345,2.4197052
2022-06-22,11.581175,6.992881,32.83262,16.547747,26.233774,10.731045,16.126038,5.4597898,6.2500834,20.703157,6.036544,13.5753145,9.110319,6.121856,9.359868,16.271744,3.3937786,8.410923,3.3022559,5.460165,32.887608,5.605787,7.327269,6.8312354,7.355298,7.033469,6.171067,13.287913,12.235447,4.978894
2022-06-23,4.490713,5.9029884,27.727072,11.664562,12.924283,8.671283,25.837727,5.454578,14.401774,18.04966,7.9297385,8.213758,10.462695,2.5894938,13.566155,0.0,2.5084906,8.916197,3.7626817,1.6745294,20.852592,5.3704166,5.954646,3.0911887,2.4787245,11.74286,4.421984,22.900024,14.107442,4.2296505
2022-06-24,0.0,3.3879025,0.0,14.396914,16.904312,8.342392,0.0,2.307212,11.155287,5.6878114,8.037905,11.383305,6.713481,0.17715782,9.094089,0.0,2.193808,6.9945793,0.71229833,3.147892,0.0,2.524055,4.085076,0.0,3.3054261,4.383843,3.143009,9.197515,13.557719,0.0
2022-06-25,0.0,3.330809,1.7784206,9.827837,5.6565795,10.284079,6.3596683,4.4510493,4.6466002,40.749844,8.670994,4.029771,3.9425201,2.0738668,4.5489373,0.0,0.48998323,4.3003,3.0637565,3.3467302,14.0768,5.281255,8.085511,5.9719577,4.331369,7.400115,8.28764,9.242088,7.5689445,4.736067
2022-06-26,0.0,0.0,0.0,0.0,0.0,0.0,0.0,0.0,0.0,0.0,0.0,0.0,0.0,0.0,0.0,0.0,0.0,0.0,0.0,0.0,0.0,0.0,0.0,0.0,0.0,0.0,0.0,0.0,4.445973,0.0
2022-06-27,0.0,7.213748,0.0,11.074824,18.827068,5.0125895,14.705879,2.3782349,14.861549,0.0,1.236574,15.919338,6.3165345,3.5010195,13.051177,0.0,5.6286798,15.81015,2.3804839,1.2379508,9.200462,0.0,7.7896442,4.2853384,4.8749166,10.699344,6.689743,26.543337,16.047964,3.9242964
2022-06-28,0.0,0.0,0.0,0.0,5.787654,0.0,1.9904903,0.0,5.95927,4.4121733,0.0,0.0,0.0,0.0,4.711269,0.0,0.0,1.9229776,0.0,0.0,32.270134,0.0,0.0,0.0,0.0,3.3927221,0.0,11.995328,9.633907,0.0
2022-06-29,0.0,0.0,0.0,8.759666,12.653495,3.761147,0.0,0.0,3.9957044,0.0,0.0,0.0,0.0,0.0,7.8608685,0.0,0.0,0.0,0.0,0.0,0.0,0.0,0.0,0.0,0.0,0.0,0.0,0.0,6.416242,0.0
2022-06-30,0.0,15.296961,0.0,15.478846,16.012669,4.7641478,0.0,4.588957,5.431598,17.640491,4.8494935,8.438765,13.794984,1.1807181,7.18537,0.0,2.863584,14.30277,2.4723816,2.7283928,0.0,4.8445063,18.692646,0.0,5.650081,15.003763,8.287916,14.648883,7.2004275,2.7584634
2022-07-01,0.0,20.72596,0.0,13.883438,13.176689,13.101105,0.0,15.470515,0.0,0.0,17.364286,13.325261,1.6746289,0.9290931,3.8499644,0.0,5.4255676,7.5810113,9.135834,19.34412,0.0,23.053776,9.103072,0.0,21.086182,0.0,11.721678,6.719928,7.9728227,7.167552
2022-07-02,1.6238714,7.0634046,0.0,5.787304,3.8630543,8.148015,3.641288,15.045874,4.2626386,0.0,13.639596,5.88723,0.0,0.5216655,5.3700657,0.0,4.263423,0.0,7.0092926,14.862217,14.387926,15.4859915,3.6273189,1.2925835,14.555223,1.7103885,6.7892437,0.0,7.2581124,6.341927
2022-07-03,1.0496466,6.2463493,0.0,6.297131,21.092873,0.0,8.117771,6.733971,16.898449,33.460953,0.0,9.312571,2.238796,0.21142353,11.746253,0.0,0.86251533,13.383506,6.341927,0.45590538,0.0,5.1843047,12.395373,1.371822,0.0,0.0,11.909042,21.99151,18.596054,7.5178385
2022-07-04,0.0,1.3160534,22.425848,7.1032085,13.26119,5.2752204,0.0,0.0,7.071449,57.199078,3.1818843,8.044452,25.716799,6.4459076,6.666268,0.0,0.00061860913,0.0,0.0,6.30694,103.70698,4.961964,0.0,0.0,7.59363,0.0,0.0,49.73487,7.774515,0.0
2022-07-05,17.373045,6.8639956,59.51001,17.394299,20.295412,6.7410464,15.666393,6.3147497,21.393112,61.397484,6.6453714,9.666818,8.999569,0.38817334,16.183992,30.874544,6.2331867,0.0,2.633574,8.031147,0.0,8.966638,12.788307,0.0,8.33346,0.0,4.3061404,13.583113,18.42494,2.1578572
2022-07-06,7.1907425,20.182869,24.783659,14.071327,16.846783,16.764378,0.0,14.449669,9.819219,52.07378,14.461223,16.984938,10.232655,9.888887,20.408527,15.999747,13.292372,0.0,9.184764,0.0,102.51422,10.062324,20.666965,0.0,8.972698,0.0,17.89098,0.0,6.2241297,10.134887
2022-07-07,7.1120553,8.307153,25.746653,7.244279,7.168965,0.0,8.232872,0.0,6.068614,0.0,4.531016,4.2831793,0.0,3.2238233,7.3321733,42.580524,0.0,8.2310295,1.3908598,13.06462,32.69766,8.518832,11.193245,0.0,12.234465,0.0,6.126979,0.0,6.9875646,1.6345723
2022-07-08,3.7623723,1.1586193,13.39062,8.486898,6.913064,6.581834,5.2625604,0.0,12.7468815,0.0,4.319363,0.0,0.0,0.0,9.737363,28.058666,0.0,0.0,6.300361,0.8845075,0.0,6.929953,3.1052055,0.0,4.8652563,0.0,2.593488,0.0,13.994271,6.3413997
2022-07-09,6.843957,10.833343,53.594296,0.0,8.530666,0.0,25.419228,0.0,12.137971,51.102448,0.0,0.0,26.184246,6.856408,10.305856,22.840044,11.503801,21.244867,6.5396805,10.036026,108.731926,0.0,10.416823,0.67765445,0.0,11.429657,6.611011,50.3055,12.255252,6.7576365
2022-07-10,0.0,9.9183035,0.18788224,7.28353,6.235975,6.741294,0.0,7.751853,11.158921,21.262897,7.6695213,0.0,0.0,0.0,9.221959,0.0,0.0,0.0,4.263719,12.423064,18.201944,15.828173,0.0,0.0,19.438545,0.0,2.6844637,0.0,4.378093,0.0
2022-07-11,0.0,14.655967,0.0,14.494915,13.166516,9.970807,0.0,1.0244191,11.724802,0.0,8.670762,5.8867927,0.0,0.0,10.104328,0.0,0.0,0.0,2.8324072,10.220478,0.0,8.966676,16.890879,0.0,10.923704,0.9650229,10.110958,0.0,10.090372,3.8359213
2022-07-12,10.199126,0.0,39.587482,0.0,10.561506,0.0,21.328482,0.0,0.0,0.0,0.0,0.0,0.0,0.0,0.0,38.744587,0.0,27.101849,3.8313792,0.0,0.0,4.4614887,13.166235,0.0,0.0,24.314524,3.2160916,46.803867,0.0,3.353237
2022-07-13,0.0,0.0,20.86106,0.0,0.0,0.0,18.31733,0.0,0.0,0.0,0.0,0.0,10.379334,0.0,4.0178013,0.0,0.0,16.128653,2.5431428,0.0,0.0,0.0,7.5701585,0.0,0.0,4.9987283,4.769702,20.677456,0.0,2.5431428
2022-07-14,0.0,0.0,7.7405457,0.0,0.0,0.0,14.0143585,5.6898937,0.0,0.0,0.0,0.0,9.906583,0.0,0.0,12.304345,0.0,11.176624,0.0,0.0,0.0,9.429091,2.8801925,0.0,0.0,0.63068473,0.0,11.304496,0.0,0.0
2022-07-15,0.0,0.0,0.0,0.0,9.136391,0.0,0.0,0.0,0.0,0.0,0.0,0.0,0.0,0.0,0.0,0.0,0.0,0.0,0.0,0.0,0.0,0.0,0.0,0.0,0.0,0.0,0.0,0.0,0.0,0.0
2022-07-16,0.0,12.620058,3.5335827,7.0505266,7.149857,4.8295093,0.0,0.0,5.752642,14.090026,7.9289865,6.2193003,4.9697194,4.6855493,8.243974,0.0,4.6403017,5.6841187,2.063971,23.859436,42.163788,11.996852,0.0,0.0,21.413147,0.0,0.0,0.0,5.867924,3.12481
2022-07-17,1.9419236,29.641422,27.730701,11.759926,11.642022,13.667296,28.731384,17.260025,7.5821233,46.917023,16.658659,8.327208,32.09241,6.1086497,7.2834244,0.0,15.379551,37.726612,0.0,9.818957,33.611782,20.36219,30.814247,0.0,12.988266,34.123886,8.841819,48.125515,6.22839,0.0
2022-07-18,9.706845,13.189915,48.249287,9.457842,19.287107,9.44778,30.617647,10.763065,17.413942,27.400427,8.081718,9.466043,18.056997,3.2322438,12.988141,11.752278,6.1719117,23.929283,2.6311297,10.802673,36.197964,11.988885,12.86718,0.0,13.358484,14.939413,4.0179095,29.194696,15.235991,3.027008
2022-07-19,19.923128,16.823385,30.528404,8.747044,10.475173,6.5286922,27.127745,4.80586,0.0,27.939943,4.785488,8.8506565,17.436905,3.9468496,4.3745375,20.07263,8.740339,20.097105,0.0,0.8848422,58.93521,0.0,21.93492,0.0,11.0399685,16.609356,8.875877,23.344406,3.258296,0.0
2022-07-20,2.2331104,15.208154,41.435253,10.747383,19.685532,4.3997717,28.731384,4.110218,5.586228,40.898712,4.42247,13.457546,15.519612,6.766314,6.016845,44.892506,15.078132,22.35014,0.0,0.15032977,6.7156487,0.0,12.37215,0.0,7.2732754,5.8562665,0.0,32.43489,9.627514,0.0
2022-07-21,20.362408,34.985394,58.142426,26.274618,25.821522,29.977962,56.577507,12.563166,7.895589,82.58759,11.425028,41.75506,44.181965,23.14353,7.7375154,23.200731,23.68937,45.8905,0.0,45.208073,112.38047,20.323183,36.08008,1.772401,49.775017,43.091125,21.94278,63.230053,12.926677,4.8151217
2022-07-22,16.780647,44.227325,56.626907,18.609764,30.996374,14.029781,62.15296,26.751772,15.107156,72.14441,13.9595375,16.645668,58.97939,13.042657,14.369784,32.741936,21.477661,69.9173,23.530022,17.968014,85.27408,22.417356,48.874897,3.544802,17.727226,55.655056,41.195335,75.85313,23.79339,27.519636
2022-07-23,4.4426746,63.710323,23.593365,29.993572,28.69932,34.94059,34.09329,41.910725,17.03473,39.16143,40.791405,33.757866,70.99161,16.163834,26.745953,0.0,37.65222,89.433105,39.15267,44.248272,76.60283,39.395283,66.30764,5.317203,46.535217,73.8375,52.978344,42.26987,9.759807,36.08589
2022-07-24,6.649293,17.44362,23.76463,19.309654,24.343,14.024213,28.605768,0.0,20.004646,21.412977,10.814728,13.41303,31.59248,5.16036,15.475031,20.752789,7.150845,32.082733,0.0,2.687677,19.128902,0.0,19.028955,0.0848255,8.893303,27.84886,7.493498,33.155834,14.244521,0.0
2022-07-25,20.221584,34.839252,51.983692,25.90068,25.821522,26.415749,52.250202,10.688795,0.0,33.78462,14.245359,33.467854,55.88563,14.2541275,5.6490574,5.4661913,24.1954,67.66082,9.392993,15.541398,0.0,10.373376,32.57379,4.242049,33.963623,55.655056,21.803234,58.41031,7.553762,12.996795
2022-07-26,26.291769,47.202168,49.39038,22.670528,23.066826,33.341583,43.969517,35.03747,9.906145,29.739191,23.611828,34.103493,79.74815,16.371004,9.761753,28.479044,20.33669,88.06566,13.055737,28.64592,33.76142,33.345684,58.01491,6.626569,39.711758,71.87805,42.76128,65.72948,19.479006,18.854391
2022-07-27,18.224916,16.538528,72.10485,19.56673,11.286843,20.844498,45.127842,8.863401,0.0,46.799473,18.396214,20.644255,26.30549,6.282143,0.0,39.17921,9.160066,32.980843,3.682643,11.39322,46.34862,21.399961,18.817047,0.7537643,18.28666,11.21748,0.0,57.253357,0.0,0.0
2022-07-28,12.870684,16.298332,25.408545,5.2002306,5.4310308,0.0,33.614536,0.0,0.0,42.238644,0.0,0.0,16.699547,5.4377737,5.6025705,0.0,6.7021327,32.845127,11.929564,3.8586905,34.646637,8.022657,28.604734,2.2088563,3.308934,24.187016,26.337944,45.191765,0.0,12.245126
2022-07-29,0.0,4.553474,18.492607,16.362082,10.536942,20.88752,22.53166,11.350351,3.8504696,19.572296,15.793358,0.0,20.14551,1.7828257,15.2821,24.477987,3.5172272,30.645891,12.964812,4.565723,20.412489,0.0,27.285519,10.85556,2.928277,31.745584,17.551838,25.405617,0.0,13.000749
2022-07-30,10.095403,28.850327,33.69963,16.03836,23.869896,14.631262,38.79347,23.611654,0.0,47.10375,15.071597,23.600735,35.779385,18.621635,7.5998397,36.424244,20.28113,37.097996,5.7733536,17.812794,88.64106,27.665272,26.4797,0.27413017,19.754257,23.075825,25.8246,50.811234,5.92003,10.614653
2022-07-31,10.895731,12.981154,53.678543,19.073957,29.983395,28.259869,35.771168,12.31974,0.0,55.532505,18.582485,33.20899,39.521255,18.532595,0.0,37.842716,10.081175,36.113068,4.9673357,21.871695,75.7529,18.985395,9.109629,1.030225,31.5704,17.24229,9.025553,46.814148,0.0,5.2683554
2022-08-01,2.0882926,10.231941,11.541541,9.3885355,14.845447,7.6266227,13.754482,5.122196,0.0,25.467628,4.4736176,29.03698,17.502993,19.58398,0.0,16.377268,11.635442,13.387063,0.0,14.297619,35.766453,8.95184,6.4395075,2.5961552,18.026112,2.8240476,4.592241,18.699486,12.718555,0.0
2022-08-02,7.681241,17.875542,21.229292,16.644545,19.217703,12.624142,10.958853,8.096687,11.652211,10.142051,12.563394,25.1232,29.700602,16.31952,13.724928,0.0,8.110282,28.364794,9.599522,14.124067,55.825848,9.771018,22.590994,5.849571,15.792648,21.324743,22.021156,33.984005,11.938063,11.072603
2022-08-03,14.129365,40.152977,27.380203,29.161312,25.319275,30.323574,35.650326,25.204596,21.591963,58.451435,24.80128,36.10243,56.70351,28.977442,19.821636,0.0,30.723269,55.67801,21.205103,21.992191,33.388245,23.9329,41.22244,6.42977,34.445255,39.491764,35.46115,70.59184,23.41236,29.106623
2022-08-04,17.911871,32.748672,42.863945,27.315845,24.780975,33.08163,48.698822,18.23289,23.669897,54.016808,24.37497,34.86248,55.44445,32.052834,17.768213,16.935375,23.841085,53.298492,17.63409,35.302555,40.117558,22.404799,35.195724,13.083469,40.17193,35.321377,29.304985,76.96167,20.93576,21.327276
2022-08-05,30.221586,5.044027,54.17441,5.0983267,5.3510523,7.861189,39.563454,4.967282,15.704167,8.817166,5.6800175,7.414833,15.0277195,6.4382997,12.310982,44.02422,4.9859395,34.508118,7.0423517,6.9607925,0.0,5.141333,5.2462087,3.4728794,6.971319,4.138134,3.331868,39.532146,10.016307,6.8022766
2022-08-06,4.374122,0.0,4.698568,3.7136762,5.8910623,2.1159096,0.0,0.0,4.2001524,4.753101,0.0,13.040268,0.0,0.0,3.8591783,0.57737315,0.0,0.0,0.0,12.052884,0.0,0.0,0.0,0.0,14.7003145,0.0,0.0,0.0,5.153459,0.0
2022-08-07,0.0,4.893259,0.0,6.2048674,5.44845,4.7574844,0.0,0.0,5.341834,14.101596,7.1502686,5.6140504,10.905997,4.874427,6.183601,0.0,5.7446585,0.0,0.0,0.0,12.84728,7.940856,0.0,0.0,10.677822,0.0,0.0,11.75746,6.8710785,0.0
2022-08-08,11.532232,21.809164,16.367628,7.9993906,7.4992204,8.156314,18.167412,16.904516,0.0,22.560806,7.9737697,15.004131,24.094984,12.786383,2.6460214,15.926806,12.700364,26.290293,14.918496,10.03736,15.716361,14.777947,25.750525,14.210919,10.643129,25.157719,22.986683,11.589035,2.327647,15.797895
2022-08-09,3.8026469,14.315231,22.589016,10.78032,0.0,9.898825,26.380117,8.855243,0.0,0.0,3.7567992,15.589147,27.9169,0.0,0.0,0.0,5.159381,31.302084,8.6815,3.242181,0.0,8.71768,16.6975,8.8333025,12.651517,18.059805,12.7793045,38.217224,0.0,7.7181625
2022-08-10,3.534533,5.8856134,12.771865,0.0,0.0,0.0,7.7417464,0.0,0.0,0.0,0.0,0.0,9.580089,0.0,0.0,0.0,6.208312,7.182944,2.4282904,0.0,0.0,0.0,10.657312,2.9452868,0.0,9.44867,6.4152966,21.628405,0.0,3.8352365
2022-08-11,0.0,0.0,0.0,0.0,0.0,0.0,0.0,0.0,0.0,0.0,0.0,0.0,0.0,0.0,0.0,0.0,0.0,0.0,0.0,0.0,0.0,0.0,0.0,0.0,0.0,0.0,0.0,0.0,0.0,0.0
2022-08-12,0.0,0.0,0.0,0.0,0.0,0.0,0.0,0.0,0.0,0.0,0.0,0.0,0.0,0.0,0.0,0.0,0.0,0.0,0.0,0.0,0.0,0.0,0.0,0.0,0.0,0.0,0.0,0.0,0.0,0.0
2022-08-13,1.5364157,0.0,2.6448374,6.78967,3.241373,9.618192,0.0,0.0,1.0227832,0.0,4.2984138,10.262651,0.0,0.0,2.9157364,4.3096666,0.0,2.3572965,0.0,0.0,0.0,0.0,0.0,0.0,9.893119,2.176553,0.0,5.9141464,1.9193647,0.0
2022-08-14,0.0,0.0,0.0,5.8175125,2.4143622,0.0,0.0,0.0,0.61069465,8.786266,0.0,7.893092,0.0,7.1175365,1.7886403,0.0,0.0,1.7045174,0.0,0.0,13.650369,0.0,0.0,0.0,7.917454,0.0,0.0,0.0,2.2497008,0.0
2022-08-15,0.0,0.0,0.0,0.0,4.1273484,0.0,0.0,0.0,0.0,0.0,0.0,0.0,0.0,0.0,0.0,0.0,0.0,0.0,0.0,0.0,0.0,0.0,0.0,0.0,0.0,0.0,0.0,0.0,4.0014052,0.0
2022-08-16,0.0,0.0,2.2123742,13.949472,11.033251,9.027164,0.0,6.9181128,0.0,3.6857686,0.0,14.521386,0.0,10.257759,0.0,0.0,0.0,0.0,0.0,6.7000484,0.0,4.3713074,0.0,0.0,13.881578,0.0,6.961348,0.0,2.537179,4.5710664
2022-08-17,4.1299925,10.950588,7.582907,9.208388,10.825076,12.751134,5.908561,0.0,4.870129,13.506237,6.669558,19.343578,13.544797,15.696444,5.185083,0.0,10.864653,8.0412855,0.0,17.433445,5.4935746,8.734284,9.75069,0.0,18.802883,6.6388226,0.0,9.076589,10.227312,0.0
2022-08-18,7.361569,12.479208,13.997841,13.511282,8.560256,16.191298,15.64279,11.393773,0.0,13.9758625,16.877808,11.753726,14.360036,13.099444,5.2568026,7.096194,10.108375,17.254528,3.7369123,15.058992,9.575064,8.502911,10.887427,2.9706533,13.932868,10.821235,12.000486,17.319279,0.0,4.4175963
2022-08-19,2.9622016,14.858901,7.0751214,13.925995,4.8495736,17.81753,14.734799,16.555996,10.406457,5.879313,17.866802,9.516693,13.593423,4.4533596,9.905641,0.0,4.981295,18.064058,7.202489,9.250356,7.457157,17.37404,15.450602,8.437026,11.629458,16.788101,11.56151,20.13717,9.606069,0.0
2022-08-20,7.676561,10.809669,10.216049,6.1261444,5.77086,7.489399,8.634759,15.596538,10.2410555,8.49541,10.091411,6.6438274,10.825352,7.5556436,10.151632,1.0223529,8.242689,11.528533,25.491386,8.518504,0.0,13.396967,22.835045,12.7493305,3.3195443,17.947935,24.701565,7.1902423,3.9807627,21.63954
2022-08-21,0.0,16.185986,0.0,28.54369,29.301987,26.520084,0.0,16.545057,31.169237,16.660273,22.602142,39.662693,23.627989,15.456577,22.601826,0.0,13.669714,18.765451,5.993887,10.08784,18.890139,13.971603,15.183685,0.0,24.08537,15.171839,13.0681,16.826279,29.140242,9.90571
2022-08-22,2.4648473,36.040695,10.890688,22.470768,18.898632,22.405634,15.35986,26.553474,9.809867,33.627213,24.114288,25.579498,45.689953,23.827518,13.416048,5.5019193,22.755589,49.04629,24.958689,23.952953,13.86334,24.872734,47.42425,9.852478,24.039566,48.699272,37.731445,41.494,12.540774,27.383036
2022-08-23,15.019666,42.211864,17.659845,37.783325,22.413727,42.3865,21.617355,44.488213,5.0636654,31.849884,32.92308,41.89212,32.838512,25.823786,6.3583956,15.073676,34.982162,34.060207,32.380745,31.738281,28.985136,43.342896,43.38491,18.29987,45.670525,39.88309,45.632538,26.64451,7.2612195,37.992714
2022-08-24,9.084525,9.632489,16.785023,14.172782,16.775545,9.760006,11.712719,11.406421,0.0,12.030042,3.38058,23.48065,13.550965,16.710873,5.6961465,20.875679,7.431819,12.695461,13.329817,9.849792,18.330498,12.04362,13.38958,7.078731,10.979868,9.719228,15.832788,15.425905,10.471969,15.292733
2022-08-25,6.8834705,19.83068,12.40191,20.968334,18.052828,18.250076,18.48282,11.906935,6.6794243,21.787348,11.53178,33.711926,19.552177,20.387447,7.7117357,4.5078497,16.828127,26.47134,14.001792,15.00494,42.114,14.959736,20.93987,10.0989275,24.28896,24.733967,19.821014,20.384356,9.536719,14.136345
2022-08-26,18.213303,38.046726,38.978622,28.929451,26.381767,23.2077,45.976734,18.1769,0.0,51.39815,14.675474,48.543568,73.20508,43.379242,11.855579,23.578205,29.29129,73.09957,13.107519,44.49886,65.66245,17.900919,34.77806,20.709755,41.261036,43.386646,19.570255,76.24673,22.698969,12.149902
2022-08-27,16.768097,16.333569,39.240192,20.626228,18.335735,29.33851,38.67457,18.968082,7.575205,18.379284,27.080484,38.821346,35.816288,29.892029,12.97892,17.44266,19.002066,37.889572,18.196478,25.157682,23.892458,16.767618,22.75395,15.664295,40.186623,25.165638,17.759851,39.270615,15.631422,18.196478
2022-08-28,0.6859635,23.314938,12.158773,15.96976,13.850677,10.739262,14.504275,10.43315,0.0,36.648495,0.0,24.904144,29.962254,32.51049,13.858402,0.0,24.236235,34.009956,9.651037,31.477865,40.69858,10.806701,23.467615,5.141261,31.469435,22.965652,11.842453,34.482594,7.2425637,11.135368
2022-08-29,10.7672,15.155841,19.861855,15.08905,22.331863,11.925847,25.83392,14.282043,14.356137,32.881126,7.8651986,38.450558,26.101786,18.335398,12.638386,17.260399,11.442532,27.02268,9.567436,19.936531,26.067404,11.110221,16.914259,0.95962423,19.364662,19.18783,15.736049,42.813244,15.998369,11.569151
2022-08-30,28.955976,6.932941,43.733757,0.0,0.0,0.0,29.94762,5.32674,0.0,32.686695,0.0,0.0,37.04289,12.574348,0.0,40.524235,0.0,35.027443,6.49736,6.6352186,15.847873,7.6009455,8.300728,5.0839334,0.0,10.47875,6.5322375,47.563118,0.0,0.0
2022-08-31,18.86371,30.4562,26.03919,31.589924,20.743757,32.60264,27.925158,33.55065,9.234403,19.612339,30.907007,27.478903,27.065842,28.45982,16.79635,38.474163,23.05174,26.487204,24.152311,26.87374,16.476196,30.672989,32.37257,15.568458,29.960957,25.23358,37.156345,35.239346,7.4157724,35.226357
2022-09-01,10.699952,25.073315,33.322186,32.85858,22.490793,32.204395,19.64849,18.69247,21.082829,12.753237,27.552877,35.11077,17.716015,13.811831,21.088558,37.09874,25.169542,16.646994,22.975668,17.597004,14.101926,18.479021,24.5202,11.99356,36.638157,18.90457,19.780148,23.474316,21.023165,20.7362
2022-09-02,4.2042303,4.7463956,5.6163697,0.0,0.0,0.0,7.5610113,5.4117007,0.0,9.987166,0.0,0.0,8.188775,4.7159214,0.0,0.0,4.6664386,9.800683,0.0,6.278498,5.8605747,5.101212,3.9099433,4.759587,6.1450796,7.832389,0.0,11.953523,0.0,0.0
2022-09-03,4.170091,9.054753,12.382813,8.3866415,10.498534,0.0,4.5345736,0.0,0.0,6.1321516,0.0,8.86895,13.267757,6.416074,0.0,8.456891,11.570983,0.0,5.451731,7.1704593,6.3748927,0.0,6.303546,0.0,6.882158,0.0,7.0211673,5.7797537,0.0,6.2581162
2022-09-04,14.065873,23.170578,23.932571,20.144905,20.980322,10.362536,21.278648,14.972012,0.0,22.900425,8.960276,33.54131,36.10137,23.635649,0.0,35.65241,17.382238,34.945732,8.862612,23.114128,23.231817,13.753769,21.113272,2.6325045,25.54604,22.806297,14.523729,35.60985,0.0,11.578802
2022-09-05,6.180193,14.352386,19.672594,9.2435665,8.739244,8.617343,17.056286,7.10371,0.0,14.106841,5.7821207,11.844719,17.334524,14.448442,9.070104,20.617685,15.236106,21.160643,5.255266,14.573806,16.230373,9.371682,9.937743,6.0024343,13.791723,10.747413,8.442549,25.54556,0.0,5.844575
2022-09-06,2.4618616,12.182043,8.897696,7.059475,9.849958,9.348218,17.098526,4.080257,3.3058097,19.244425,5.746812,19.14173,19.342854,23.502926,4.91732,0.0,10.462524,17.567097,2.1723573,13.636101,28.56948,8.918027,6.7261934,3.3214152,15.37354,9.244766,3.7029562,29.27209,4.562664,0.0
2022-09-07,11.099122,18.46349,29.361214,15.104302,14.387105,14.313485,24.755136,18.49331,6.6116195,19.515556,19.52368,19.166348,37.487675,16.647156,9.451996,24.780973,18.001522,33.833908,16.322521,17.329622,26.927084,15.534118,13.497877,4.235999,15.687288,13.390367,16.163797,41.91619,9.616198,13.312466
2022-09-08,10.117923,4.5222464,26.438305,11.643375,11.667211,5.487825,0.0,6.6373115,10.534587,9.135956,4.582697,13.927141,4.4272933,9.295119,7.8556447,46.818798,3.9246957,0.0,5.4855123,8.931101,10.848634,3.8682594,3.646136,2.568269,9.801655,2.432566,6.8554893,0.0,9.327822,6.9548106
2022-09-09,0.0,0.0,0.0,14.576326,13.2490425,9.518778,0.0,0.0,15.475821,9.140538,2.525551,5.420947,0.0,5.6935577,14.539015,0.0,0.0,0.0,0.0,3.469462,0.0,0.0,0.0,0.0,4.4184513,0.0,0.0,0.0,12.359316,0.0
2022-09-10,0.0,5.692354,2.9836607,14.235901,15.057159,10.705215,7.323148,5.294626,16.30152,17.248264,6.80056,11.457204,16.749905,10.355148,15.272231,0.0,8.209706,7.8290324,6.1524386,4.8549695,10.848634,3.2523308,4.780115,2.538653,6.669197,3.4414592,5.64079,16.494686,15.512253,5.015658
2022-09-11,0.0,4.2552547,0.0,5.915853,7.6067944,5.711376,0.0,6.0066257,8.19636,3.2775698,6.04178,6.0386367,3.0250459,4.37709,6.829247,0.0,3.897989,0.0,4.940183,2.429994,16.785326,4.920378,3.6077135,0.0,4.2110424,0.0,3.9992852,1.9579732,8.519337,2.6903872
2022-09-12,0.0,0.0,0.0,1.9865453,0.0,0.0,0.0,0.0,0.0,0.0,0.0,0.0,0.0,0.0,0.0,0.0,0.0,0.0,0.0,0.0,0.0,0.0,0.0,0.0,0.0,0.0,0.0,0.0,0.0,0.0
2022-09-13,0.0,0.0,0.0,0.0,0.0,0.0,0.0,0.0,0.0,0.0,0.0,0.0,0.0,0.0,0.0,0.0,0.0,0.0,0.0,0.0,0.0,0.0,0.0,0.0,0.0,0.0,0.0,0.0,0.0,0.0
2022-09-14,0.0,0.0,3.8268707,0.0,0.0,3.5690596,8.122951,0.0,0.0,4.793457,0.0,4.8408237,6.5258822,2.8879745,0.0,0.0,0.0,8.322405,0.0,4.758672,3.6870487,0.0,0.0,0.0,5.8659286,1.795139,0.0,8.589147,2.07898,0.0
2022-09-15,0.36953112,0.0,4.926125,2.844608,4.223483,0.0,4.703094,2.2233934,6.724033,0.0,3.9965427,1.5131239,0.0,0.0,5.7601953,0.0,0.0,0.0,0.0,0.0,0.0,4.530232,0.0,0.0,0.0,0.0,0.0,0.0,6.792658,0.0
2022-09-16,0.0,0.0,0.0,0.0,2.94486,0.0,1.7529176,0.0,0.0,0.0,0.0,0.0,0.0,0.0,0.0,0.0,0.0,0.0,0.0,0.0,0.0,0.0,0.0,0.0,0.0,0.0,0.0,0.0,5.282775,0.0
2022-09-17,0.0,0.0,0.0,3.97748,5.470976,0.0,3.0262802,0.0,3.0749302,0.0,0.0,0.0,0.0,0.0,4.1715674,0.0,0.0,5.1476297,0.0,0.0,0.0,0.0,0.0,1.108435,0.0,2.3422987,0.0,4.662931,5.525539,0.0
2022-09-18,2.7935436,13.675171,13.539297,7.480981,5.3323603,8.687607,10.252735,7.6628165,4.386058,7.1796637,8.352173,3.6558635,14.888916,3.7870684,7.749619,4.352222,5.131781,15.105716,7.441779,6.2763896,3.294211,7.7964916,10.277057,3.8701122,7.1378975,11.628943,6.8052177,13.724329,4.179351,5.5077395
2022-09-19,1.8803102,6.8269258,8.652019,3.6465049,3.688963,3.1081054,9.028206,3.94327,8.251852,2.2348003,5.846991,2.3475313,6.452988,3.4717803,5.9742203,0.0,2.385178,8.05917,4.498713,1.9617765,3.6826162,2.1905935,6.8601155,1.6528969,3.0120983,4.5840063,5.8692117,9.659612,7.9163256,4.4280095
2022-09-20,0.0,0.0,0.0,5.998918,5.618405,4.697827,0.0,0.0,5.350475,1.1762867,2.7483373,3.3606267,0.0,1.1730622,5.9081573,0.0,0.0,2.6247487,0.0,1.9748402,9.43616,0.7271942,2.5495672,0.0,2.2899091,3.2436461,2.254825,0.0,3.4624345,0.0
2022-09-21,0.0,0.0,0.0,0.0,0.0,0.0,0.0,0.0,0.0,0.0,0.0,0.0,0.0,0.0,0.0,0.0,0.0,0.0,0.0,0.0,0.0,0.0,0.0,0.0,0.0,0.0,0.0,0.0,0.0,0.0
2022-09-22,0.0,0.0,0.0,4.6844826,0.0,2.3600297,0.0,0.0,0.0,0.0,0.0,0.0,0.0,0.0,0.0,0.0,0.0,0.0,0.0,0.0,0.0,0.0,0.0,0.0,0.0,0.0,0.0,0.0,0.0,0.0
2022-09-23,0.0,0.0,0.0,0.0,0.0,0.0,0.0,0.0,0.0,0.0,0.0,0.0,0.0,0.0,0.0,0.0,0.0,0.0,0.0,0.0,0.0,0.0,0.0,0.0,0.0,0.0,0.0,0.0,0.0,0.0
2022-09-24,0.0,5.2814975,0.0,0.0,0.0,5.3823314,0.0,8.216582,0.0,1.363137,7.274654,0.0,0.0,1.8256307,0.0,0.0,0.0,0.0,7.603506,6.1464834,1.9857413,6.6352534,0.0,0.0,6.1501694,0.0,7.588619,0.0,0.0,6.562516
2022-09-25,3.9564943,9.196588,4.537194,0.0,2.8592067,5.123855,1.6362778,7.432502,0.0,5.1247473,3.7436059,6.4392405,7.861533,7.9025793,0.0,4.006971,7.904129,7.257072,4.901785,10.043217,10.045756,9.150057,7.923098,0.0,9.904512,7.8594875,7.725959,3.6662524,0.0,6.961415
2022-09-26,8.894933,36.465992,7.168619,10.719987,9.592684,11.313712,6.174853,15.546231,7.260687,6.487258,13.1841,10.687641,26.524408,17.503021,10.894994,0.18441966,38.661556,10.866975,13.239868,21.686874,4.736862,16.512049,33.54416,10.541316,16.123734,13.447101,20.70885,3.9912107,6.9506254,13.612773
2022-09-27,0.7230318,1.6067739,0.751798,9.031408,10.056264,5.455021,1.707099,2.7554052,6.088293,1.3928496,3.711671,12.625016,4.7487726,3.7563734,6.6278734,0.32536995,5.320998,1.842449,3.780801,3.0338607,0.7634805,2.1863058,1.6640604,0.66438967,6.53187,0.7450105,3.1115353,1.8550835,5.9767466,3.3233364
2022-09-28,0.20757222,26.38109,3.249966,24.541805,20.953024,24.83131,0.7657052,21.91675,14.434475,1.8995198,23.068775,23.010939,0.8986483,8.430324,18.58585,1.4584848,13.548758,0.7250223,18.761852,24.83348,3.8560622,28.343643,9.68298,0.2892201,26.563343,0.3032459,19.859245,0.99188703,13.81099,17.8883
2022-09-29,0.055842776,4.5455995,1.9710358,5.84216,2.8477423,7.9056554,2.9408293,9.281114,5.4047103,4.8609486,9.989481,0.9696437,3.1136858,5.5011325,8.281936,0.22364002,1.4970249,2.7702441,8.85181,1.6577507,10.616747,7.1634126,3.8019714,0.13437799,2.2437544,0.2594786,8.745827,3.786216,4.483641,8.002146
2022-09-30,4.227632,0.00085114676,10.197135,0.95986694,1.276497,1.4441766,0.16157995,0.16040106,1.8555084,0.6186345,0.83311486,2.4179296,0.39692506,0.39594397,2.3829024,11.5096035,0.070499696,0.22264692,0.55012697,7.146206e-05,1.9404262,0.0,0.0009300696,0.031137757,0.0060024,0.010990074,0.08113645,0.57655054,1.5933506,0.15625748
2022-10-01,0.0,5.752732,0.0,4.5142684,5.0873117,3.6594973,3.8626885,6.3071766,13.364977,6.619957,5.808148,5.280449,3.422206,3.7168722,11.8152895,0.0,5.454507,4.5432873,4.4333286,4.9254193,4.2918634,8.366863,0.0,0.0,4.7679996,0.0,6.0027866,5.03447,18.921608,6.2347364
2022-10-02,1.659239,4.538079,6.9071884,8.848961,9.256862,6.328585,6.8477054,4.7958164,14.045207,13.164273,5.1240935,6.6421432,11.262412,10.2088585,11.7507925,8.2849245,5.8295336,7.889259,6.795639,5.443822,14.667797,4.250517,4.0771794,7.7445354,5.5163717,8.634026,4.0848074,11.079382,13.312783,6.6368647
2022-10-03,8.101122,0.0,7.781565,10.4192705,16.048647,10.17658,5.7499566,7.567017,18.275715,3.298638,9.694527,19.941816,4.232417,9.497113,17.655254,10.390642,0.0,4.880787,8.150815,5.8773093,9.847874,4.181268,2.6174138,6.129747,7.700241,6.391416,6.6625137,4.0939837,23.882874,7.2812605
2022-10-04,1.5061939,8.749746,1.7625959,12.990021,5.3939,14.718412,4.4223547,14.755285,6.3218584,6.9012647,16.26466,3.7929418,0.0,11.179851,16.099833,0.0,4.1479235,0.0,17.197996,9.682026,12.588972,9.432763,5.62934,4.0556226,9.019808,2.9874802,12.636793,0.0,5.6047225,14.675593
2022-10-05,7.5281644,20.663723,7.9034505,27.27667,22.570686,21.70757,2.6404054,19.83244,31.344437,10.753474,19.812088,22.840187,15.676294,15.441345,33.852634,6.951558,20.062202,12.809903,23.132229,20.083042,21.835823,21.201546,20.670158,7.2577343,24.088646,14.73401,22.036106,8.685727,29.13325,22.955376
2022-10-06,4.816733,15.104225,8.253104,22.703922,20.272017,22.180637,12.743154,13.620061,17.323996,9.572361,20.48218,17.80997,12.591032,10.351557,23.973074,7.6851077,14.864667,13.284705,23.053123,14.469558,11.415979,13.444212,19.095158,17.72708,11.495197,18.50322,19.084866,15.214298,24.422472,21.179537
2022-10-07,2.891622,16.726725,0.0,8.1666565,17.512062,15.200583,3.306092,23.9941,23.078516,6.0996814,24.391972,7.2649975,4.932289,3.300517,20.453741,0.0,10.693316,4.23212,31.158442,7.553086,0.0,19.021854,14.102562,9.870749,8.4187,5.9596744,24.817327,5.0249634,23.800167,28.789614
2022-10-08,7.9945593,12.993325,11.224701,13.329923,13.178718,13.551293,12.215091,17.591038,6.958431,11.828897,15.98798,12.119533,13.135002,9.823833,14.033789,0.0,11.177145,12.379714,15.264521,8.391493,10.2305765,17.202507,16.070114,15.702014,11.235428,16.090487,14.743546,11.828022,12.289694,13.647621
2022-10-09,15.522227,24.26993,17.92419,14.183105,13.08498,14.6392,18.03233,16.848503,8.78786,22.67911,19.619802,15.793955,26.579252,19.351152,13.185235,13.008997,24.16875,21.080357,27.508322,16.079754,19.81599,14.32622,26.948797,26.49707,14.874958,22.441427,23.766563,24.315598,13.714477,25.72068
2022-10-10,6.8983912,12.785739,12.817792,15.545308,9.395589,16.70518,12.033304,6.722903,15.703955,15.292971,10.376162,15.602408,12.3292055,17.646055,20.509914,8.51469,17.288004,11.305476,9.3064165,18.284546,16.849964,8.600611,6.7839293,8.892453,16.941902,8.975713,8.707701,15.651104,17.927711,7.7404184
2022-10-11,0.0,8.330637,10.380028,17.147251,16.994211,14.617075,8.347736,7.9545426,0.0,21.821478,0.0,23.229473,11.315142,22.797003,14.133054,0.0,13.365388,5.6422787,27.729868,19.144358,20.669792,7.078189,0.0,9.294977,22.462013,10.1612425,9.130533,10.165032,13.558745,24.516268
2022-10-12,12.515266,20.609024,17.057585,0.0,20.633474,10.02966,18.170912,39.657597,0.0,10.096996,33.678143,26.23639,11.587386,8.07887,0.0,18.206602,7.487542,9.372984,35.421394,9.620565,4.198755,37.978592,12.832881,15.891691,7.2787867,8.722657,35.727837,20.035936,0.0,28.20343
2022-10-13,45.907143,9.890036,45.946545,19.989544,25.242907,15.677033,16.099161,0.0,0.0,6.987934,15.886856,22.20621,8.618225,15.3227005,14.87692,47.302944,13.240359,8.993431,0.0,12.828075,10.35681,7.459848,13.385634,25.86577,18.179935,21.775965,12.28744,11.033129,0.0,0.0
2022-10-14,12.100424,23.566055,16.643375,34.77623,27.370512,30.444422,22.849955,25.964613,21.48483,19.97669,35.14067,35.494057,22.338734,32.04351,24.828392,9.231004,18.50423,23.968904,39.945026,23.832031,28.883823,29.114885,22.3944,10.242282,31.108345,22.989862,19.943745,26.014172,20.782877,33.136272
2022-10-15,0.0,14.641521,8.292924,0.0,16.17728,8.87274,10.430418,7.234359,0.0,16.464674,0.0,27.687572,14.566098,20.46423,0.0,10.986533,12.135764,14.402446,0.0,15.387377,23.57437,11.489511,16.450703,10.70316,17.987965,17.234953,8.89718,15.439215,0.0,0.0
2022-10-16,7.26723,14.157789,21.761648,13.423323,7.379113,15.778486,14.2318735,12.100563,0.0,19.312075,15.700788,22.540852,15.917277,20.21602,0.0,20.8843,14.139926,13.309849,29.567604,18.033482,20.28866,16.122616,14.570577,10.088761,23.251442,13.463698,20.710516,16.293968,0.0,29.413475
2022-10-17,20.077166,7.7066517,29.414242,9.521946,9.375876,6.2367277,24.01374,20.089127,0.0,17.240116,15.816411,7.4376316,22.025661,13.100396,0.0,24.797668,6.3068275,18.763912,33.939648,6.271538,16.669353,7.0540667,18.256474,16.583357,5.8022146,15.744769,25.440027,22.915382,0.0,29.481968
2022-10-18,5.67687,13.298634,0.0,17.63988,20.926575,15.572898,7.410442,12.675954,0.0,6.430535,15.720538,13.826618,12.497636,6.372592,10.472158,10.750978,7.286805,12.526478,27.154152,9.597956,7.4866476,15.671319,15.191183,13.951911,13.677229,16.52088,17.6683,11.754758,21.115255,22.197187
2022-10-19,6.589755,20.976553,0.0,7.5576725,9.067495,8.698539,14.12432,22.581694,14.240659,9.0350895,13.235514,16.977293,12.941161,11.4523535,11.353353,0.0,17.150116,14.286413,20.115025,16.692898,9.13863,16.408852,24.687304,14.825468,14.04325,21.653631,22.392021,14.201672,12.420943,21.922098
2022-10-20,34.06429,22.103947,34.625134,12.530201,9.645156,16.995775,30.538652,18.758068,0.0,26.498375,14.819988,13.910079,24.77411,22.764091,18.962936,26.592234,21.71861,29.41319,20.235712,20.250257,19.422947,16.488487,27.136257,29.766964,19.521744,32.214012,23.954384,30.463362,15.409295,13.993915
2022-10-21,13.941884,33.04964,22.460958,21.08222,11.207559,24.088354,18.323988,44.742775,15.292351,25.684155,39.883633,18.51123,16.739943,27.19451,16.11096,23.985378,22.136713,16.233843,55.875355,25.423786,30.71156,34.2083,27.14695,19.629313,25.374096,20.398285,42.64289,18.864737,13.911022,44.99045
2022-10-22,10.519774,9.034967,11.248138,0.0,0.0,7.682594,9.764215,15.371538,10.554939,4.0369325,16.377201,4.885737,8.850023,0.0,12.984038,11.008727,10.266524,9.033514,28.982515,5.8186026,0.0,14.84013,6.480632,17.311796,8.566097,11.85052,20.723211,10.846121,7.270365,23.008585
2022-10-23,12.326892,0.0,19.509653,13.651413,9.405723,22.105776,16.987152,9.702873,0.0,0.0,17.627663,0.0,23.908304,4.585461,19.765312,17.766396,0.0,20.268099,18.385666,0.0,0.0,0.0,9.1962805,17.755693,0.0,17.503937,9.52453,22.967113,0.0,13.074673
2022-10-24,6.6599894,8.27443,20.187067,0.0,0.0,0.0,11.549655,10.122385,0.0,7.340145,0.0,0.0,9.562752,0.0,0.0,10.894033,0.0,15.693343,39.90947,0.0,0.0,5.537273,27.986126,20.70812,0.0,26.682253,26.220856,14.152623,0.0,42.26526
2022-10-25,7.6104264,0.0,10.988898,0.0,0.0,0.0,10.549119,0.0,0.0,0.0,0.0,0.0,0.0,0.0,0.0,0.0,0.0,8.422313,0.0,0.0,0.0,0.0,5.019594,6.850723,0.0,0.0,0.0,11.589467,0.0,0.0
2022-10-26,0.0,0.0,1.3092282,0.0,0.0,0.0,2.3225691,0.0,0.0,0.0,0.0,0.0,0.0,0.0,0.0,6.7996836,0.0,0.0,0.0,0.0,0.0,0.0,0.0,0.0,0.0,0.0,0.0,4.5634036,0.0,0.0
2022-10-27,0.0,0.0,0.0,0.0,0.0,0.0,0.0,0.0,0.0,0.0,0.0,0.0,0.0,0.0,0.0,0.0,0.0,0.0,0.0,0.0,0.0,0.0,0.0,0.0,0.0,0.0,0.0,0.0,0.0,0.0
2022-10-28,0.0,0.0,0.0,0.0,0.0,9.957279,0.0,0.0,0.0,0.0,13.627709,0.0,0.0,0.0,0.0,0.0,0.0,0.0,0.0,0.0,0.0,0.0,0.0,0.0,0.0,0.0,0.0,0.0,0.0,0.0
2022-10-29,0.0,0.0,0.0,0.0,0.0,0.0,0.0,0.0,0.0,0.0,0.0,0.0,0.0,0.0,10.14966,7.232471,0.0,0.0,7.492424,0.0,0.0,0.0,0.0,10.46908,0.0,0.0,0.0,0.0,0.0,12.109274
2022-10-30,9.150609,0.0,6.7595205,0.0,0.0,0.0,0.0,0.0,9.452418,0.0,10.867855,0.0,0.0,6.900083,9.461234,4.931421,6.883442,0.0,30.45132,6.7932835,0.0,0.0,16.994774,12.297844,0.0,12.1964245,12.944983,0.0,9.00653,29.723875
2022-10-31,13.236696,21.90388,16.783812,34.06671,18.366846,53.54223,18.875294,51.977192,46.21931,0.0,68.50074,14.759073,19.602272,6.3552895,42.601147,27.00041,13.767196,23.705559,82.53128,8.945434,3.473144,26.943024,48.903145,44.55737,14.060103,38.16168,53.984867,3.976758,53.98577,71.21445
2022-11-01,27.66708,34.40757,36.154377,44.795734,33.01092,48.33389,26.466238,36.235672,99.50676,32.95735,38.835625,14.7606125,30.971165,36.052105,71.313614,31.38311,32.391438,25.866905,43.946564,23.881714,39.586945,26.222563,41.66314,16.43734,23.48985,14.430925,43.432793,31.784346,86.64889,42.71415
2022-11-02,15.880998,13.459303,15.256444,10.538155,0.0,20.187637,25.749928,13.0494175,50.562447,36.409214,32.348473,0.0,46.89508,17.642069,45.627815,17.063644,14.61205,37.26742,33.09261,3.6383677,11.448433,12.663454,15.211128,18.822762,0.0,18.726545,12.725103,49.511063,23.004187,14.113947
2022-11-03,42.874126,6.694791,44.440792,28.130756,7.6030955,57.204563,43.55904,21.09152,27.830296,10.329711,47.16478,4.298387,17.449497,9.277468,61.801067,30.431519,5.4747434,36.500362,33.838245,6.0928164,0.0,14.585647,13.299647,23.0326,7.6195984,6.628514,29.59311,36.78795,29.528006,36.12151
2022-11-04,20.42582,0.0,26.673946,8.777578,0.0,12.969412,20.271574,8.07593,0.0,0.0,11.636745,0.0,13.983715,10.620765,6.4453797,31.422962,11.075621,19.214638,64.68474,6.971155,0.0,8.07593,23.501038,25.126146,5.495764,19.243153,34.633873,19.546516,0.0,62.788082
2022-11-05,24.909634,5.6358724,25.482729,10.7465,0.0,10.13079,13.144888,0.0,0.0,0.0,7.8926835,0.0,8.925554,0.0,8.774414,25.238115,0.0,11.40666,9.852501,0.0,0.0,0.0,12.2358675,19.686888,0.0,12.041285,0.0,13.783167,0.0,0.0
2022-11-06,11.474931,13.884624,11.43166,4.8813667,0.0,11.316747,16.047077,23.559605,0.0,22.04992,29.283949,0.0,17.817883,7.055891,13.2413645,7.9440384,9.3442745,19.675678,28.05577,4.7315984,13.641042,15.529286,17.38571,7.7000136,5.6687365,13.424024,26.993309,20.249771,0.0,27.470375
2022-11-07,0.0,5.2977805,11.294976,0.0,0.0,9.289415,0.0,17.636282,0.0,0.0,17.123611,0.0,0.0,0.0,11.592645,16.565615,0.0,0.0,28.48278,0.0,0.0,7.6795835,22.37487,13.836657,6.9370537,9.360688,21.964449,10.186648,0.0,24.634853
2022-11-08,19.171915,9.905259,28.33226,7.7877975,0.0,15.679369,20.19253,16.766916,9.994334,18.147907,20.688587,0.0,17.342323,15.157409,14.9899435,23.091108,8.934279,10.852643,22.23557,7.7665873,5.242405,5.478632,9.939504,9.654802,6.9538593,8.860719,11.080769,18.660002,9.684733,17.307539
2022-11-09,11.734194,5.443962,16.123484,0.0,0.0,0.0,5.985232,10.330846,0.0,0.0,11.119278,0.0,0.0,3.4349236,0.0,20.757822,0.0,0.0,29.307472,0.0,0.0,5.8434024,12.556799,12.094856,4.0613623,9.758261,22.03822,0.0,0.0,28.379467
2022-11-10,12.430187,18.866777,9.011517,19.880314,13.392419,27.16987,9.114933,33.41367,28.323683,17.996655,34.999214,13.966259,18.40444,16.539457,23.83603,8.067445,18.162634,11.368847,38.705784,17.21477,0.0,21.417067,19.053062,16.032557,18.998383,15.532915,31.671986,8.7452545,22.997555,34.405113
2022-11-11,32.465908,76.798706,29.22126,106.00502,76.4848,118.10399,45.3145,126.525696,137.286,87.56622,129.11667,66.82421,72.56537,69.10191,128.08899,22.989397,70.546135,54.785023,128.79778,71.17,99.029236,82.493256,81.97458,37.627644,75.41622,54.600803,120.91368,57.78771,124.764534,126.25741
2022-11-12,16.276361,16.219482,21.399992,83.37331,68.70198,63.56408,21.676224,9.184316,68.17674,43.112587,24.25775,25.28607,29.899712,35.618816,95.67135,8.230066,14.457704,17.966537,0.0,17.580566,56.184875,10.064802,11.512393,7.8372483,20.621944,14.510922,0.0,32.75567,83.57796,0.0
2022-11-13,35.848404,28.407866,33.58353,27.973137,24.937046,32.29388,30.675745,29.929005,44.60364,20.131536,36.578876,19.279451,29.27529,18.167953,38.01295,34.849052,24.615242,27.364408,35.25424,20.489677,14.269803,22.4602,27.734941,32.901382,25.163408,27.395712,30.404884,27.215761,46.990757,33.90463
2022-11-14,39.550484,17.888525,37.63994,16.248152,19.93214,9.122916,15.286015,14.594062,41.67574,10.296212,14.105839,0.0,18.038256,6.1572056,39.611355,36.96297,12.614134,17.444414,34.846863,6.9676967,0.0,8.408279,31.04961,26.34105,0.0,23.908014,31.114162,18.102943,37.61555,33.323357
2022-11-15,11.064588,0.0,16.539444,0.0,0.0,11.252155,8.449168,14.957376,0.0,0.0,14.605427,0.0,0.0,0.0,0.0,26.81956,0.0,0.0,8.807758,0.0,0.0,0.0,0.0,0.0,0.0,0.0,0.0,7.711397,0.0,0.0
2022-11-16,1.6082852,0.0,13.993054,0.0,0.0,0.0,0.0,0.0,0.0,0.0,0.0,0.0,0.0,0.0,0.0,8.770266,0.0,0.0,0.0,0.0,0.0,0.0,0.0,0.0,0.0,0.0,0.0,0.0,0.0,0.0
2022-11-17,2.7159069,7.7688746,4.577699,9.347439,9.390185,11.546656,0.0,12.267961,24.4474,0.0,12.432256,6.3365154,2.8359606,2.098835,14.560158,7.8425674,5.710477,3.0117762,14.18577,3.5273108,0.0,8.220618,9.599772,4.5847645,6.5449286,6.9852896,12.1924,0.0,14.276178,16.478203
2022-11-18,0.0,7.0038266,0.0,10.74308,7.4073515,7.354858,2.6341538,5.841855,27.520264,5.38177,5.566915,4.779696,9.7588625,4.1613817,18.32444,0.0,4.698257,4.7404804,13.299013,5.096653,0.0,7.4809175,5.7048173,2.5688593,5.807931,3.1649127,6.5751657,11.076217,23.880257,12.119617
2022-11-19,6.591965,5.8521986,7.5932865,11.60911,5.7286186,12.951289,7.394014,3.8082595,0.0,8.1466,16.364738,4.409938,9.481585,7.282024,10.34691,6.090023,7.2285647,8.1141615,12.996138,1.5943879,9.281609,4.006045,8.622956,6.2008257,2.4958577,5.2393694,6.105153,11.873282,7.382786,7.947752
2022-11-20,0.0,0.0,0.0,4.457347,4.6686826,6.702327,0.0,0.0,45.892994,0.0,0.0,3.892539,0.0,0.0,16.475983,0.0,0.0,0.0,0.0,0.0,0.0,0.0,0.0,0.0,0.64785993,0.0,0.0,0.0,32.44625,0.0
2022-11-21,0.0,0.0,0.0,30.678282,35.119896,23.319008,0.0,0.0,94.91459,0.0,8.676709,0.0,0.0,1.7001836,72.781784,0.0,0.0,0.0,0.0,0.8625269,0.0,0.9018192,0.0,0.0,3.3014908,0.0,0.0,0.0,80.75552,0.0
2022-11-22,0.0,0.0,0.0,9.48559,11.706631,0.0,0.0,0.0,47.698536,0.0,0.0,0.0,0.0,0.0,31.59963,0.0,0.0,0.0,0.0,0.0,0.0,0.0,0.0,0.0,0.0,0.0,0.0,0.0,65.002815,0.0
2022-11-23,0.0,0.0,0.0,10.297981,16.28483,4.435394,0.0,0.0,19.388329,0.0,0.0,2.7899725,0.0,0.0,0.0,0.0,0.0,0.0,0.0,0.0,0.0,0.0,0.0,0.0,0.0,0.0,0.0,0.0,18.637613,0.0
2022-11-24,0.0,0.0,0.0,0.0,3.128428,0.0,0.0,0.0,0.0,0.0,0.0,3.3101914,0.0,0.0,0.0,0.0,0.0,0.0,0.0,0.0,0.0,0.0,0.0,0.0,0.0,0.0,0.0,0.0,0.0,0.0
2022-11-25,0.0,0.0,0.0,0.0,0.0,0.0,0.0,0.0,0.0,0.0,0.0,0.0,0.0,0.0,0.0,0.0,0.0,0.0,0.0,0.0,0.0,0.0,0.0,0.0,0.0,0.0,0.0,0.0,0.0,0.0
2022-11-26,0.0,0.0,0.0,0.0,0.0,0.0,0.0,0.0,0.0,0.0,0.0,0.0,0.0,0.0,0.0,0.0,0.0,0.0,0.0,0.0,0.0,0.0,0.0,0.0,0.0,0.0,0.0,0.0,0.0,0.0
2022-11-27,2.7049987,1.5354811,4.2747326,0.0,0.0,0.0,4.6719365,0.0,0.0,18.831623,0.0,0.0,0.0,0.0,0.0,3.4359167,0.0,4.613825,0.0,0.0,17.478626,0.0,5.701302,0.0,0.0,4.613825,6.780057,7.135307,0.0,0.0
2022-11-28,0.0,0.0,15.473913,0.0,0.0,0.0,0.0,0.0,0.0,9.226397,0.0,0.0,10.126768,0.0,0.0,17.353348,0.0,9.550969,0.0,0.0,18.654427,0.0,0.0,0.0,0.0,0.0,0.0,0.0,0.0,0.0
2022-11-29,6.8507605,0.0,14.691578,0.0,0.0,0.0,18.610321,0.0,0.0,0.0,0.0,0.0,0.0,0.0,0.0,0.0,0.0,16.974102,0.0,0.0,0.0,0.0,0.0,0.0,0.0,0.0,0.0,32.577724,0.0,0.0
2022-11-30,0.0,0.0,0.0,0.0,0.0,0.0,0.0,0.0,5.646263,0.0,16.52886,0.0,0.0,0.0,0.0,4.7587113,0.0,0.0,21.486135,0.0,0.0,0.0,0.0,6.684077,0.0,0.28991336,7.3814254,0.0,0.0,14.71239
2022-12-01,0.0,15.82001,0.0,0.0,0.0,0.0,0.0,10.291092,0.0,0.0,15.417184,0.0,11.139104,0.0,7.9777927,0.0,16.621805,6.2990394,28.092363,15.949549,0.0,0.0,4.719875,0.0,0.0,8.514842,0.0,0.0,0.0,21.455564
2022-12-02,17.72649,0.0,26.245409,0.0,0.0,0.0,0.0,0.0,0.0,0.0,0.0,0.0,0.0,0.0,0.0,26.981638,0.0,0.0,0.0,0.0,0.0,0.0,0.0,0.0,0.0,0.0,0.0,23.29217,0.0,0.0
2022-12-03,14.725311,14.213264,23.569658,11.609412,0.0,11.387542,19.133041,17.372507,0.0,44.106865,20.548225,0.0,50.28247,32.52643,9.72621,28.13575,22.790495,40.44425,24.210588,17.552107,0.0,16.27295,38.52721,29.997261,12.926182,28.367098,38.704376,59.302006,0.0,24.15917
2022-12-04,42.219513,43.116047,48.358334,51.721176,30.28758,68.3161,41.482258,62.29371,30.30937,57.793415,69.78327,31.593822,42.573486,34.353775,49.663822,46.30961,31.096052,42.056522,50.658447,38.54576,49.27361,51.10202,33.04462,33.901787,44.333588,26.474033,43.033947,51.36643,25.102844,42.613853
2022-12-05,15.1747465,11.466968,23.994673,26.9831,22.489008,24.863745,31.95376,10.608367,0.0,30.640926,36.831215,5.429921,22.326553,14.226604,18.096622,16.517828,10.219365,29.842552,45.005898,0.0,27.15343,5.4581976,13.318287,21.225988,1.9312942,17.429934,14.931196,14.862811,0.0,27.8101
2022-12-06,8.176515,9.10396,0.0,26.320358,27.689548,27.945574,9.274958,15.278794,43.380333,13.26881,17.159836,12.816375,15.094571,7.317596,47.101006,0.0,5.341869,10.604376,18.854605,10.010716,10.402336,9.930504,7.45364,9.886047,13.374206,7.9302506,12.6804,14.452524,48.376175,17.238731
2022-12-07,19.87705,11.714389,22.939398,14.5820675,15.271711,15.544049,32.664406,16.579836,26.104385,38.664227,17.60581,8.798008,46.13439,21.647995,19.517595,0.0,10.12342,37.082413,31.610188,10.445953,36.48283,11.200352,24.056015,21.62496,11.398273,16.478365,28.246155,48.83578,15.269091,32.27245
2022-12-08,42.959736,17.160437,45.55837,55.85817,47.77573,48.37464,43.344376,29.49982,86.90573,80.99294,36.16446,25.808598,63.76778,61.07198,68.728134,46.2726,17.382185,44.115875,50.107105,27.73655,57.90303,19.623087,28.200802,35.326244,47.02627,27.139494,35.02526,71.85148,61.19622,49.560783
2022-12-09,10.068985,10.608174,11.449369,63.81601,65.257614,42.743843,12.38726,14.779096,101.47373,20.771755,29.814142,18.078087,21.26168,13.043962,76.57991,12.396192,7.709385,14.720759,28.515755,9.591899,17.196741,13.492053,11.779958,10.450391,13.048838,9.806787,16.41011,20.708933,87.43435,26.71092
2022-12-10,0.0,0.0,0.0,10.405265,13.151418,0.0,0.0,0.0,0.0,0.0,0.0,6.4691963,0.0,0.0,11.740003,0.0,0.0,0.0,0.0,0.0,0.0,0.0,0.0,0.0,0.0,0.0,0.0,0.0,13.883263,0.0
2022-12-11,0.0,11.969675,0.0,42.153503,27.920513,39.792324,0.0,26.851463,55.068554,33.196655,35.47686,29.87074,0.0,0.0,59.85332,7.415018,7.617219,0.0,26.802439,9.326112,0.0,24.866539,11.609801,0.0,22.137775,0.0,24.654629,11.486477,46.918354,21.91511
2022-12-12,3.20376,18.651255,0.0,135.5394,131.44397,74.44278,7.7508426,18.569235,117.81495,15.891933,24.465216,33.751503,27.158491,25.401754,148.33304,0.0,26.072119,12.55748,0.0,11.033612,0.0,16.606953,10.361393,0.0,28.09814,7.0113916,11.574642,0.0,141.07626,7.530922
2022-12-13,0.0,36.65392,0.0,36.314423,32.081623,24.802673,0.987585,29.974663,0.0,72.06033,19.424017,40.309334,26.155344,33.68134,0.0,0.0,12.479133,8.874253,12.605145,33.510323,106.597786,39.075558,11.872267,0.0,36.11999,7.382841,28.312609,30.820173,0.0,26.835789
2022-12-14,11.488926,0.0,10.909704,10.114642,15.181665,0.0,16.478504,0.0,0.0,0.0,0.0,7.27106,0.0,0.0,0.0,7.615167,0.0,3.9635394,0.0,0.0,0.0,0.0,0.0,0.0,0.0,1.902988,0.0,15.355866,21.785728,0.0
2022-12-15,0.0,0.0,0.0,0.0,0.0,0.0,0.0,0.0,0.0,0.0,0.0,0.0,0.0,0.0,0.0,0.0,0.0,0.0,0.0,0.0,0.0,0.0,0.0,0.0,0.0,0.0,0.0,0.0,0.0,0.0
2022-12-16,0.0,0.0,0.0,0.0,0.0,0.0,0.0,0.0,0.0,0.0,0.0,0.0,0.0,0.0,0.0,0.0,0.0,0.0,0.0,0.0,0.0,0.0,0.0,0.0,0.0,0.0,0.0,0.0,0.0,0.0
2022-12-17,0.0,2.6983616,0.0,0.0,0.0,8.362291,0.0,8.351492,0.0,0.0,11.402347,0.0,0.9501592,0.0,0.0,0.0,2.1733577,0.0,5.9933295,4.015662,0.0,5.807397,3.9601164,0.0,6.6061697,0.0,7.7460604,0.0,0.0,4.6470556
2022-12-18,0.0,0.0,5.8820624,0.0,0.0,0.0,0.0,0.0,0.0,0.0,4.8950605,0.0,0.0,2.0559564,0.0,0.0,0.0,0.0,7.681836,0.0,0.0,4.895061,0.0,0.0,3.6819644,0.0,0.0,0.0,0.0,7.681836
2022-12-19,9.217833,0.0,8.664972,0.0,0.0,0.0,3.3344443,9.987989,0.0,0.0,8.256638,0.0,0.0,0.0,0.0,6.5696993,0.0,4.025876,19.925625,0.0,0.0,0.0,6.455741,12.028872,0.0,6.1501236,14.129267,0.90227723,0.0,20.089437
2022-12-20,0.0,0.0,0.0,0.0,0.0,0.0,0.0,0.0,0.0,0.0,9.259325,0.0,0.0,0.0,0.0,2.9790633,0.0,0.0,28.297411,0.0,0.0,0.0,0.0,0.0,0.0,0.0,5.46189,0.0,0.0,27.413582
2022-12-21,8.472689,10.162782,11.535542,36.45694,36.932693,31.387152,6.889383,26.897532,36.84333,0.0,30.075066,21.808731,0.0,0.0,35.14654,16.227156,1.4807547,3.9300256,47.872417,0.0,0.0,23.836163,9.251309,13.622318,20.30932,0.0,21.40096,1.8295423,37.354797,43.852013
2022-12-22,0.0,0.0,0.0,0.0,0.0,0.0,0.0,0.0,0.0,0.0,0.0,0.0,0.0,0.0,0.0,0.0,0.0,0.0,12.820021,0.0,0.0,0.0,0.0,0.0,0.0,0.0,0.0,0.0,0.0,11.428114
2022-12-23,0.0,0.0,0.0,0.0,0.0,0.0,0.0,0.0,0.0,0.0,0.0,0.0,0.0,0.0,0.0,0.0,0.0,0.0,0.0,0.0,0.0,0.0,0.0,0.0,0.0,0.0,0.0,0.0,0.0,0.0
2022-12-24,0.0,0.0,0.0,0.0,0.0,0.0,0.0,0.0,0.0,0.0,0.0,0.0,0.0,0.0,0.0,0.0,0.0,0.0,0.0,0.0,0.0,0.0,0.0,0.0,0.0,0.0,0.0,0.0,0.0,0.0
2022-12-25,23.69189,12.55023,15.624039,10.539238,0.0,9.9997,24.061863,19.649246,0.0,18.559513,16.187,0.0,13.416702,14.369381,0.0,20.611965,9.25407,17.539778,32.97662,4.565922,25.994673,6.5182753,39.756733,43.502377,8.658613,36.872063,37.262093,12.998475,0.0,33.78227
2022-12-26,25.915411,0.0,28.58651,0.0,0.0,0.0,18.016247,0.0,0.0,9.683121,0.0,0.0,0.0,0.0,0.0,22.17281,0.0,8.82144,0.0,0.0,0.0,0.0,0.0,17.77225,0.0,0.0,0.0,17.94199,0.0,0.0
2022-12-27,7.724462,0.0,16.156609,0.0,0.0,0.0,0.0,0.0,0.0,0.0,0.0,0.0,0.0,0.0,0.0,18.976168,0.0,0.0,0.0,0.0,0.0,0.0,0.0,0.0,0.0,0.0,0.0,0.0,0.0,0.0
2022-12-28,0.0,0.0,9.767877,0.0,0.0,0.0,0.0,0.0,0.0,0.0,0.0,0.0,0.0,0.0,0.0,0.0,0.0,0.0,0.0,0.0,0.0,0.0,0.0,0.0,0.0,0.0,0.0,0.0,0.0,0.0
2022-12-29,0.0,0.0,16.91417,0.0,0.0,0.0,0.0,0.0,0.0,0.0,0.0,0.0,0.0,0.0,0.0,0.0,0.0,0.0,0.0,0.0,0.0,0.0,0.0,0.0,0.0,0.0,0.0,0.0,0.0,0.0
2022-12-30,0.0,0.0,0.0,0.0,0.0,0.0,0.0,0.0,0.0,0.0,0.0,0.0,0.0,0.0,0.0,0.0,0.0,0.0,0.0,0.0,0.0,0.0,0.0,0.0,0.0,0.0,0.0,0.0,0.0,0.0
2022-12-31,0.0,0.0,0.0,0.0,0.0,0.0,0.0,0.0,0.0,0.0,0.0,0.0,0.0,0.0,0.0,0.0,0.0,0.0,0.0,0.0,0.0,0.0,0.0,0.0,0.0,0.0,0.0,0.0,0.0,0.0
2023-01-01,0.0,0.0,0.0,0.0,0.0,0.0,0.0,0.0,0.0,0.0,0.0,0.0,0.0,0.0,0.0,0.0,0.0,0.0,0.0,0.0,0.0,0.0,0.0,0.0,0.0,0.0,0.0,0.0,0.0,0.0
2023-01-02,0.0,0.0,0.0,0.0,0.0,0.0,0.0,0.0,0.0,0.0,0.0,0.0,0.0,0.0,0.0,0.0,0.0,0.0,0.0,0.0,0.0,0.0,0.0,0.0,0.0,0.0,0.0,0.0,0.0,0.0
2023-01-03,0.0,0.0,7.9502244,0.0,0.0,0.0,6.629144,0.0,0.0,5.787185,0.0,0.0,6.7620034,0.0,0.0,0.0,0.0,5.2549486,0.0,0.0,0.0,0.0,0.0,0.0,0.0,0.0,0.0,9.275396,0.0,0.0
2023-01-04,0.0,0.0,6.889489,0.0,0.0,0.0,0.0,0.0,4.583326,0.0,0.0,0.0,0.0,0.0,5.018729,5.7959538,0.0,0.0,0.0,0.0,0.0,0.0,0.0,0.0,0.0,0.0,0.0,0.0,5.1798186,0.0
2023-01-05,0.0,4.041994,0.0,3.850121,4.372106,4.6316147,0.0,4.4805326,3.16673,3.674788,5.684308,5.978497,5.465748,5.5311556,4.88501,0.0,3.7134476,2.8250253,4.711269,4.2908764,8.907442,5.085697,3.2454724,6.2231874,4.939604,5.4957237,0.0,5.507246,0.48929006,0.0
2023-01-06,0.0,4.576757,5.9315844,0.0,0.0,0.0,5.9825773,0.0,0.0,0.0,0.0,0.0,5.51924,0.0,0.0,0.0,3.401364,6.457191,4.874759,0.0,0.0,0.0,4.9964347,5.217737,0.0,5.1256347,0.0,6.5801163,0.0,5.4791493
2023-01-07,0.0,3.3637536,0.0,0.0,5.794152,0.0,0.0,0.0,7.329243,7.4082937,0.0,0.0,6.655932,2.548495,6.6582212,0.0,3.4414666,0.0,0.0,3.839618,0.0,0.0,0.0,0.0,0.0,0.0,0.0,5.6568003,6.552483,0.0
2023-01-08,0.0,4.112096,0.0,0.0,0.0,0.0,0.0,5.241873,0.0,0.0,5.6038966,0.0,0.0,0.0,0.0,0.0,0.0,0.0,4.5981464,0.0,0.0,6.023576,0.0,0.0,0.0,0.0,0.0,0.0,0.0,0.0
2023-01-09,0.0,0.0,0.0,0.0,0.0,0.0,0.0,0.0,0.0,0.0,0.0,0.0,0.0,0.0,0.0,0.0,0.0,0.0,0.0,0.0,0.0,0.0,0.0,0.0,0.0,0.0,0.0,0.0,0.0,0.0
2023-01-10,0.0,0.0,0.0,0.0,0.0,0.0,0.0,0.0,0.0,0.0,0.0,0.0,0.0,0.0,0.0,0.0,0.0,0.0,0.0,0.0,0.0,0.0,0.0,0.0,0.0,0.0,0.0,0.0,0.0,0.0
2023-01-11,0.0,0.0,0.0,5.2215104,5.383799,3.7702894,0.0,0.0,0.0,0.0,0.0,4.475935,0.0,0.0,5.6892395,0.0,0.0,0.0,0.0,0.0,0.0,0.0,2.9649248,0.0,0.0,0.0,0.0,0.0,4.48623,0.0
2023-01-12,0.0,0.0,5.6705213,4.760252,0.0,6.1188817,0.0,0.0,0.0,0.0,0.0,5.2139845,0.0,4.666038,0.0,0.0,0.0,0.0,0.0,0.0,0.0,0.0,0.0,5.6530733,4.320484,4.5186853,0.0,0.0,0.0,0.0
2023-01-13,0.0,0.0,0.0,0.0,0.0,0.0,0.0,0.0,0.0,40.98775,0.0,0.0,0.0,20.353706,0.0,0.0,6.385168,0.0,0.0,9.198615,53.906437,0.0,0.0,0.0,9.016489,0.0,0.0,0.0,0.0,0.0
2023-01-14,0.0,0.0,0.0,0.0,0.0,4.8132586,0.0,0.0,0.0,2.013865,5.126343,0.0,0.0,2.488982,0.0,0.0,0.0,0.0,0.0,5.351389,6.856034,6.071371,0.0,5.879768,5.4694586,5.5364113,0.0,0.0,0.0,0.0
2023-01-15,0.0,0.0,7.4724803,0.0,0.0,0.0,4.3433814,0.0,0.0,0.0,0.0,0.0,0.0,0.0,0.0,5.734639,0.0,3.7088432,0.0,0.0,0.0,0.0,0.0,0.0,0.0,6.760907,0.0,0.0,0.0,0.0
2023-01-16,0.0,0.0,0.0,0.0,0.0,0.0,0.0,0.0,0.0,0.0,0.0,0.0,0.0,0.0,0.0,0.0,0.0,0.0,0.0,0.0,0.0,0.0,0.0,0.0,0.0,0.0,0.0,0.0,0.0,0.0
2023-01-17,0.0,6.307933,6.9499316,0.0,0.0,0.0,6.070544,5.9112444,0.0,0.0,0.0,0.0,6.0362973,0.0,0.0,2.3501558,5.864756,6.1616344,0.0,5.2911243,0.0,6.2324686,3.6057432,0.0,0.0,0.0,5.2268734,6.61578,0.0,0.0
2023-01-18,0.0,0.0,0.0,0.0,0.0,0.0,0.0,0.0,0.0,0.0,0.0,0.0,0.0,0.0,0.0,0.0,0.0,0.0,0.0,0.0,0.0,0.0,0.0,0.0,0.0,0.0,0.0,0.0,0.0,0.0
2023-01-19,0.0,0.0,0.0,0.0,0.0,0.0,0.0,0.0,0.0,0.0,0.0,0.0,0.7737803,2.6478193,0.0,0.0,0.0,0.0,0.0,0.0,0.0,0.0,0.0,0.0,0.0,0.0,0.0,0.0,0.0,0.0
2023-01-20,0.0,5.216768,0.0,5.8329854,5.3981957,9.0507765,0.0,4.4159913,5.7942657,7.2605395,8.358046,5.4580274,8.0023,5.680054,0.0,0.0,0.0,3.0638747,0.0,6.0008063,0.0,7.388187,0.0,0.0,7.200808,0.0,0.0,8.686948,5.828206,0.0
2023-01-21,5.780108,0.0,14.953176,0.0,0.0,0.0,0.0,0.0,0.0,0.0,0.0,0.0,0.0,0.0,0.0,9.069334,0.0,0.0,0.0,0.0,0.0,0.0,0.0,12.240344,0.0,0.0,0.0,0.0,0.0,0.0
2023-01-22,13.213183,0.0,10.68033,0.0,0.0,0.0,9.28977,6.3682923,0.0,0.0,2.3355007,0.0,0.0,0.0,0.0,2.223953,0.0,0.0,6.877845,0.0,0.0,0.0,0.0,10.376917,0.0,6.6534047,6.8261566,0.0,0.0,6.799659
2023-01-23,5.120787,5.4839,5.474559,5.247399,4.063322,6.960291,4.5856004,6.727902,6.100458,0.0,6.650928,4.6942163,0.0,0.0,5.0059366,6.9517145,0.0,0.0,7.4218993,3.8229501,0.0,5.9827495,18.655224,17.489937,5.943058,13.869329,15.2445545,0.0,4.708042,10.90294
2023-01-24,16.650604,0.0,15.729332,0.0,0.0,0.0,11.520192,0.0,0.0,17.199068,0.0,0.0,0.0,0.0,0.0,7.467147,0.0,0.0,0.0,0.0,7.553946,0.0,0.0,10.934823,0.0,0.0,0.0,4.640037,0.0,0.0
2023-01-25,0.0,0.0,0.0,0.0,0.0,0.0,0.0,0.0,0.0,0.0,0.0,0.0,0.0,0.0,0.0,8.090231,0.0,0.0,0.0,0.0,0.0,0.0,0.0,0.0,0.0,0.0,0.0,0.0,0.0,0.0
2023-01-26,0.0,0.0,0.0,0.0,0.0,0.0,0.0,0.0,0.0,0.0,0.0,0.0,0.0,2.4747202,0.0,0.0,2.1555688,0.0,0.0,0.0,3.006475,0.0,0.0,0.0,0.0,0.0,0.0,0.0,0.0,0.0
2023-01-27,0.0,0.0,0.0,0.0,0.0,0.0,0.0,0.0,0.0,0.0,0.0,0.0,0.0,0.0,0.0,0.0,0.0,0.0,0.0,0.0,0.0,0.0,0.0,0.0,0.0,0.0,0.0,0.0,0.0,0.0
2023-01-28,0.0,0.0,0.0,0.0,0.0,0.0,0.0,0.0,0.0,0.0,0.0,0.0,0.0,0.0,0.0,0.0,0.0,0.0,0.0,0.0,0.0,0.0,0.0,0.0,0.0,0.0,0.0,0.0,0.0,0.0
2023-01-29,0.0,0.0,0.0,0.0,0.0,3.5392728,0.0,0.0,0.0,0.0,5.21538,0.0,0.0,0.0,0.0,0.0,0.0,0.0,5.681716,0.0,0.0,0.0,0.0,6.616529,0.0,0.0,0.0,0.0,0.0,0.0
2023-01-30,5.292894,5.566371,8.548347,4.352387,4.372235,6.789464,6.992739,5.9456396,0.0,7.017895,5.0603113,5.195851,7.4699106,5.122626,0.0,8.528645,0.0,6.8042507,15.13055,5.268365,5.895576,6.929363,5.0094113,8.106714,6.670186,6.126497,5.0386887,8.870338,4.975281,7.3643284
2023-01-31,4.193132,4.79848,3.0257592,7.4225883,0.0,15.542107,0.0,16.313732,0.0,0.0,18.026548,0.0,0.0,0.0,11.991137,0.0,0.0,0.0,34.868942,0.0,0.0,12.5640745,7.228663,6.8908772,0.0,0.0,16.119202,0.0,0.0,30.652308
2023-02-01,11.117372,19.28656,10.328068,15.269901,6.9790273,25.79825,12.551213,33.91667,9.401572,18.67033,40.283997,9.521564,7.7283373,5.5793347,15.123222,7.8233542,4.7016573,8.40992,50.822605,13.033182,27.49509,25.327065,36.97323,35.1801,23.876455,27.313316,42.760193,8.027249,7.6996107,51.85789
2023-02-02,33.12914,20.157673,41.398582,0.0,0.0,0.0,29.233494,15.735528,3.2108316,17.93963,14.851076,0.0,24.17786,4.818887,3.2778687,49.833015,15.015284,25.296946,21.679802,26.781048,6.390192,14.059135,27.067596,42.13607,5.1430893,31.993528,23.286018,31.004866,2.5487702,21.45233
2023-02-03,0.0,3.4200814,6.260528,8.972168,6.661658,9.74226,5.205887,3.5631735,0.0,8.712144,0.0,8.71058,3.4465845,8.490432,0.0,8.338504,6.7967567,5.5449424,11.00156,9.115711,15.585227,0.0,4.1884904,0.0,12.206173,2.630565,5.7529907,5.9789686,0.0,9.873451
2023-02-04,0.0,0.0,12.184917,0.0,0.0,0.0,0.0,0.0,0.0,0.0,0.0,0.0,0.0,0.0,0.0,27.817774,0.0,0.0,0.0,0.0,0.0,0.0,0.0,0.0,0.0,1.6970242,0.0,0.0,0.0,0.0
2023-02-05,0.0,0.0,0.0,0.0,0.0,0.0,0.0,0.0,0.0,0.0,0.0,0.0,0.0,0.0,0.0,0.0,0.0,0.0,0.0,0.0,0.0,0.0,0.0,0.0,0.0,0.0,0.0,0.0,0.0,0.0
2023-02-06,6.400939,7.3264737,7.322733,5.561737,2.6045768,4.3003454,6.168451,9.208663,0.0,4.4574246,2.36435,5.8795233,6.9519753,4.910038,0.0,10.210464,4.4378567,5.3754854,19.411457,6.1603265,12.175127,4.4056597,13.744701,13.637359,5.674625,11.25163,16.771019,3.3025823,0.0,22.30235
2023-02-07,0.0,0.0,0.0,0.0,0.0,0.0,0.0,0.0,0.0,0.0,0.0,0.0,0.0,0.0,0.0,8.156161,0.15031205,0.0,0.0,2.0354993,0.0,0.0,0.0,0.0,0.0,0.0,0.0,0.0,0.0,0.0
2023-02-08,0.0,0.0,0.0,3.59644,3.4931893,0.0,0.0,0.0,0.0,0.0,0.0,0.0,0.0,0.0,0.0,0.0,0.0,0.0,0.0,0.0,0.0,0.0,0.0,0.0,0.0,0.0,0.0,0.0,0.0,0.0
2023-02-09,0.0,0.0,0.0,0.0,0.0,0.0,0.0,0.0,0.0,1.8744832,0.0,0.0,0.0,4.485943,0.0,0.0,0.0,0.0,0.0,2.213563,6.526227,0.0,0.0,0.0,0.783352,0.0,0.0,0.0,0.0,0.0
2023-02-10,0.0,0.0,0.0,0.0,0.0,0.0,0.0,0.0,0.0,0.0,0.0,0.0,0.0,0.0,0.0,0.0,0.0,0.0,0.0,0.0,0.0,0.0,0.0,3.2663896,0.0,0.0,0.0,0.0,0.0,0.0
2023-02-11,1.3341788,2.7125368,0.0,6.227203,6.002725,4.7967634,1.1021435,6.517896,0.0,0.0,4.9710083,5.580473,3.2727675,4.5011034,3.172724,0.0,0.7692706,3.1767745,12.942783,4.243928,7.880769,3.5216413,3.7423754,2.3020442,8.277046,1.6717231,8.44223,0.0,0.0,12.942783
2023-02-12,0.0,0.0,0.0,0.0,0.0,0.0,0.0,0.0,0.0,0.0,0.0,0.0,0.0,0.0,0.0,0.0,0.0,0.0,0.0,0.0,0.0,0.0,0.0,0.0,0.0,0.0,0.0,0.0,0.0,0.0
2023-02-13,0.0,0.0,0.0,2.94594,0.0,0.0,0.0,0.0,0.0,0.0,0.0,0.0,0.0,0.0,0.0,0.0,0.0,0.0,0.0,0.0,3.189873,0.0,0.0,0.0,0.0,0.0,0.0,0.0,0.0,0.0
2023-02-14,0.0,0.0,0.0,0.0,0.0,0.0,0.0,0.0,0.0,0.0,0.0,0.0,0.0,0.0,0.0,0.0,0.0,0.0,0.0,0.0,0.0,0.0,0.0,0.0,0.0,0.0,0.0,0.0,0.0,0.0
2023-02-15,0.0,0.0,0.0,0.0,0.0,0.0,0.0,0.0,0.0,0.0,0.0,0.0,0.0,0.0,2.7142572,0.0,0.0,0.0,0.0,0.0,0.0,0.0,0.0,0.0,0.0,0.0,0.0,0.0,1.6991351,0.0
2023-02-16,0.0,0.0,0.0,0.0,0.0,0.0,0.0,0.0,0.0,0.0,0.0,3.7529793,0.0,2.5460494,0.0,0.0,0.0,0.0,0.0,0.0,0.0,0.0,0.0,0.0,4.1728497,0.0,0.0,0.0,0.0,0.0
2023-02-17,0.0,0.0,0.0,0.0,0.0,0.0,0.0,0.0,0.0,0.0,0.0,0.0,0.0,0.0,0.0,0.0,0.0,0.0,0.0,0.0,0.0,0.0,0.0,0.0,0.0,0.0,0.0,0.0,0.0,0.0
2023-02-18,0.0,0.0,0.0,0.0,0.0,0.0,0.0,0.0,0.0,0.0,0.0,0.0,0.0,0.0,0.0,0.0,0.0,0.0,0.0,0.0,1.4270222,0.0,0.0,0.0,0.0,0.0,0.0,0.0,0.0,0.0
2023-02-19,0.0,0.0,0.0,0.0,0.0,0.0,0.0,0.0,0.0,0.0,0.0,0.0,0.0,0.0,0.0,5.306652,0.0,0.0,0.0,0.0,0.0,0.0,0.0,0.0,0.0,0.0,0.0,0.0,0.0,0.0
2023-02-20,0.0,0.0,0.0,0.0,0.0,0.0,0.0,0.0,0.0,0.0,0.0,0.0,0.0,0.0,0.0,0.0,0.0,0.0,0.0,0.0,2.253921,0.0,0.0,0.0,0.0,0.0,0.0,0.0,0.0,0.0
2023-02-21,0.0,0.0,0.0,0.0,0.0,0.0,0.0,0.0,0.0,0.0,0.0,0.0,0.0,0.0,0.0,0.0,0.0,0.0,0.0,0.0,4.220431,0.0,0.0,0.0,0.0,0.0,0.0,0.0,0.0,0.0
2023-02-22,0.0,0.0,0.0,0.0,0.0,0.0,0.0,0.0,0.0,0.0,0.0,0.0,0.0,0.0,0.0,0.0,0.0,0.0,0.0,0.0,0.0,0.0,0.0,0.0,0.0,0.0,0.0,0.0,0.0,0.0
2023-02-23,0.0,0.0,0.0,0.0,0.0,0.0,0.0,0.0,0.0,0.0,0.0,2.517332,0.0,0.0,0.0,0.0,0.0,0.0,0.0,0.0,0.0,0.0,0.0,0.0,0.0,0.0,0.0,0.0,0.0,0.0
2023-02-24,0.0,0.0,0.0,0.0,0.0,0.0,0.0,0.0,0.0,0.0,0.0,0.0,0.0,0.0,0.0,7.819171,0.0,0.0,0.0,2.7875805,0.0,0.0,0.0,0.0,2.1726713,0.0,0.0,0.0,0.0,0.0
2023-02-25,0.0,0.0,0.0,0.0,0.0,0.0,0.0,0.0,0.0,0.0,0.0,0.0,0.0,0.0,0.0,0.0,0.0,0.0,0.0,0.0,0.0,0.0,0.0,0.0,0.0,0.0,0.0,0.0,0.0,0.0
2023-02-26,0.0,0.0,0.0,0.0,0.0,0.0,0.0,0.0,0.0,0.0,0.0,0.0,0.0,0.0,0.0,0.0,0.0,0.0,0.0,0.0,0.0,0.0,0.0,0.0,0.0,0.0,0.0,0.0,0.0,0.0
2023-02-27,0.0,0.0,0.0,0.0,0.0,0.0,0.0,0.0,0.0,0.0,0.0,0.0,0.0,0.0,0.0,0.0,0.0,0.0,0.0,0.0,0.0,0.0,0.0,0.0,0.0,0.0,0.0,0.0,0.0,0.0
2023-02-28,0.0,0.0,0.0,0.0,0.0,0.0,0.0,0.0,0.0,0.0,0.0,0.0,0.0,1.6380769,0.0,0.0,0.0,0.0,0.0,0.0,0.0,0.0,0.0,9.344802,0.0,0.0,0.0,0.0,0.0,0.0
2023-03-01,6.579778,4.3972225,5.8550634,0.0,0.0,0.0,3.2099426,4.41009,0.0,0.0,0.0,0.0,0.0,0.0,0.0,0.88577557,2.474729,0.0,0.0,0.0,0.0,4.2713346,3.5331328,3.377316,0.0,2.9872591,3.4585404,0.0,0.0,0.0
2023-03-02,0.0,0.0,0.0,0.0,0.0,0.0,0.0,0.0,0.0,0.0,0.0,0.0,0.0,0.0,0.0,0.0,0.0,0.0,0.0,0.0,0.0,0.0,0.0,0.0,0.0,0.0,0.0,0.0,0.0,0.0
2023-03-03,0.0,0.0,0.0,0.0,0.0,0.0,0.0,0.0,0.0,0.0,0.0,0.0,0.0,0.0,0.0,0.0,0.0,0.0,0.0,0.0,0.0,0.0,0.0,0.0,0.0,0.0,0.0,0.0,0.0,0.0
2023-03-04,0.0,0.0,0.0,0.0,0.0,0.0,0.0,0.0,0.0,0.0,0.0,0.0,0.0,0.0,0.0,0.0,0.0,0.0,0.0,0.0,0.0,0.0,0.0,0.0,0.0,0.0,0.0,0.0,0.0,0.0
2023-03-05,0.0,0.63334274,2.0330048,0.0,0.0,0.0,1.0990481,0.0,0.0,0.0,0.0,0.0,0.0,0.0,0.0,3.3602896,1.7755365,0.0,0.0,0.0,0.0,0.0,1.7212862,0.0,0.0,0.0,0.0,0.0,0.0,0.0
2023-03-06,0.0,0.0,0.0,0.0,0.0,0.0,0.0,0.0,0.0,0.0,0.0,0.0,0.0,0.0,0.0,0.0,0.0,0.0,0.0,0.0,0.0,0.0,0.0,0.0,0.0,0.0,0.0,0.0,0.0,0.0
2023-03-07,0.0,0.0,0.0,0.0,0.0,0.0,0.0,5.071565,0.0,0.0,0.0,0.0,0.0,0.0,0.0,0.0,0.0,0.0,0.0,0.0,0.0,0.0,0.0,0.0,0.0,0.0,0.0,0.0,0.0,0.0
2023-03-08,0.0,1.9619098,0.0,0.0,0.0,0.0,0.0,0.0,0.0,0.0,0.0,0.0,0.0,0.0,0.0,0.0,0.0,0.0,0.0,0.0,0.0,0.0,0.0,0.0,0.0,0.0,0.0,0.0,0.0,0.0
2023-03-09,0.0,0.0,0.0,0.0,0.0,0.0,0.0,0.0,0.0,0.0,0.0,0.0,0.0,0.0,0.0,0.0,0.0,0.0,0.0,0.0,0.0,0.0,0.0,2.4226806,0.0,1.4746693,0.0,0.0,0.0,0.0
2023-03-10,2.7995107,1.5910664,3.960394,0.0,0.0,2.143918,2.1584697,6.7139716,0.0,0.0,2.3024862,1.703088,0.5487824,0.0,0.0,7.2988667,0.0,2.339357,8.136286,0.0,0.0,1.9370486,5.7441626,2.987157,0.0,3.3936322,7.5250273,1.8840678,0.0,8.583952
2023-03-11,0.0,0.0,0.0,0.0,0.0,0.0,0.0,0.0,0.0,0.0,0.0,0.0,0.0,0.0,0.0,0.0,0.0,0.0,0.6121602,0.0,0.0,0.0,0.0,0.0,0.0,0.0,0.0,0.0,0.0,0.0
2023-03-12,0.0,0.0,0.0,0.0,0.0,0.0,0.0,0.0,0.0,0.0,0.0,0.0,0.0,0.0,0.0,0.0,0.0,0.0,0.0,0.0,0.0,0.0,0.0,0.0,0.0,0.0,0.0,0.0,0.0,0.0
2023-03-13,0.0,0.0,0.0,0.0,0.0,0.0,0.0,0.0,0.0,0.0,0.0,0.0,0.0,0.0,0.0,0.0,0.0,0.0,0.0,0.0,2.0618587,0.0,0.0,0.0,0.0,0.0,0.0,0.0,0.0,0.0
2023-03-14,0.0,0.0,2.2896287,0.0,0.0,0.0,5.5098076,0.0,0.0,0.0,0.0,0.0,0.0,0.0,0.0,0.0,0.0,0.0,0.0,0.0,2.0535846,0.0,0.0,0.0,0.0,0.0,0.0,0.0,0.0,0.0
2023-03-15,0.0,3.2797725,7.264142,0.0,0.0,0.0,10.261238,2.2854016,0.0,11.489611,2.2854016,2.5221603,11.476187,4.1654286,0.0,0.0,0.0,4.8866725,0.0,0.0,7.2655053,2.6334267,3.5533571,0.9851919,3.2869139,3.2556322,1.5157014,12.792422,0.0,0.0
2023-03-16,9.752123,3.495086,11.4818,17.039833,20.997408,16.591785,11.230142,0.0,3.2224681,0.0,0.0,12.03415,6.8465695,4.94994,14.396149,3.5355387,3.5670059,6.61133,0.0,4.1680984,0.56046957,0.0,3.877171,4.9259844,5.660493,5.656698,0.0,4.206571,21.397186,0.0
2023-03-17,13.616247,5.129746,8.787505,10.664675,11.008226,8.69042,15.6143675,0.0,7.925708,3.774634,0.0,1.3959563,6.7016134,4.0935283,8.776588,5.4397755,0.0,11.724148,0.0,4.1946945,0.0,10.050682,0.0,6.291897,7.3385324,5.5135617,0.0,11.632439,12.9822645,0.0
2023-03-18,5.1811748,0.0,6.3246965,12.992845,18.155676,0.0,0.0,0.0,12.185359,0.0,4.8402276,0.0,0.0,0.0,16.79903,7.6881394,0.0,4.263834,5.4069824,0.0,0.0,0.0,0.0,0.0,0.0,2.4855583,0.0,0.0,31.262367,4.5400753
2023-03-19,3.56727,1.5552644,0.0,0.0,10.840717,7.704174,6.3780394,14.083479,3.2224681,0.0,20.069984,0.0,0.31063884,0.0,13.449386,0.0,0.0,7.4512105,25.681053,0.0,0.0,2.8799908,10.753949,8.18919,0.0,11.722853,16.200527,0.0,18.493248,22.429745
2023-03-20,10.984393,0.0,9.920188,19.833885,13.589921,18.81022,12.099052,12.262245,12.185359,0.0,16.9144,5.272354,0.0,0.0,17.669184,9.391785,0.0,9.211899,10.181153,3.0203443,0.0,0.0,5.450979,10.247402,6.702102,11.108416,9.452423,0.0,11.226421,7.6284657
2023-03-21,0.0,10.70131,0.0,0.0,0.0,8.782765,11.543892,0.0,0.0,0.0,0.0,4.8080006,21.463264,0.0,0.0,0.0,5.180332,20.091867,0.0,8.653653,0.0,10.307129,0.0,3.0194998,10.070656,11.245374,0.0,22.434505,5.541426,0.0
2023-03-22,0.0,0.0,0.0,0.0,0.0,0.0,0.0,0.0,0.0,0.0,0.0,0.0,0.0,0.0,0.0,0.0,0.0,0.0,0.0,0.0,0.0,0.0,4.289896,0.0,0.0,0.0,4.4939857,9.287107,0.0,2.6563754
2023-03-23,5.7654705,20.759928,21.02194,21.578594,22.243057,27.210293,25.420565,27.420218,12.099626,12.991109,28.397161,20.754303,19.90585,11.197734,21.092878,9.3152,7.7617135,22.105707,11.1636715,13.998847,5.6207705,31.24593,0.0,2.9521713,25.663979,0.0,12.600983,30.100739,20.675922,0.0
2023-03-24,3.005839,1.4261643,13.214753,6.9837694,10.697905,5.293659,13.536893,3.2638116,0.0,25.40994,0.0,15.694718,12.868369,14.812195,0.0,6.08903,4.993877,10.180222,7.293156,12.164818,22.895992,0.0,0.0,0.0,13.380619,0.0,6.2275696,20.61856,0.0,6.1733494
2023-03-25,0.0,0.0,6.3234944,0.0,0.0,1.7834615,6.505094,8.39216,0.0,2.7083614,7.3597784,5.2926693,0.0,0.0,0.0,0.0,0.0,0.0,3.0223339,0.0,0.0,0.0,0.0,0.0,3.3236275,0.0,6.431895,0.0,0.0,2.728564
2023-03-26,0.0,13.771725,7.7841005,0.0,3.7517726,0.0,6.7738705,17.831964,0.0,11.022276,0.0,15.981362,7.412383,12.193274,0.0,0.0,0.0,5.711134,2.9947948,3.976174,19.535303,0.0,10.918072,4.7748394,9.486578,4.238607,18.417522,11.181527,0.0,18.244247
2023-03-27,0.0,0.0,0.0,0.0,13.823676,0.0,5.092701,0.0,0.0,0.0,0.0,8.426829,0.0,0.0,7.662767,0.0,0.0,0.0,0.0,0.0,0.0,0.0,0.0,0.0,4.2255154,0.0,0.0,10.481941,15.859698,0.0
2023-03-28,0.0,14.421548,0.0,0.0,2.5489187,0.0,7.33107,10.445197,0.0,16.790764,0.0,3.7120428,16.698414,7.844629,0.0,17.854994,6.8223853,10.421691,0.0,12.447466,13.832503,13.607105,7.9676204,0.0,10.457302,7.868446,6.2917852,19.326633,6.6876307,0.0
2023-03-29,0.0,0.0,6.685126,0.0,0.0,0.0,0.0,0.0,0.0,13.543191,0.0,0.0,3.5251203,0.0,0.0,0.0,0.0,0.0,0.0,0.0,25.819328,0.0,0.0,0.0,0.0,0.0,0.0,0.0,0.0,0.0
2023-03-30,3.068684,0.0,13.829436,0.0,2.421856,0.0,0.0,0.0,0.0,20.594631,0.0,4.3167224,8.651582,10.144603,0.0,14.007937,0.0,0.550245,0.0,4.3256955,7.5068665,0.0,0.0,0.0,4.6431828,0.0,0.0,9.859981,0.0,0.0
2023-03-31,0.0,0.0,0.0,0.0,0.0,0.0,0.0,0.0,0.0,0.0,0.0,0.0,0.0,0.0,0.0,7.1192102,0.0,0.0,0.0,0.0,0.0,0.0,0.0,0.0,0.0,0.0,0.0,0.0,0.0,0.0
2023-04-01,0.0,0.0,8.037507,8.466438,9.619648,10.109731,6.1321073,0.0,0.0,5.408199,3.0090098,11.244504,5.8457055,3.5020509,0.0,6.7142677,3.9781206,0.0,0.0,0.0,5.625348,0.0,0.0,0.0,9.159551,2.0570848,0.0,10.189621,0.0,0.0
2023-04-02,0.0,4.724089,0.0,0.0,2.8315125,0.0,0.7688984,1.5548809,0.0,0.0,0.0,6.540769,0.0,0.0,0.0,0.0,4.897849,3.191643,3.8863583,4.7857127,0.0,3.9230964,0.0,0.0,0.0,0.0,0.0,7.2761364,3.9845588,3.5505447
2023-04-03,0.0,0.0,11.214242,0.0,0.0,0.0,5.621797,4.46589,0.0,7.6081424,0.0,7.3604774,8.2481165,8.633351,0.0,8.165333,0.0,0.0,4.7720704,2.7657337,11.295149,0.0,3.586452,0.0,4.472294,0.0,5.491707,7.04606,0.0,5.890359
2023-04-04,6.0182843,8.040353,10.992785,0.0,0.0,0.0,10.963662,0.0,0.0,5.377188,0.0,3.941821,5.457529,3.982086,0.0,12.468653,7.215747,8.172025,2.6645987,0.0,2.4426594,0.0,8.308572,0.0,0.0,6.2866955,6.6254873,9.031345,0.0,4.1650534
2023-04-05,3.6255512,0.0,4.9484124,0.0,2.3134525,0.0,3.9447806,0.0,0.0,2.185671,0.0,5.9617248,0.0,1.5197066,0.0,3.2226944,0.0,0.0,0.0,4.759575,5.716329,0.0,0.0,0.0,7.1520877,0.0,0.0,0.0,0.0,0.0
2023-04-06,7.8689117,0.0,9.604265,0.0,0.0,0.0,7.0855517,0.0,0.0,5.9138093,0.0,0.0,6.349028,0.0,0.0,10.498727,0.0,5.3066964,3.265005,0.0,0.0,0.0,0.0,0.0,0.0,0.0,0.0,7.030959,0.0,2.9470017
2023-04-07,2.467326,0.0,8.603616,0.0,0.0,0.0,6.787314,0.0,0.0,0.0,0.0,0.0,0.0,0.0,0.0,0.0,0.0,0.0,0.0,0.0,0.0,0.0,0.0,1.8439312,0.0,0.0,0.0,6.2354655,0.0,0.0
2023-04-08,6.1728354,0.0,4.16806,0.0,0.0,0.0,4.4173136,0.0,0.0,0.0,0.0,0.0,0.0,0.0,0.0,3.0015845,0.0,0.0,0.0,0.0,0.0,0.0,3.2513528,5.609607,0.0,3.199646,0.7387885,0.0,0.0,0.0
2023-04-09,8.279688,0.0,11.091761,0.0,0.0,0.0,9.091244,0.0,0.0,4.0888205,0.0,0.0,2.2459943,0.0,0.0,11.794599,0.0,5.9555874,0.0,0.0,0.0,0.0,0.0,7.6540813,0.0,5.862494,0.0,6.8258944,0.0,0.0
2023-04-10,0.0,0.0,7.0557423,0.0,0.0,0.0,0.0,0.0,0.0,0.0,0.0,0.0,0.0,0.0,0.0,6.2066193,0.0,0.0,0.0,0.0,0.0,0.0,0.0,0.0,0.0,0.0,0.0,0.0,0.0,0.0
2023-04-11,0.0,0.0,0.0,0.0,0.0,0.0,0.0,0.0,0.0,0.0,0.0,0.0,0.0,0.0,0.0,0.0,0.0,0.0,0.0,0.0,0.0,0.0,0.0,0.0,0.0,0.0,0.0,0.0,0.0,0.0
2023-04-12,0.0,0.0,0.0,0.0,0.0,0.0,0.0,0.0,0.0,0.0,0.0,0.0,0.0,0.0,0.0,0.0,0.0,0.0,0.0,0.0,0.0,0.0,0.0,0.0,0.0,0.0,0.0,0.0,0.0,0.0
2023-04-13,0.0,0.0,0.0,0.0,0.0,0.0,0.0,0.0,0.0,0.0,0.0,0.0,0.0,0.0,0.0,0.0,0.0,0.0,0.0,0.0,0.0,0.0,0.0,0.0,0.0,0.0,0.0,0.0,0.0,0.0
2023-04-14,0.0,0.0,0.0,0.0,0.0,0.0,0.0,0.0,0.0,0.0,0.0,0.0,0.0,0.0,0.0,0.0,0.0,0.0,0.0,0.0,0.0,0.0,0.0,0.0,0.0,0.0,0.0,0.0,0.0,0.0
2023-04-15,0.0,0.0,1.9309715,0.0,0.0,0.9272615,0.0,0.69423884,0.0,0.0,1.2504435,0.0,0.0,0.0,0.0,1.6435736,0.0,0.0,2.4390013,0.0,0.0,0.0,0.0,0.0,0.0,0.0,0.7965075,0.0,0.0,0.8654592
2023-04-16,0.0,0.0,0.0,0.0,0.0,0.0,0.0,0.0,0.0,0.0,0.0,0.0,0.0,0.0,0.0,0.0,0.0,0.0,0.0,0.0,0.0,0.0,0.0,0.0,0.0,0.0,0.0,0.0,0.0,0.0
2023-04-17,0.0,0.0,0.0,0.0,0.0,0.0,0.0,0.0,0.0,0.0,0.0,0.0,0.0,0.0,0.0,0.0,0.0,0.0,0.0,0.0,0.0,0.0,0.0,0.0,0.0,0.0,0.0,0.0,0.0,0.0
2023-04-18,0.0,0.0,3.0030174,0.0,0.0,0.0,0.0,0.0,0.0,0.0,0.0,0.0,0.0,0.0,0.0,0.0,0.0,0.0,0.0,0.0,0.0,0.0,0.0,0.0,0.0,0.0,0.0,0.0,0.0,0.0
2023-04-19,0.0,0.0,0.0,0.0,0.0,0.0,0.0,0.0,0.0,3.794975,0.0,0.0,3.603551,0.0,0.0,0.0,0.0,0.0,0.0,0.0,0.0,0.0,0.0,0.0,0.0,0.0,0.0,4.1072264,0.0,0.0
2023-04-20,2.7669833,0.0,3.009633,0.0,0.0,0.0,0.0,0.0,0.0,0.0,0.0,0.0,0.0,0.0,0.0,4.2586393,0.0,0.0,0.0,0.0,1.8287107,0.0,0.0,0.0,0.0,0.0,0.0,0.0,0.0,0.0
2023-04-21,10.142361,5.6799183,9.388401,4.8548822,5.522138,4.055014,10.720122,0.0,1.2590213,2.1143844,0.0,0.0,4.480071,2.5062644,4.404514,6.4224987,4.2930794,4.851913,2.9580836,7.581432,1.9836369,3.742749,3.1942127,4.574059,4.8197346,2.5230656,2.516715,6.2352805,4.6357365,3.607566
2023-04-22,6.843225,6.142638,8.878695,6.2769594,8.272919,6.185958,8.73279,3.977152,3.8046281,3.9139295,6.9965343,7.237734,7.7710824,4.4460406,3.6259875,5.1377535,5.0369687,6.2198176,3.1969938,4.4491243,3.7216961,3.1792104,6.2668924,4.773048,2.2348042,6.439314,4.3246756,8.134826,5.5355973,4.2666435
2023-04-23,14.09684,12.777986,17.148716,12.780731,12.058489,11.836517,19.151796,9.375351,3.5463543,10.602446,11.939751,5.7999697,14.461522,6.3177605,9.395288,14.177205,10.752328,17.227612,6.4782615,13.963191,5.3914375,11.583061,9.870291,13.693836,12.191074,9.4015465,7.3562193,18.953499,4.926324,6.544373
2023-04-24,12.04438,6.0882998,12.841749,3.902501,4.382995,5.212686,13.420705,4.254087,2.2168784,7.2999253,3.8530943,6.9396286,8.071809,2.886698,3.2668347,12.338795,4.439376,11.000504,20.528225,0.0,2.2304275,8.327619,6.3965526,14.123309,8.681858,8.626754,4.917759,11.765191,3.5676162,13.453952
2023-04-25,11.37373,13.981075,19.77679,6.013896,4.303647,6.0838933,13.314404,8.677248,1.7209604,12.277496,4.98331,10.222977,14.3036995,6.5566177,2.6984873,22.762247,10.374598,11.858009,5.325442,18.093588,6.34852,10.8079,10.556499,11.261899,17.698841,9.953668,8.993933,15.1952915,2.057759,5.9223404
2023-04-26,15.672929,17.924778,17.202423,0.0,0.0,0.0,14.066713,12.572955,0.0,10.215717,8.518777,4.8299747,14.253187,10.067316,0.0,19.897127,11.893285,15.152234,10.306034,11.738716,3.667623,13.943617,16.808037,17.775232,6.286834,16.708664,13.794731,13.755388,0.0,10.350956
2023-04-27,10.948122,5.97657,13.197397,0.0,0.0,3.8171642,13.099376,0.0,0.0,8.758592,4.2182026,0.0,9.636093,4.926227,0.0,7.824287,5.5341187,8.928088,4.583193,6.613353,2.8936925,6.09511,6.947202,8.48811,5.7257237,8.911796,6.3559194,14.370433,0.0,2.0689833
2023-04-28,9.952038,5.86934,22.316847,0.0,0.0,0.0,13.36153,0.0,2.687436,12.365811,0.0,0.0,9.356534,4.09765,2.2766585,19.84329,4.293479,8.364677,0.0,0.0,6.2829027,0.0,2.1632342,10.281822,0.0,8.743456,0.0,19.406193,2.4228635,0.0
2023-04-29,20.771353,15.39981,32.509205,10.667275,3.7188416,13.665815,21.26296,13.572472,4.768587,14.324178,13.192539,9.559263,11.715208,13.910428,8.396261,35.68446,7.915002,14.851827,21.554762,10.120447,19.316092,21.451424,17.646608,14.009596,14.800905,16.54497,17.437008,15.826722,5.6264534,17.513859
2023-04-30,7.3368587,4.678224,9.301142,8.116562,0.0,8.550868,11.351688,14.138782,0.0,9.384767,11.680751,10.894079,6.797749,5.167564,4.2274475,9.324466,4.390666,7.958507,20.070665,0.0,12.1520815,8.638752,11.91242,18.04256,10.569633,16.17811,19.161694,10.23693,0.0,21.93329
2023-05-01,41.292835,57.935898,38.642933,41.207817,32.986263,52.431293,46.011463,103.34922,8.087205,17.522905,99.16719,45.99854,38.433014,55.37277,24.271135,40.022285,36.049713,46.573765,100.04996,46.730015,20.173767,55.688606,56.42641,56.869423,54.892235,56.71749,99.90318,28.770094,9.277157,84.189415
2023-05-02,51.364124,29.555748,57.86792,21.46109,14.541795,29.776731,49.97013,53.360287,8.256053,17.48963,52.40318,21.324802,26.358814,30.808958,20.82107,60.095695,26.69477,45.57237,54.500328,19.892006,16.722586,32.267693,62.619625,50.895103,27.540909,55.226227,65.36194,44.67046,9.589247,62.342846
2023-05-03,31.425152,52.736855,44.231213,33.5228,30.490166,32.34437,38.242317,49.380943,6.54929,13.818548,32.354916,35.615402,35.34817,22.624952,22.58771,43.089096,42.788185,41.01481,23.310596,45.01805,12.22142,53.284893,56.065006,34.731865,34.963364,46.01774,61.46013,36.90329,13.475377,40.53138
2023-05-04,28.084982,42.851673,35.80033,23.283703,24.624804,31.444742,31.231722,29.882008,0.0,18.82179,27.344082,44.389828,31.827845,36.214252,7.21066,41.804688,30.925322,47.226486,22.217764,43.853138,13.018995,42.46486,41.563557,56.555218,44.321777,57.13592,34.78661,24.401983,0.0,23.112501
2023-05-05,21.750393,23.022535,27.352184,30.348322,29.302694,30.002478,19.70411,40.35876,4.3853583,6.0501566,35.133656,42.506084,13.686606,26.518032,15.747441,29.971977,16.865618,19.26942,45.33708,25.746964,7.7603583,27.844803,20.467985,39.21833,36.450256,38.20528,41.284954,12.004299,14.262036,42.367382
2023-05-06,16.593113,92.873116,16.569645,17.513489,18.169243,31.71752,30.313322,108.828476,5.80126,17.234438,79.36207,23.721851,47.86693,27.011568,7.299306,0.0,56.53961,60.721096,100.56653,51.5975,12.400659,84.47752,95.7395,73.194016,38.378036,77.874504,105.906555,24.274427,7.536229,98.96161
2023-05-07,31.240181,21.346783,29.568068,15.848003,18.918692,16.56336,29.074804,40.950035,2.6687882,10.038825,24.751596,24.420929,12.893399,16.15,4.470733,24.079489,15.368967,20.906178,27.20338,23.257221,7.3316054,24.612505,31.346062,39.178158,20.897778,39.41055,33.10486,9.871431,5.878339,27.752953
2023-05-08,17.152182,15.975581,29.29403,0.0,5.9369307,0.0,24.74364,0.0,0.0,11.92154,0.0,19.996626,19.406763,17.683273,0.0,10.648149,16.194654,22.643385,0.0,15.352681,14.886097,9.189969,14.550306,20.760656,17.22879,20.026287,0.0,21.942854,1.8551365,0.0
2023-05-09,8.19166,27.548769,32.648067,5.56219,5.1284347,9.489467,17.147694,16.63143,0.0,11.244903,12.219212,19.688602,13.683199,23.28239,2.6954448,35.811474,26.932734,16.126787,0.0,25.792242,10.537992,14.089978,15.517098,15.378913,20.868275,17.648188,16.512442,18.785412,2.0789032,0.0
2023-05-10,6.250612,13.35032,0.0,0.0,0.0,6.924465,0.0,16.742126,0.0,8.652328,13.214255,7.2728934,5.512981,8.449955,3.4229193,0.0,9.811622,0.0,22.94609,13.184961,10.195778,12.958109,12.11951,11.469137,8.939068,13.753366,23.943268,4.07948,2.4684997,19.620405
2023-05-11,1.5038254,25.332842,11.224815,4.025523,3.110694,5.262012,11.685959,8.729369,7.002399,17.025276,6.6629953,13.401037,20.39236,33.346004,6.9136314,12.95749,24.049242,17.152355,8.22508,36.187004,22.907051,11.557081,16.034756,0.0,31.621784,16.88157,9.20348,13.05448,4.419851,6.311237
2023-05-12,0.0,17.30153,0.0,11.107674,5.3307686,12.823653,0.0,19.515116,5.4502306,0.0,18.296268,6.921444,0.0,0.0,10.74567,11.826381,5.6541877,0.0,14.631984,19.36843,0.0,19.381945,4.017265,6.114617,19.332003,6.280709,17.052086,0.0,9.924338,12.261562
2023-05-13,4.0001,9.210651,8.245736,11.810791,11.087821,10.866488,0.0,7.698234,4.0628934,0.0,6.8822603,4.0972266,0.0,0.0,10.43423,25.775602,3.8556254,0.0,5.0591564,9.497431,0.0,12.28619,0.0,0.0,9.817729,0.0,6.1562443,0.0,7.759386,6.213441
2023-05-14,0.0,0.0,0.0,0.0,0.0,12.395974,0.0,0.0,0.0,0.0,10.409225,5.320371,0.0,0.0,4.0705924,11.919756,0.0,0.0,0.0,0.0,0.0,13.295692,0.0,0.0,11.864988,0.0,0.0,0.0,0.0,0.0
2023-05-15,0.0,0.0,0.0,0.0,0.0,0.0,0.0,0.0,0.0,0.0,0.0,0.0,0.0,0.0,0.0,0.0,0.0,0.0,0.0,0.0,0.0,0.0,0.0,0.0,0.0,0.0,0.0,0.0,0.0,0.0
2023-05-16,0.0,0.0,0.0,5.897688,1.4527003,4.279781,0.0,0.0,0.0,0.0,0.0,0.0,0.0,0.0,1.6771333,0.0,0.0,0.0,0.0,0.0,5.5715494,0.0,0.0,0.0,0.0,0.0,0.0,0.0,1.3563256,0.0
2023-05-17,11.112254,0.0,26.092724,0.0,0.0,0.0,13.214422,0.0,0.0,4.4828677,0.0,6.684162,4.1477227,0.0,0.0,26.985254,0.0,8.354698,0.0,0.0,4.7672157,6.753392,0.0,8.171889,8.481027,0.0,0.0,6.976098,0.0,0.0
2023-05-18,0.0,11.226138,0.0,10.025257,10.92587,10.0717535,0.0,0.0,0.0,8.459644,0.0,18.9885,13.644488,16.909239,0.0,0.0,16.59499,3.654053,0.0,16.654104,7.4588127,0.0,0.0,0.0,21.71367,0.0,0.0,8.831765,2.4709125,0.0
2023-05-19,7.086252,0.0,11.128812,0.0,0.0,0.0,8.26034,0.0,0.0,6.932623,0.0,0.0,4.5379686,6.0006895,0.0,25.593079,4.149848,4.724527,0.0,0.0,5.774374,0.0,0.0,9.113082,0.0,11.082959,0.0,10.47041,0.0,0.0
2023-05-20,0.0,15.623911,0.0,0.0,6.7338924,0.0,0.0,0.0,0.0,4.974211,0.0,16.53334,9.89556,10.316667,0.0,12.003749,9.035613,2.4418561,0.0,19.078686,6.2408185,0.0,0.0,6.8513474,13.534162,6.673765,0.0,10.110598,0.0,0.0
2023-05-21,6.152193,12.741363,18.970154,3.952342,3.664126,0.0,5.1031055,0.0,1.7012719,16.37567,0.0,16.183498,8.61705,23.775078,3.3165658,19.421291,16.761496,3.4969754,0.0,25.313944,20.739292,0.0,2.8452325,2.8986323,22.095673,8.69459,0.0,9.212039,4.1286526,0.0
2023-05-22,20.899393,23.3999,50.098244,5.2760096,6.027306,11.253878,23.677074,8.620166,1.694454,5.751205,10.200521,21.473356,11.148084,15.438845,2.3619926,51.22539,12.679676,13.969087,0.0,24.677353,7.8846292,25.01685,0.0,0.0,27.049374,11.764097,0.0,20.910322,2.741275,0.0
2023-05-23,0.0,0.0,0.0,0.0,7.7347383,0.0,0.0,0.0,0.0,9.041554,0.0,10.362673,8.547145,13.71352,0.0,0.0,8.711517,0.0,0.0,9.420653,10.197225,0.0,0.0,0.0,8.50602,0.0,0.0,8.783921,0.0,0.0
2023-05-24,0.0,9.362672,16.681112,8.061839,7.074762,12.688013,6.1789737,0.0,0.0,8.754588,7.888793,16.911598,10.535967,23.423,0.0,19.611412,6.6299725,8.838909,0.0,14.039436,13.149712,11.5627165,0.0,0.0,18.656832,0.0,0.0,10.580567,2.784966,0.0
2023-05-25,0.0,13.204611,0.0,16.910297,15.132363,17.646809,6.5040092,13.413106,5.7150517,6.3374486,10.923471,19.097721,7.9848337,28.483255,6.918995,0.0,0.0,7.2404118,0.0,15.47031,7.832414,13.228099,14.05274,0.0,31.9579,0.0,16.02737,9.199516,4.8666606,0.0
2023-05-26,0.0,47.98748,0.0,30.588367,18.540743,43.410404,12.520493,55.728146,7.9952173,17.252676,42.551422,41.397945,22.124098,45.97256,11.399699,0.0,45.30371,25.997232,40.710854,59.137444,15.877637,47.161865,53.815155,39.97852,52.998726,44.785473,57.923973,0.0,5.370627,46.987415
2023-05-27,0.0,16.985125,29.167133,12.264244,11.686878,11.460871,25.165419,18.710041,6.2083945,9.845208,0.0,9.028236,10.15061,7.0315194,4.46678,30.804737,0.0,18.067303,0.0,0.0,0.0,20.558357,0.0,0.0,11.6651745,9.030726,0.0,18.672333,6.350085,0.0
2023-05-28,24.366072,17.572187,27.468203,31.135708,25.41575,34.99786,22.60646,0.0,4.38161,7.917541,19.885756,31.12224,8.639172,26.675217,0.0,14.451669,15.928435,19.597795,0.0,24.15497,19.074497,24.762276,18.205265,38.41925,33.059845,38.471672,16.549706,12.516779,6.91776,0.0
2023-05-29,21.605736,26.87275,51.32687,10.071863,4.0372424,17.772642,37.112442,20.830135,0.0,24.014118,21.34705,13.1881075,24.965487,21.127615,3.22222,31.25619,24.5768,28.026672,17.950138,20.629898,19.247261,30.68331,19.978159,21.041721,21.104698,31.378197,18.617805,39.00912,3.8633697,16.995232
2023-05-30,7.6540813,27.34827,13.059015,20.68346,21.381067,14.941279,8.896479,19.029016,0.0,21.035923,17.478767,27.739935,16.679964,22.901302,7.5971203,10.149197,20.652403,10.600115,0.0,27.688272,20.482859,31.042675,15.893822,0.0,31.532042,13.457728,16.468462,21.064106,5.1455803,0.0
2023-05-31,19.137922,16.42464,56.44207,0.0,0.0,0.0,37.112442,15.212858,0.0,19.539265,0.0,33.071743,27.022892,29.126997,0.0,43.353455,28.259663,23.625607,16.592793,18.833818,14.9437,0.0,10.177086,12.093887,25.715076,15.305641,15.977796,38.801785,0.0,16.127577
2023-06-01,16.320318,8.212476,19.487621,34.62222,36.072014,13.187168,0.0,9.538316,0.0,9.357965,6.802364,23.202045,0.0,10.514482,12.226561,0.0,1.0054318,0.0,0.0,12.532755,33.7251,11.164293,0.0,0.0,17.301813,0.0,6.316366,0.0,15.255701,0.0
2023-06-02,10.82104,7.8201246,0.0,14.874314,16.384008,12.959927,8.728111,0.0,0.0,15.050451,0.0,0.0,5.308748,1.0267816,9.875315,0.0,1.9399222,8.221901,0.0,5.7873497,16.658924,4.191662,14.402777,1.008574,4.606617,9.638477,4.195058,6.078398,11.207111,0.0
2023-06-03,0.0,6.1320415,33.68045,0.0,0.0,0.0,29.602919,0.0,0.0,15.484938,0.0,14.201058,10.462426,10.12692,7.137839,16.669004,4.506642,22.29552,0.0,6.1172237,32.15245,4.1085067,4.0669236,0.0,11.229588,0.0,0.0,37.808884,10.286148,0.0
2023-06-04,7.8759155,7.598374,15.4787855,0.0,0.0,0.0,21.286583,6.7987843,0.0,22.125553,0.0,0.0,8.465243,2.7183352,0.0,0.0,3.7540648,14.661606,0.0,7.3104525,16.975048,6.447278,4.744785,7.6853514,5.74804,12.077811,6.964725,19.873941,0.0,0.0
2023-06-05,1.621139,25.360115,20.741192,39.519585,35.24888,36.1571,11.81833,19.032028,0.0,34.325275,24.37101,22.939426,16.209642,13.871716,19.316525,35.89145,13.820785,26.712152,15.550972,21.481316,20.538055,18.841667,32.156754,11.3421135,22.130058,25.78654,30.033537,19.989676,18.284014,19.675238
2023-06-06,0.0,9.973334,0.0,37.76259,31.73563,32.270622,8.899337,9.066618,11.523376,0.0,24.231113,28.20832,0.0,8.024578,18.054901,0.0,0.0,9.307312,7.876698,13.163494,37.32448,9.727969,7.8930693,0.0,14.048643,0.0,11.34295,17.693481,15.830218,7.854637
2023-06-07,0.0,13.355199,0.0,15.238762,16.415867,12.014757,0.0,4.1813173,32.302464,10.247846,8.743804,9.300009,9.428533,9.494113,25.401659,0.0,5.4219823,8.2028885,7.1269674,8.813412,15.781005,5.3425865,17.994219,0.07968418,10.397263,11.242208,12.9235,9.441458,27.844042,7.6000648
2023-06-08,3.1517606,0.0,28.236431,30.179073,34.334637,24.209204,0.0,0.0,0.0,0.0,0.0,16.289103,0.0,0.0,5.1152353,0.0,0.0,0.0,0.0,0.0,0.0,0.0,0.0,0.72322977,0.0,0.0,0.0,0.0,0.0,0.0
2023-06-09,0.0,0.0,0.0,30.11556,30.023518,13.194643,0.0,0.0,0.0,0.0,0.0,10.552428,0.0,0.0,13.698701,0.0,0.0,2.0836198,0.0,0.0,4.038837,0.0,0.0,0.0,0.0,0.0,0.0,0.0,18.977373,0.0
2023-06-10,12.664879,0.0,19.721407,0.0,8.003605,0.0,22.357546,0.0,15.026662,0.0,0.0,0.0,10.420883,6.803157,10.096539,0.0,0.0,19.03735,0.0,4.359128,0.0,0.0,9.7809515,14.171771,8.525391,19.95281,0.0,19.931143,15.678818,0.0
2023-06-11,0.0,8.720026,0.0,16.428055,30.577093,0.0,0.0,0.0,35.99887,0.0,0.0,0.0,7.580279,0.0,36.051907,0.0,6.94094,8.98748,0.0,0.0,0.0,3.8536487,8.044152,0.0,0.0,14.146069,0.0,0.0,35.995228,0.0
2023-06-12,31.42454,20.417915,43.297394,22.248476,12.689459,14.33444,35.813755,13.067922,0.0,72.85915,13.715776,21.519114,21.260908,16.407232,0.0,76.62284,8.290611,29.237186,2.8088565,12.97121,87.67911,13.592455,25.353233,8.390855,19.301056,25.801334,17.504566,40.776276,0.0,0.0
2023-06-13,4.62131,4.957615,0.0,35.70182,39.25446,18.283577,13.401588,0.0,0.0,18.324478,6.0522556,18.446901,11.016288,12.47656,26.114944,91.2764,0.0,13.950048,0.0,13.208353,65.07767,4.664578,0.0,11.154253,18.839989,10.202118,0.0,52.214653,17.780462,0.0
2023-06-14,0.0,0.0,0.0,0.0,0.0,0.0,0.0,0.0,0.0,1.1196673,0.0,0.0,0.0,8.7597885,0.0,0.0,0.0,0.0,0.0,6.906619,19.107908,0.0,0.0,0.0,10.298644,0.0,0.0,0.0,0.0,0.0
2023-06-15,0.0,0.0,0.0,0.0,0.0,0.0,9.295794,0.0,0.0,0.0,0.0,0.0,0.0,0.0,0.0,0.0,0.0,9.248282,0.0,0.0,0.0,0.0,0.0,0.0,0.0,0.0,0.0,0.0,0.0,0.0
2023-06-16,0.0,0.0,0.0,0.0,0.0,0.0,0.0,0.0,0.0,0.0,0.0,0.0,0.0,0.0,0.0,0.0,0.0,0.0,0.0,0.0,0.0,0.0,0.0,0.0,0.0,0.0,0.0,0.0,0.0,0.0
2023-06-17,32.09268,28.67202,64.088295,35.01097,30.522505,35.040028,20.468128,22.577715,30.603323,12.961588,28.34135,12.408111,12.889981,6.2780643,27.071934,40.197327,11.415428,21.268421,44.286995,16.962402,14.390103,23.069656,45.00788,27.027384,17.362467,40.595882,47.18814,20.799345,32.90081,52.889027
2023-06-18,102.35117,32.17801,160.30658,59.153084,61.027317,40.695095,73.11228,20.778215,38.939793,6.648628,38.272278,21.380035,19.912909,9.265958,45.417282,133.01144,9.562925,61.270653,34.867096,8.066095,24.607155,20.916498,60.024475,54.669636,12.544277,84.86114,52.255287,20.443132,46.95817,44.766068
2023-06-19,13.984435,18.040848,22.14484,93.05774,93.65685,61.93508,16.586021,20.745573,38.939793,14.372833,25.808998,42.83681,16.36289,6.3288217,45.384464,28.368786,8.324054,11.727389,5.921558,16.940626,58.36686,22.743332,19.256031,12.285902,26.108953,20.386196,12.891069,19.658957,55.948956,2.1819584
2023-06-20,92.4752,40.224354,145.09216,88.27143,68.38135,87.78393,80.23183,24.9499,42.030235,96.67476,39.023586,40.088177,45.449883,16.183788,35.90575,169.00809,22.436172,76.91176,26.685978,19.653763,69.97873,24.990286,51.580082,35.535656,23.971565,61.322605,35.76925,90.29495,25.65543,28.155518
2023-06-21,46.12818,48.537395,144.09329,36.93743,36.401016,33.558113,94.89841,22.50657,27.860172,78.9916,23.686264,28.334278,34.77746,15.273865,23.888777,97.620995,25.532816,78.231316,22.066753,16.705416,43.4846,21.41732,56.72522,51.39812,28.0083,73.203636,47.249924,83.63663,21.480236,28.453064
2023-06-22,0.0,11.679438,0.0,14.947779,18.563896,5.068401,0.0,6.462751,18.267107,26.953238,4.7709193,26.34132,19.282444,12.285764,13.925009,0.0,5.787182,13.191757,0.026243959,11.33194,11.721779,10.048494,13.895084,0.0,19.748966,10.703639,7.0505524,25.3912,14.003428,0.0
2023-06-23,0.0,0.0,0.0,25.893196,29.474096,6.5919323,0.0,0.0,21.731419,16.145334,5.6491337,13.717038,14.974124,3.4957557,17.023579,0.0,0.0,23.006721,3.127802,0.0,18.064884,0.0,9.61575,0.0,0.0,8.797224,0.0,31.270895,22.127472,3.0650702
2023-06-24,0.0,9.836108,47.636253,29.966644,30.871141,21.56782,17.88003,13.359387,9.944164,31.371195,13.247107,15.465884,11.0391,7.6129274,13.5719185,0.0,4.284593,0.0,6.6510754,11.980207,42.950195,13.9552355,7.8380103,0.0,12.624247,10.952916,5.9499035,16.724058,13.950769,6.2355866
2023-06-25,0.0,4.836976,14.630334,20.914434,15.080039,21.923891,0.0,3.1947331,12.295422,31.295996,6.7636456,18.451902,7.225335,9.384604,13.693938,0.0,1.0606351,20.011871,4.0010896,16.99353,71.91744,4.7345037,12.814783,1.6692032,20.657776,18.621754,0.0,29.192476,13.657636,3.298493
2023-06-26,0.0,2.356889,0.0,46.020298,43.142197,8.050687,0.0,7.81533,43.3953,2.166955,1.9912106,19.188843,11.32464,9.740274,39.420025,0.0,0.0,10.685301,0.0,0.0,73.85122,11.640076,0.0,0.0,11.64215,0.0,0.0,20.687056,39.84889,0.0
2023-06-27,0.0,12.874185,0.0,27.686787,19.795214,20.675896,0.0,5.568285,20.596382,40.014206,0.0,20.755056,8.918702,10.676347,19.264246,0.0,2.5032837,12.240355,0.0,5.540667,95.46645,9.811441,18.530405,0.0,18.84561,12.07498,10.747697,0.0,20.995691,0.0
2023-06-28,0.0,0.0,0.0,0.0,0.0,0.0,0.0,0.0,0.0,0.0,0.0,0.0,0.0,0.0,0.0,0.0,0.0,0.0,0.0,0.0,0.0,0.0,0.0,0.0,0.0,0.0,0.0,0.0,0.0,0.0
2023-06-29,0.0,31.35793,0.0,18.005919,22.837242,10.876495,17.204922,0.0,0.0,53.719013,6.000285,14.649958,31.560633,0.0,16.419651,0.0,18.588577,28.778234,4.6288233,0.0,0.0,0.0,31.943304,14.835994,9.70261,31.697754,24.77219,46.52769,11.489626,13.501387
2023-06-30,0.0,11.091326,0.0,0.0,0.0,10.858409,0.0,6.2495255,0.0,0.0,10.275589,0.0,12.305976,2.346271,0.0,0.0,0.0,11.903168,0.0,18.322239,0.0,12.227255,0.0,0.0,18.507217,0.0,0.0,27.281841,0.0,0.0
2023-07-01,1.689601,7.412433,0.0,10.809942,7.5756774,9.724809,5.9438167,5.343168,4.7541046,11.735636,7.6664834,9.630843,8.203267,1.982071,3.38548,7.6969676,5.3904986,10.598644,4.8825345,7.9189434,32.48517,5.149018,9.038826,0.0,10.459614,8.822616,5.7532406,15.551903,4.412134,4.8825345
2023-07-02,5.4526663,21.080086,18.254805,15.773368,17.640717,11.979091,21.816225,8.161881,6.3217955,13.269751,11.993194,14.0453,21.148237,2.8141117,10.147162,14.768065,12.8857565,24.588476,14.2941,2.150333,32.35496,7.604696,23.121284,4.887664,9.24044,20.863676,20.745651,24.137821,11.286522,14.433746
2023-07-03,3.65326,18.327078,21.579828,11.615396,14.024415,16.066257,18.062756,9.515837,6.3703256,36.352985,11.184941,17.501873,18.029043,9.701617,6.5732236,18.71677,9.992596,19.698006,10.332983,20.499718,33.48153,15.716501,23.74225,4.908943,22.065395,19.526325,10.4628935,24.599344,9.149282,10.95629
2023-07-04,1.8183409,5.249723,18.138285,12.175332,13.047134,9.327372,1.5463428e-08,2.3696678,6.325576,15.849002,3.1546,13.581371,7.8898606,7.8571024,5.63833,23.59677,0.026457127,10.357593,2.6848524,7.8081126,41.038483,4.9936066,6.696436,2.7121057e-08,14.9056225,9.299121,1.9686611,23.296587,7.4473615,2.8272433
2023-07-05,13.769469,0.0,26.425095,4.2487164,5.687086,1.7751039,13.356652,0.0,6.3217955,24.494335,0.0,0.0,7.6758304,2.4178376,5.613785,22.380314,0.17974399,6.869336,2.6350765,0.0,79.84419,0.0,7.383093,0.5322618,1.7441425,7.8660965,0.0,13.8239565,6.1211686,2.756339
2023-07-06,6.679953,24.017204,53.858078,9.750105,7.2153177,10.044488,41.138912,9.017308,3.7967045,24.94274,8.671752,14.657183,29.58225,4.123998,4.2351017,13.464741,10.891603,34.57508,13.873346,11.613065,58.76685,7.3385773,25.51388,0.17959683,17.604534,30.034992,16.32117,41.090466,3.4572947,15.905772
2023-07-07,4.201819,11.246995,29.821949,3.7916856,0.0,6.331832,21.446598,5.4968667,0.0,10.368629,6.431207,0.0,11.061895,1.7772584,3.4588504,10.174973,6.9324136,14.931112,2.6379123,5.6048765,15.630119,7.553401,11.62797,0.095343165,6.858957,8.313246,9.29705,18.660921,0.0,3.6613355
2023-07-08,0.0,0.0,0.0,6.64805,7.9379606,8.789973,0.96752274,0.0,6.959126,0.0,0.0,6.852627,7.025808,0.0,6.884066,0.0,0.0,7.919745,2.248317,0.0,0.0,2.506168,6.0937805,0.615756,8.932329,7.273013,0.0,5.707961,8.588224,2.0598383
2023-07-09,0.0,9.834837,0.0,8.639078,10.847661,10.819791,0.0,10.727263,7.427343,2.5178194,10.228332,8.66321,4.4900646,1.0690922,7.4273434,0.0,5.029656,6.028465,5.5398216,13.451631,17.016169,11.409515,8.000083,0.0,14.028671,0.0,8.680154,7.1077294,6.679309,5.454244
2023-07-10,22.406616,31.929882,59.665672,22.35091,23.52389,19.28527,43.488438,18.634804,16.328157,62.386112,20.112787,21.53387,32.763634,11.793672,16.173666,36.662865,17.095417,39.101677,18.488525,23.773384,75.19475,17.592295,39.40654,3.2583,24.819855,38.569313,26.976492,47.74301,13.775714,19.680714
2023-07-11,3.9945755,22.378424,19.073135,12.157149,13.863661,9.910458,29.839128,10.3157625,13.948944,15.350548,5.69471,13.373606,21.966167,4.781533,11.0910225,0.0,8.7325535,37.597946,5.9042015,10.938748,14.799125,5.160887,32.07818,1.7192746,14.234479,34.15889,15.965274,31.381605,11.505097,6.7771397
2023-07-12,0.0,6.2965183,14.627744,36.050865,38.204025,22.166948,15.252005,5.9484124,18.385939,9.086616,16.058203,29.398037,11.094993,6.9716687,20.098824,0.0,0.5669848,14.002878,4.144483,19.07111,29.061844,13.400276,0.0,0.0,27.675035,0.0,2.7070508,19.4426,18.902155,3.1727655
2023-07-13,0.0,18.856686,0.0,13.985409,29.136282,16.753164,6.0742006,13.688569,11.127403,42.569996,18.125156,16.729763,17.151506,8.9002695,8.53436,0.0,15.579341,15.751047,1.7494307,20.534994,9.186715,18.563728,12.017571,0.0,22.109516,10.97108,7.6928873,16.194736,13.082159,2.321747
2023-07-14,0.0,0.0,0.0,3.4671798,3.116472,0.0,6.1268353,0.0,6.974472,0.0,0.0,0.0,0.0,0.0,4.757213,0.0,0.0,8.937297,5.1254897,0.0,0.0,0.0,0.0,0.0,0.0,0.0,3.581066,11.014802,5.2169313,5.1254897
2023-07-15,0.0,0.0,0.0,4.237814,7.0102077,0.0,0.0,0.0,6.938031,5.528634,0.0,5.1646748,0.0,0.0,4.9810486,0.0,0.0,0.0,0.0,0.0,15.656764,0.0,0.0,0.0,2.5036204,0.0,0.0,0.0,5.144633,0.0
2023-07-16,3.575697,5.484061,23.914534,6.9496713,7.612495,4.5553904,16.227306,4.050288,4.3932805,9.848136,4.581298,4.511343,10.823066,1.2173687,4.473325,11.105406,1.0368638,15.061909,1.5309932,2.2879648,17.02923,3.7925427,10.738469,0.0,3.17017,12.87455,3.0044136,17.255266,4.719115,1.0166394
2023-07-17,0.0,2.1691542,0.0,2.3116064,4.7928543,0.0,0.0,0.0,1.9865445,5.264185,0.0,4.342672,0.0,0.41928172,1.5157523,0.0,0.0,0.97031605,1.3313901,2.3876197,16.187859,0.0,0.0,0.0,3.8852894,0.115585424,0.0,11.798729,4.997514,1.253989
2023-07-18,0.0,0.0,16.385563,0.0,0.0,3.1426558,6.4395523,0.0,0.0,0.0,0.0,0.0,0.0,0.0,1.0955787,11.145374,0.0,2.4178693,1.0979383,1.1954733,0.0,0.0,4.2219524,0.0,4.6232634,2.7099106,3.261016,5.2120132,0.0,1.4324301
2023-07-19,3.0873504,0.0,3.2642832,1.5362242,0.0,1.1948168,0.0,0.0,1.3479061,2.4333417,0.0,2.5876591,0.0,0.0,0.9056015,0.0,0.0,0.13346122,0.0,0.0,14.681967,0.0,0.0,0.0,0.0,0.0,0.0,0.0,0.0,0.0
2023-07-20,2.6302457,0.0,8.543866,2.7285876,3.406112,0.8229563,0.0,0.0,1.3247908,0.0,0.0,3.2121677,0.0,0.0,1.4593512,2.1740158,0.0,0.0,0.0,0.0,0.0,0.0,0.0,0.0,0.0,0.0,0.0,0.0,1.6224201,0.0
2023-07-21,0.5271276,2.9259434,4.329955,0.0,0.0,3.7843595,7.1681986,2.4650245,0.0,33.274628,2.9603057,0.0,7.392381,2.8840451,0.0,0.0,3.5805364,3.6655405,1.702629,5.2545414,11.726264,3.075415,3.0257657,0.31444505,5.461219,0.8833559,2.5758853,12.977655,0.0,1.8526316
2023-07-22,0.0,3.3073378,0.0,5.0901604,6.676817,3.2282708,0.0,1.6600574,4.7602377,0.0,3.40531,2.9474144,0.0,0.0,4.179822,0.0,0.0,5.844089,0.8473916,2.1043835,0.0,0.0,4.5297194,0.0,1.8640203,5.844089,1.594233,0.0,4.88632,0.0
2023-07-23,1.4266696,7.8913374,17.030117,3.8572488,11.424667,2.6131444,1.4167162,3.9766142,5.2983065,9.330416,4.038878,7.181393,10.640931,1.6245452,5.5543633,18.07934,5.082621,13.603972,5.2222886,1.9647765,27.05773,4.401861,11.706959,1.6744322,4.0506907,16.333233,5.964443,26.367117,10.881293,5.347489
2023-07-24,0.010071484,6.5999722,27.22567,15.65184,15.8724375,14.585549,6.3360524,9.148683,7.9079123,29.106209,9.061992,17.174162,10.90246,6.5934663,7.48333,3.1533766,5.258394,12.077188,4.293882,8.440007,57.02536,8.265734,5.434372,0.0,14.8712845,3.8586543,5.6504574,20.878428,8.548616,4.3373027
2023-07-25,0.0,4.457372,31.89506,7.8826923,7.631013,7.2606854,5.475613,2.8143103,5.0497584,0.0,4.4026337,10.174787,0.0,4.346167,5.91673,3.8574588,0.0,3.7014995,3.5919635,3.8438244,32.55275,3.9888968,5.2945404,0.0,9.925568,4.8231115,4.1826773,0.0,6.2196007,3.9490993
2023-07-26,0.0,0.0,6.4708467,0.0,18.38459,2.332231,6.396256,0.0,5.674642,23.25662,0.0,0.0,0.0,2.15441,5.0650277,6.878898,0.0,1.9759369,0.0,1.3003757,8.17341,0.0,7.2132607,0.0,0.0,7.7793083,0.0,12.934009,12.243271,0.0
2023-07-27,0.0,0.0,0.0,0.0,0.0,0.0,0.0,0.0,0.0,0.0,0.0,10.1565275,0.0,0.0,0.0,0.0,0.0,0.0,0.0,0.0,0.0,0.0,0.0,0.0,0.0,0.0,0.0,0.0,0.0,0.0
2023-07-28,0.0,0.0,0.0,0.0,0.0,0.0,0.0,0.0,0.0,0.0,0.0,0.0,0.0,0.0,0.0,0.0,0.0,0.0,0.0,0.0,0.0,0.0,0.0,0.0,0.0,0.0,0.0,0.0,0.0,0.0
2023-07-29,0.0,0.0,0.0,0.0,0.0,0.0,0.0,0.0,0.0,0.0,0.0,0.0,0.0,0.0,0.0,0.0,0.0,0.0,0.0,0.0,0.0,0.0,0.0,0.0,0.0,0.0,0.0,0.0,0.0,0.0
2023-07-30,0.0,0.0,0.0,0.0,0.0,0.0,0.0,0.0,0.0,0.0,0.0,0.0,0.0,0.0,0.0,0.0,0.0,0.0,0.0,0.0,0.0,0.0,0.0,0.0,0.0,0.0,0.0,0.0,0.0,0.0
2023-07-31,0.0,0.0,0.0,11.674749,0.0,8.209083,0.0,0.0,0.0,0.0,5.2499614,10.564589,0.0,2.0493565,2.4365222,0.0,0.0,0.0,0.0,0.0,1.9991913,0.0,0.0,0.0,6.660274,0.0,0.0,0.0,0.0,0.0
2023-08-01,0.0,7.4895587,0.60341215,0.0,0.0,0.0,0.0,0.0,0.0,1.7979472,1.3869256,0.0,5.452765,1.4252087,0.0,0.8493009,0.0,9.604875,6.897638,1.4323769,0.402969,3.1330962,11.329312,0.0,2.513791,1.5906445,10.554852,3.6980906,0.0,6.9967027
2023-08-02,0.0,0.0,0.0,5.113332,3.5494895,1.426493,0.0,2.489142,0.0,0.0,2.7985353,3.953728,0.0,0.0,0.0,0.0,0.0,0.0,0.0,0.0,1.5993441,0.0,0.0,0.0,0.0,0.0,0.0,0.0,0.0,0.0
2023-08-03,0.0,0.0,0.0,0.0,2.083275,0.0,0.0,0.0,0.0,0.0,0.0,1.3381568,0.0,0.0,0.0,0.0,0.0,0.0,0.0,0.0,0.0,0.0,0.0,0.0,0.0,0.0,0.0,0.0,0.0,0.0
2023-08-04,0.0,0.0,0.0,0.0,0.0,0.0,0.0,0.0,8.938001,0.7018966,0.0,0.0,0.0,0.17482682,6.656657,0.0,0.0,0.0,0.0,0.0,0.4403544,0.0,0.0,0.0,0.0,0.0,0.0,0.0,6.4715004,0.0
2023-08-05,0.0,0.0,0.0,0.0,0.0,0.0,0.0,0.0,0.0,0.0,0.0,0.0,4.8258348,0.0,0.0,0.0,0.0,3.513479,0.0,0.0,0.0,0.0,0.0,0.0,0.0,0.0,0.0,4.8711243,0.0,0.0
2023-08-06,0.0,14.43864,0.0,20.02013,0.0,24.426062,6.347732,19.214203,10.631902,8.876086,25.480774,20.634047,16.355133,6.5913296,8.0619,0.0,8.100405,19.024326,10.416727,11.771069,0.0,19.16013,17.849323,0.0,20.034687,19.63439,12.071308,15.251405,6.0792165,6.4288235
2023-08-07,0.0,13.840875,0.0,16.256397,0.0,24.276535,5.732932,15.453365,0.0,8.535003,23.15001,20.058216,14.796759,6.5913296,0.0,0.0,9.394996,15.273157,10.062321,6.9624653,0.0,14.285272,13.725668,0.0,18.444855,14.367229,11.370973,11.458918,0.0,11.300576
2023-08-08,3.6346629,25.30968,8.830392,12.746023,11.45659,23.252323,10.751752,20.06638,6.77571,11.246511,19.51317,17.85371,22.176765,8.634352,7.486677,4.882407,15.897408,19.260027,8.688881,16.326847,5.9031296,20.709768,24.629087,3.1383507,22.78394,24.187973,16.643547,19.878323,10.889528,8.569897
2023-08-09,5.3775935,20.09826,9.508649,32.498116,18.087145,27.408459,14.187892,19.722898,0.0,16.002731,22.001444,36.03481,20.19018,17.752455,7.6574807,7.907552,21.769596,17.2392,15.746676,19.95336,18.466469,21.427906,19.290894,0.93560284,27.353638,9.059722,20.078894,19.690414,6.705617,18.75461
2023-08-10,7.503173,40.604042,12.485972,27.721573,20.080486,33.66943,12.546882,25.692286,14.559594,19.935028,26.298948,22.147243,37.415894,13.228784,19.775385,9.615242,23.698359,41.992413,28.02664,14.879917,17.867268,23.455833,55.313553,11.237256,24.301998,52.807972,48.07196,29.344526,15.039247,34.630215
2023-08-11,7.2467084,28.856693,9.856483,14.152557,8.115856,22.246271,11.22622,30.57216,4.564533,18.313927,11.20885,27.503542,26.257895,14.496799,4.8532786,7.6263185,19.11602,27.90014,16.92497,19.194887,14.823231,25.47576,24.820127,6.771589,27.431927,25.641972,30.501778,19.70943,6.1368876,21.122139
2023-08-12,4.179663,19.846254,7.3534846,11.024111,9.829793,14.514565,7.4493866,28.57763,9.177835,9.004899,21.7234,9.204319,11.941419,8.794883,13.522004,5.8799224,11.163747,14.850846,17.253069,13.982887,4.4362407,27.667076,23.58048,14.861998,14.273156,23.82778,24.906988,12.09741,10.924255,23.121822
2023-08-13,3.2520611,7.456763,3.5525897,9.16341,13.641485,5.040049,4.825948,0.0,20.265667,0.0,2.331552,6.0325184,5.0844955,0.0,16.67055,0.0,4.999042,5.1974716,0.0,0.0,0.0,6.6299324,8.29436,2.3826756,0.0,7.435534,8.497046,4.200041,18.873419,7.3378205
2023-08-14,2.2383766,6.0810747,6.670504,15.8846035,15.652458,19.815868,10.06906,9.36329,10.615255,4.3546257,18.183697,11.357577,7.2268767,3.0708604,11.572292,0.0,4.47194,12.423525,6.9551244,3.8353982,0.0,8.296011,7.755924,1.5322813,9.614506,9.315191,7.661314,14.085424,13.31722,7.768336
2023-08-15,0.0,7.5211535,0.0,0.0,2.9539683,0.0,3.5339081,6.728449,5.068863,7.1403685,0.0,2.6155407,10.73171,3.0115106,0.0,0.0,4.7603536,11.417006,3.6437924,3.846845,0.0,0.0,7.5982804,0.0,0.0,6.163695,8.440304,12.468394,6.5785413,7.687466
2023-08-16,0.0,0.0,0.0,0.0,5.4282203,0.0,0.0,0.0,10.301432,0.0,0.0,0.0,0.0,0.0,0.0,0.0,0.0,0.0,0.0,0.0,0.0,0.0,0.0,0.0,0.0,0.0,0.0,0.0,11.628546,0.0
2023-08-17,0.0,0.0,0.0,21.681133,20.46984,20.812689,0.0,11.243128,23.144213,1.7202759,12.997421,20.955524,0.0,6.670212,26.105198,0.0,0.0,0.0,3.2087147,7.575535,4.7654834,9.170521,0.0,0.0,17.41442,0.0,8.319884,0.0,23.462948,3.4894402
2023-08-18,0.0,7.944395,0.0,3.5009387,0.0,9.518782,0.0,10.01171,0.0,0.0,7.748791,0.0,2.25161,0.0,5.63973,5.5698,6.4588604,0.0,2.5798423,5.1830354,0.0,10.078095,0.0,0.0,3.97665,0.0,0.0,0.0,4.5365667,2.9972615
2023-08-19,0.0,0.0,0.0,6.1697893,7.0924315,0.0,0.0,0.0,19.294743,0.0,0.0,1.98767,2.9851308,0.0,17.70967,0.0,0.0,0.0,0.0,0.0,0.0,0.0,0.0,0.0,0.0,0.0,0.0,0.0,18.01091,0.0
2023-08-20,0.0,0.0,0.0,0.0,0.0,0.0,0.0,0.0,0.0,0.16411799,0.0,0.0,0.0,0.0,0.0,0.0,0.0,0.0,0.0,0.0,0.0,0.0,0.0,0.0,0.0,0.0,0.0,0.0,0.0,0.0
2023-08-21,0.037875846,0.0,0.0,0.0,0.0,0.0,0.0868106,0.0,0.0,0.0,0.0,0.0,0.0,1.8491951,0.0,0.0,0.0,3.0860434,0.0,2.2641943,0.0,0.0,0.0,0.095923804,4.2082715,0.0,0.0,4.564023,0.0,0.0
2023-08-22,2.4481637,16.087273,7.2826653,12.172673,5.1801667,13.985877,7.45734,15.1819515,2.8050804,11.869085,14.589549,13.257532,15.043704,6.7916803,4.9009223,5.7618103,10.221068,17.806778,7.523453,9.4889145,10.300596,14.711194,16.723274,0.19947182,11.995672,17.591438,13.935048,15.326594,3.3076496,11.173895
2023-08-23,0.0,0.0,3.3662202,7.3625116,7.5068316,5.460937,3.770934,5.70458,9.246928,1.5177219,4.353636,5.780038,5.0871067,1.3206694,9.777566,0.0,2.2633164,6.776052,0.0,4.4241657,0.0,6.2893066,13.296994,0.0,4.381895,15.961984,0.0,5.568822,8.867587,0.0
2023-08-24,0.0,0.0,0.0,12.231743,6.2146583,16.252598,0.0,0.0,8.309486,0.0,11.835171,12.304297,0.0,4.798453,7.552994,0.0,0.0,0.0,0.0,6.5244536,3.0235033,0.0,0.0,0.0,14.826061,0.0,0.0,0.0,5.429447,0.0
2023-08-25,0.0,0.0,0.0,0.0,0.0,0.0,0.0,0.0,0.0,0.0,0.0,0.0,0.0,0.0,0.0,0.0,0.0,0.0,0.0,0.0,0.0,0.0,0.0,0.0,0.0,0.0,0.0,0.0,0.0,0.0
2023-08-26,0.0,0.0,0.0,19.531132,38.231735,9.578405,0.0,0.0,16.648487,0.0,12.403801,15.460498,0.0,0.0,17.654575,0.0,0.0,0.0,0.0,0.0,0.0,0.0,0.0,0.0,0.0,0.0,0.0,0.0,29.610067,0.0
2023-08-27,0.0,10.338956,0.0,61.069733,46.40477,60.394337,0.0,19.513111,38.131493,13.993604,19.390959,59.481754,7.2414804,21.364021,35.33744,0.0,7.1028385,0.0,8.495753,28.957321,15.021825,19.372221,0.0,0.0,41.921886,0.0,0.0,0.0,28.443666,0.0
2023-08-28,0.0,14.792231,4.425741,16.961859,13.440874,36.51312,0.0,26.03982,0.0,5.7162147,40.339046,14.648268,8.965125,6.022511,25.368643,5.127909,12.437178,5.7779903,18.010887,14.392353,5.5312767,23.799004,4.511299,0.0,22.86377,0.0,16.744106,9.180291,11.983971,11.830462
2023-08-29,8.805993,36.30376,18.297108,15.012747,14.780805,14.66174,20.523468,25.813446,0.0,30.91768,24.734608,15.432159,31.040855,17.516825,10.16083,4.52479,29.843441,30.602535,17.74827,25.19384,22.2889,23.799004,37.383102,5.937996,21.59689,27.381899,37.167873,31.629967,16.023008,26.987125
2023-08-30,8.504468,21.189877,16.047718,41.6987,33.3017,33.140495,16.007786,26.935617,0.0,15.140404,19.27183,30.030981,14.624529,23.52375,21.573137,7.2528625,12.56701,19.369352,0.0,28.452702,17.544641,28.827503,10.656297,10.123788,31.597454,13.074218,17.74858,26.0626,7.9192934,13.759685
2023-08-31,12.164621,24.992167,23.041698,28.73155,26.76338,34.069225,20.72162,16.285088,0.0,26.411903,28.72467,31.480793,25.40391,22.13754,19.318989,21.668,22.174751,27.393152,9.998384,25.24107,20.88468,17.253792,38.669586,23.804253,28.625626,43.04025,23.08252,26.963835,17.236927,13.648701
2023-09-01,10.949462,6.603155,48.596134,8.007556,4.5922394,11.090817,30.042475,0.0,0.0,16.383123,4.7862654,15.0132675,17.142866,13.4718895,0.0,52.102642,5.089365,29.282833,0.0,10.558281,14.769794,6.382682,5.814837,6.641077,14.410238,5.896821,0.0,39.309975,0.0,0.0
2023-09-02,10.48833,10.031907,23.271639,8.822296,11.658273,9.762324,15.74268,0.0,1.5423319,12.317684,2.9700615,15.579592,13.194585,10.238665,2.5784092,32.450336,12.113911,18.303663,0.0,6.0460777,7.635317,0.0,0.0,8.391755,10.74131,12.34396,0.0,18.550127,5.2330756,0.0
2023-09-03,0.0,9.442417,6.7272525,21.359785,20.251123,13.637284,11.912438,12.358363,10.988067,5.348443,13.650073,23.340918,3.518485,14.257424,12.806232,0.0,5.5171523,12.966387,8.773203,16.416613,14.003885,13.2626,3.3742583,5.40333,16.257038,6.2803698,0.0,15.66402,12.129512,0.0
2023-09-04,0.0,14.04545,8.521914,7.8735595,3.0815353,11.913679,9.63919,11.241762,5.385295,5.622969,12.653015,5.706374,26.979582,3.8675125,6.490121,0.0,5.088964,32.56386,5.865062,7.435511,3.7806213,9.717019,14.246634,0.0,7.9570003,15.198095,9.499415,27.807045,3.2454226,10.809667
2023-09-05,0.0,10.449116,0.0,9.594349,5.4506283,9.142492,0.0,13.413809,2.8356416,0.0,10.927174,9.610087,0.0,5.922183,4.2572236,0.0,7.8586907,0.0,12.151945,7.5303946,0.0,10.64779,9.66662,0.0,8.976971,0.0,12.39315,0.0,2.1805234,12.202576
2023-09-06,2.1991131,17.638706,1.4963635,13.8163,4.9697504,19.380142,4.08277,20.84352,6.336707,6.0121336,21.070112,14.368025,7.063216,13.764866,4.9061656,19.890064,14.371123,13.303956,16.587585,15.384703,13.498024,20.910158,8.661634,0.0,16.961233,9.73967,16.552689,12.146476,4.908722,13.446537
2023-09-07,2.801082,10.382853,15.799207,29.132708,29.837915,20.370495,7.2254972,9.97786,14.100949,4.239344,9.370935,23.145489,9.186076,18.304245,15.262216,28.546692,9.841111,8.771374,9.384416,13.059196,11.294697,8.941405,2.7251296,4.0365515,17.481855,5.903835,5.2247486,0.0,16.944633,8.136576
2023-09-08,0.0,22.021475,22.026085,5.9382353,8.359736,10.159411,0.0,0.0,0.0,0.0,9.164015,9.923843,20.652119,0.0,0.0,55.311264,6.273358,21.893867,5.1573114,0.0,0.0,4.9342422,26.301311,0.0,0.0,26.21377,9.911711,0.0,6.5278153,7.082216
2023-09-09,0.0,8.785192,0.0,12.706184,11.043538,9.733035,4.181053,8.119822,7.734578,1.5081655,0.0,12.192148,0.0,9.116856,6.7446885,0.0,0.0,7.9942093,7.0911794,6.7154756,4.2686915,7.7905784,8.6465645,0.0,11.736946,0.0,8.805386,9.2600765,9.1152,0.0
2023-09-10,0.0,0.0,0.0,12.112793,9.666357,12.118367,0.0,8.895052,9.21523,0.0,10.727641,0.0,0.0,0.0,14.22919,0.0,0.0,0.0,7.0923886,0.0,0.0,6.313656,0.0,0.0,0.0,1.2623938,8.248092,0.0,10.1955185,0.0
2023-09-11,0.0,5.4075074,0.0,11.605212,11.502175,12.76722,0.0,5.4244537,10.81559,0.0,9.4960165,13.260512,0.0,10.629204,8.283506,0.0,0.0,0.0,5.9011765,12.498241,9.529979,9.42818,2.51251,5.0864534,13.556384,5.889225,0.0,0.0,10.056095,4.763697
2023-09-12,0.0,18.601192,0.0,18.46597,15.979646,21.677725,0.0,22.021597,0.0,7.0468464,23.712147,19.484505,14.074414,14.90546,6.880851,0.0,17.021502,5.223756,23.939156,17.475666,9.540433,20.096138,11.670189,0.0,20.703476,6.769234,21.82926,1.2555153,0.0,20.555374
2023-09-13,0.0,7.510766,5.5360527,13.361914,13.248275,12.104083,7.506975,8.365348,8.883792,3.6719372,8.182006,10.874202,5.2292523,5.2115192,11.468119,0.0,6.0529275,5.594202,15.21653,8.133364,6.3533206,6.7240496,7.3683233,4.9425945,7.209653,6.738541,11.387169,0.0,7.8787665,12.431514
2023-09-14,0.0,12.939136,0.0,7.5022883,6.576227,11.314053,1.6064687,13.185288,6.806032,4.916046,14.89645,8.127297,9.376396,3.4236057,5.457505,0.0,9.15439,7.6200185,9.114576,9.847269,0.0,10.739753,13.009591,0.0,9.509568,9.130085,13.341109,8.840831,6.7902517,8.580131
2023-09-15,0.0,4.7456093,0.0,8.386324,14.592688,6.712293,0.0,0.0,11.226333,0.0,0.0,7.07936,7.976916,0.0,10.766817,0.0,0.0,9.079194,0.0,0.0,0.0,0.0,6.685006,0.0,0.0,6.769234,0.0,0.0,16.164776,0.0
2023-09-16,0.0,11.850355,0.0,18.166502,20.538492,17.786875,0.0,12.014392,16.268707,0.0,16.564821,23.772943,9.093352,12.933478,17.960615,0.0,10.535646,0.0,13.435666,16.35617,0.0,14.221596,8.968339,0.0,15.529705,0.0,12.203635,0.0,17.78659,12.892
2023-09-17,18.555037,31.804249,39.46826,19.96519,18.950941,25.83535,22.838102,18.111103,5.551823,19.94024,26.60964,20.892334,33.56759,18.879972,9.434738,55.815285,26.222874,33.625423,25.906677,30.881514,12.260952,25.419867,34.79872,18.12601,28.467297,34.32388,25.195152,27.898457,5.0605254,25.145895
2023-09-18,18.159864,27.299585,39.497364,16.538845,20.67047,9.051941,29.260174,5.7947087,8.989964,16.72027,8.389824,23.354446,35.379692,18.647812,7.9988,43.63645,20.938412,40.360703,7.0248613,12.473448,9.197031,5.5033383,25.756086,20.193272,16.882875,29.306849,13.354563,41.61849,9.016915,8.336374
2023-09-19,5.916561,15.588504,17.970709,5.1570554,9.4139805,0.0,14.1071005,7.3285275,0.0,21.103619,0.0,8.062121,19.579084,9.453951,0.0,23.648432,18.006456,12.777364,0.0,8.795829,7.1583295,2.7341335,10.414688,0.0,7.2652802,8.227422,7.5258904,19.527794,0.0,0.0
2023-09-20,4.20375,15.0974655,28.270378,10.026386,9.955691,5.3471417,12.501541,6.806701,0.0,8.197026,6.485502,16.753616,9.8405075,17.25919,4.513016,21.36991,11.010001,8.788021,0.0,16.346188,18.564882,13.72148,0.0,0.0,13.292847,0.0,0.0,15.010094,0.0,0.0
2023-09-21,6.735816,8.794071,25.947676,13.296474,15.339068,12.934943,14.414917,10.989377,13.527741,17.435333,13.192073,13.376642,13.893455,16.18578,12.42299,25.61073,9.43249,11.862704,0.0,7.9125543,23.581724,11.411896,3.3590171,6.3346825,13.576496,6.7459335,6.2766304,18.73677,12.364256,3.0640504
2023-09-22,5.2540193,7.318511,19.096266,4.013018,3.9613051,0.0,5.0825796,3.6581419,0.0,9.33002,3.160749,3.777596,12.036985,5.755863,0.0,15.133354,5.9223413,11.953815,0.0,6.700536,6.404119,6.981039,7.950579,0.0,5.151332,11.341875,5.1587534,16.250935,0.0,0.0
2023-09-23,0.0,5.9141655,9.4077215,17.85271,18.538296,9.943408,16.416708,0.0,4.3184047,6.613211,7.923521,13.405806,10.197224,13.773467,9.272552,0.0,5.70388,16.967306,0.0,8.99618,14.816891,4.8711214,0.0,0.0,10.091942,0.0,0.0,18.40272,9.837419,0.0
2023-09-24,0.0,12.638172,0.0,13.828859,16.131308,10.700859,0.0,8.622146,9.504578,6.205091,10.284387,14.758941,9.834274,13.100833,10.602162,0.0,8.231037,9.78489,0.0,12.1612835,14.472641,13.424072,7.339651,0.0,14.224035,7.684592,5.287898,0.0,11.324506,5.195542
2023-09-25,2.7418544,23.651543,14.60516,16.14775,14.890309,12.39148,17.365612,24.927036,6.3473935,13.408837,24.634182,13.566367,18.228552,11.021248,10.463423,0.0,18.3616,17.420689,28.154644,22.069426,13.208939,14.793294,22.669336,9.372029,17.219292,20.362537,28.911228,18.11484,7.9835057,29.791634
2023-09-26,16.565355,15.698803,19.493547,26.864632,32.287582,23.19532,6.920111,27.020483,12.527008,13.545674,33.108704,24.451885,19.566011,6.905463,17.052155,28.952972,12.427204,16.936337,29.38338,12.134542,7.634261,17.461306,15.037177,13.00306,12.300101,13.378238,24.344893,18.019932,18.791855,26.771967
2023-09-27,1.1792063,13.262654,6.9365582,12.9529,24.087288,11.723375,18.569456,10.373303,6.672215,12.0856495,10.37203,19.60649,19.846577,19.423458,14.117414,0.0,12.277369,22.390118,12.44803,14.148362,16.439724,7.7616987,21.163773,15.3221855,15.546595,22.740345,13.019243,21.293238,16.894135,13.248216
2023-09-28,0.0,19.874294,0.0,5.9296894,7.9370527,8.166109,5.780892,8.37902,0.0,9.611639,10.516845,12.217582,18.029032,11.324252,4.9694486,10.244477,17.861927,9.231842,17.220766,11.541504,5.9126434,7.513001,16.527729,3.7876484,8.101206,11.398117,9.787323,10.880837,6.268878,12.010805
2023-09-29,0.0,0.0,0.0,12.293379,18.988747,0.0,0.0,0.0,23.1195,0.0,0.0,8.8910265,0.0,0.0,20.528616,16.535389,0.0,0.0,9.913187,0.0,0.0,0.0,0.0,0.0,0.0,0.0,2.0887976,0.0,21.86843,7.5647435
2023-09-30,22.54023,5.487133,35.404602,0.0,7.8793106,3.975039,0.0,5.4293985,6.939926,0.0,0.0,5.171727,4.0989194,3.870219,6.3767915,43.68018,6.1432624,0.0,0.0,5.6341214,7.463363,3.6488836,4.094678,0.0,0.0,0.0,5.5136642,0.0,8.817994,5.605789
2023-10-01,0.0,0.0,0.0,25.00594,10.615618,20.776142,0.0,0.0,0.0,0.0,6.007903,12.449908,0.0,0.0,11.480685,12.472996,0.0,0.0,0.0,0.0,0.0,0.0,0.0,0.0,0.0,0.0,0.0,0.0,0.0,0.0
2023-10-02,31.493088,0.0,57.93092,0.0,0.0,0.0,0.0,0.0,0.0,0.0,0.0,0.0,0.0,0.0,0.0,71.52547,0.0,7.523397,0.0,0.0,0.0,0.0,5.519784,6.064591,0.0,7.3181324,0.0,0.0,0.0,0.0
2023-10-03,14.79863,0.0,39.542236,0.0,0.0,0.0,0.0,0.0,0.0,0.0,0.0,0.0,0.0,0.0,0.0,65.60191,0.0,0.0,7.560641,0.0,0.0,0.0,1.0684209,0.0,0.0,0.0,1.6902953,0.0,0.0,6.50698
2023-10-04,0.0,4.8507204,0.0,14.011044,13.804947,0.0,0.0,0.0,0.0,0.0,0.0,0.0,6.65818,4.274583,14.807436,0.0,5.4284687,0.0,0.0,5.3431873,0.0,0.0,0.0,0.0,0.0,0.0,0.0,11.384705,4.0164576,0.0
2023-10-05,9.654159,0.0,17.934906,29.003086,35.23406,17.498178,3.4666934,0.0,0.0,0.0,0.0,26.26911,6.1958785,0.0,12.684274,21.257399,0.0,12.611281,0.0,0.0,0.0,0.0,0.0,3.2961283,0.0,0.0,0.0,13.429715,17.653172,0.0
2023-10-06,0.0,0.0,0.0,0.0,0.0,0.0,2.9525783,0.0,0.0,5.780439,0.0,0.0,0.0,0.0,0.0,0.0,0.0,0.0,0.0,0.0,0.0,0.0,6.0565076,7.647836,0.0,6.088757,3.1994205,2.9086585,0.0,0.0
2023-10-07,3.6360009,12.118093,6.25607,18.687523,36.183235,0.0,10.613234,0.0,0.0,14.659533,0.0,10.953783,11.7477665,10.150958,0.0,0.0,7.57501,10.9273815,0.0,18.134491,0.0,12.213777,8.099766,3.9329967,14.212946,8.608047,0.0,11.204536,19.64266,0.0
2023-10-08,9.1449375,8.976113,14.280946,0.0,11.905663,6.2682085,5.725372,1.9062923,0.0,9.248185,3.9388373,19.85365,6.979927,8.619329,0.0,15.037245,9.01632,4.7789044,0.0,9.90411,13.0735855,8.380101,9.329506,5.7887077,12.029879,5.517345,0.0,8.613121,0.0,0.0
2023-10-09,7.5867763,0.0,12.193323,20.549934,21.634205,0.90907377,9.328033,2.931344,0.0,26.891508,0.0,26.75671,11.701177,23.257078,0.0,14.1286125,10.647555,8.536097,3.2147386,16.192863,29.708723,0.0,4.270477,4.4485354,24.508904,6.21684,3.7402463,10.014388,11.036735,3.7917097
2023-10-10,4.3069725,5.195621,9.783414,40.74585,40.87949,19.532026,6.098309,0.0,0.0,10.173493,0.0,29.636822,6.8881345,12.046816,0.0,0.0,7.357164,6.3769403,4.5606565,9.834602,16.293573,0.0,0.0,0.0,14.840191,1.7435343,3.7272944,8.750145,24.931768,5.772294
2023-10-11,10.569746,18.837568,21.805641,0.0,0.0,6.744002,18.093153,12.488555,0.0,28.823347,9.902799,15.566032,23.818895,25.68874,0.0,10.025427,25.380064,20.256804,7.3265095,22.48948,23.081049,16.80647,16.23773,10.440907,16.909943,14.197724,10.815819,25.709902,0.0,6.8125057
2023-10-12,16.425795,11.020136,26.857744,0.0,0.0,0.0,22.914608,13.421659,0.0,19.213194,7.35193,6.3995905,9.745216,10.657943,0.0,15.099939,6.622093,17.913227,14.826753,7.503028,15.565047,14.141188,13.712161,9.808521,10.912208,13.9395275,11.710283,22.755592,0.0,14.81403
2023-10-13,11.636542,7.736813,12.669299,0.0,0.0,6.467074,9.053002,21.75319,8.737988,8.879894,11.710497,0.0,8.110603,5.182342,0.0,22.378254,7.9502397,10.570086,13.394677,6.770531,0.0,8.309573,14.571773,14.011828,0.0,13.494129,11.761894,13.316506,1.0606121,9.254878
2023-10-14,11.697093,17.94808,30.44024,23.885456,23.656288,21.279106,23.801437,15.830714,35.13643,32.41466,11.173072,24.370338,19.582962,29.589386,28.750395,28.31614,12.702377,15.74267,9.954108,23.271408,26.859562,19.247463,13.746095,13.504352,26.08494,13.494129,12.065575,22.669197,12.445097,8.198439
2023-10-15,16.247854,4.5252542,20.081348,23.35852,21.358728,17.539824,19.241856,16.98993,20.880535,20.205988,11.620773,21.65072,18.86297,11.564129,15.841058,29.729343,4.9460287,19.811804,11.424248,7.396198,12.866442,6.810553,9.396944,7.4851155,13.71721,7.1025057,8.932156,21.672802,19.508314,9.070765
2023-10-16,21.914188,36.471966,21.821903,35.63824,27.199203,31.284761,26.81758,31.67677,16.625101,36.990192,27.798254,31.239775,29.053867,27.374239,34.439934,8.583514,31.552752,31.477367,39.728195,33.3417,29.115793,36.62206,32.258938,23.326666,35.13678,29.380669,32.061653,30.96206,34.508957,40.042114
2023-10-17,10.324021,17.539755,25.92337,0.0,0.0,0.0,14.385954,16.079582,0.0,5.8053617,0.0,0.0,10.224096,0.0,0.0,35.494583,6.352017,12.229885,10.642634,6.7506185,12.150768,13.558395,15.92591,10.568566,0.0,12.757681,18.303326,18.36256,0.0,15.008929
2023-10-18,14.718287,0.0,15.53131,0.0,0.0,0.0,6.0989347,0.0,0.0,3.759926,2.9200892,0.0,8.758382,0.0,0.0,17.728067,0.0,9.10801,15.048339,0.0,0.0,0.0,8.612868,11.806925,0.0,9.40159,12.14332,9.570209,0.0,16.02325
2023-10-19,4.647743,0.0,7.6028786,0.0,0.0,0.0,5.6715765,8.935163,14.486032,0.0,0.0,0.0,0.0,0.0,12.949079,13.269047,0.0,4.0701685,0.0,0.0,0.0,0.0,7.4368525,3.734229,0.0,0.0,9.152924,0.0,10.380281,8.249108
2023-10-20,6.760798,0.0,1.1134459,0.0,0.0,0.0,0.0,0.0,0.0,0.0,0.0,0.0,0.0,0.0,0.0,12.578985,0.0,0.0,0.0,0.0,0.0,0.0,0.0,0.0,0.0,0.0,0.0,0.0,0.0,0.0
2023-10-21,0.0,3.5748513,0.0,0.0,0.0,0.0,0.0,0.0,6.8379135,0.0,0.0,0.0,7.441866,0.0,0.0,0.0,3.5391862,8.725807,0.0,0.0,0.0,0.0,3.2479293,0.0,0.0,0.0,0.0,6.112848,0.0,2.878278
2023-10-22,2.5227563,0.0,8.625519,0.0,0.0,0.0,2.3573232,0.0,0.0,0.0,0.0,0.0,0.0,0.0,0.0,13.161502,0.0,0.0,0.0,0.0,0.0,0.0,0.0,3.470004,0.0,0.0,0.0,0.0,0.0,0.0
2023-10-23,3.5598338,0.0,5.6314588,0.0,0.0,0.0,6.325891,0.0,0.0,0.0,0.0,0.0,0.0,0.0,0.0,8.959667,0.0,6.2902594,0.0,0.0,0.0,0.0,2.347629,2.9075415,0.0,4.851502,0.0,7.776839,0.0,0.0
2023-10-24,0.0,0.0,7.203324,0.0,0.0,0.0,1.4842924,0.0,0.0,0.0,0.0,0.0,0.0,0.0,0.0,0.0,0.0,4.0724864,0.0,0.0,0.0,0.0,0.0,0.0,0.0,0.0,0.0,5.402211,0.0,0.0
2023-10-25,5.187606,2.3001904,11.159626,0.0,0.0,0.0,6.9352665,0.0,0.0,8.326041,0.0,0.0,6.6592155,0.0,0.0,8.868413,1.5704138,8.47701,0.0,0.0,0.0,0.0,6.5128307,5.611866,0.0,7.412067,3.5610142,11.396874,0.0,2.2370582
2023-10-26,0.0,0.0,18.895256,0.0,0.0,0.0,0.0,0.0,0.0,7.4157724,0.0,0.0,0.0,0.0,0.0,18.450136,0.0,0.0,0.0,0.0,0.0,0.0,0.0,0.0,0.0,0.0,0.0,7.8283086,0.0,0.0
2023-10-27,0.0,0.0,0.0,0.0,0.0,10.24084,0.0,0.0,0.0,13.817469,0.0,0.0,0.0,0.0,0.0,8.829759,0.0,0.0,0.0,0.0,11.723856,0.0,8.018365,0.0,0.0,0.0,7.9161515,7.575188,0.0,7.292296
2023-10-28,7.5001645,6.7262907,19.578949,0.0,0.0,0.0,14.0327015,11.723848,0.0,9.4117775,0.0,0.0,9.186857,9.68165,0.0,17.846218,0.0,13.689692,16.9541,0.0,22.840336,7.8313785,7.4266205,7.385101,0.0,7.262958,12.387142,16.101124,6.570562,15.47013
2023-10-29,30.50727,32.894333,29.335773,23.738482,15.302586,34.32646,22.050877,35.78912,24.344646,23.76345,40.567146,24.384981,30.384523,21.123192,34.68264,23.872923,23.443472,32.518295,40.19585,25.509663,31.973495,33.385216,32.423706,24.878162,28.309227,31.490715,32.5048,25.204597,17.006392,32.704044
2023-10-30,17.585787,9.103257,27.83545,30.878326,28.226776,29.619225,13.928367,20.750355,61.14043,24.04965,20.857357,23.087374,15.62563,13.844059,49.88464,19.960144,7.8510513,13.511884,20.264349,15.451454,28.153084,14.351938,15.411197,19.61252,22.007137,16.396389,15.403824,22.062325,50.133736,11.09286
2023-10-31,7.519284,0.0,9.269465,0.0,0.0,12.32232,8.071635,0.0,0.0,22.613932,14.232473,4.9716206,0.0,8.706951,11.259333,13.144599,0.0,6.2905765,0.0,6.8599954,41.31076,0.0,0.0,5.9745584,0.0,7.124295,0.0,10.678129,13.531528,0.0
2023-11-01,22.359222,23.106512,25.902552,0.0,0.0,27.131021,31.389444,30.909908,24.31437,28.122414,30.894035,0.0,27.745214,20.05234,27.803928,25.432043,21.628454,30.740484,30.644732,12.733626,38.160477,13.787563,14.789103,20.749193,10.491228,25.459316,22.048779,35.440838,1.63854,27.779125
2023-11-02,21.135347,24.616636,27.053015,12.242521,0.0,18.376982,33.494053,10.582591,28.08258,32.546852,26.619438,9.407525,24.0392,31.320787,26.040323,21.41344,23.284527,33.348007,31.474888,18.752436,35.006405,13.055658,24.420008,23.584133,13.362483,20.306328,19.312052,30.691038,9.519066,27.286976
2023-11-03,34.340736,34.178585,31.659983,32.854713,15.251195,51.49291,34.410713,32.719833,34.555862,49.33671,61.291653,27.995037,47.419815,34.089092,37.80704,30.272934,28.085659,40.50959,67.22858,25.448952,59.121773,30.239334,35.228683,36.239674,33.93512,33.099403,45.550198,46.487076,13.770884,64.85741
2023-11-04,12.992275,32.777336,9.644231,45.656956,41.688656,45.70565,20.724558,31.57688,51.2066,59.805355,33.661713,44.6524,44.29328,61.592022,55.292408,8.478721,55.320065,29.275547,35.874336,52.96636,88.59281,31.592384,25.145763,28.822037,49.039482,27.563602,32.6308,42.284996,39.758717,32.645424
2023-11-05,17.653114,17.749203,26.541332,12.202545,13.1913185,20.226212,28.657133,13.599138,51.778656,14.912411,18.213587,7.9408894,30.5184,12.422911,36.500305,15.1600895,17.931774,31.980375,16.815708,19.905548,16.196331,21.283222,16.453485,15.680623,16.572548,18.309351,16.859291,33.68692,39.33649,15.380454
2023-11-06,21.992964,13.06436,36.2611,21.746998,14.674333,24.383888,26.653194,6.6775556,10.2161045,25.550047,6.9811554,23.04093,31.857853,27.970608,10.173265,37.854393,19.592693,27.776237,0.0,22.81158,27.564537,9.896073,12.869975,11.434351,27.201109,12.45461,8.365427,37.348953,11.114367,0.0
2023-11-07,22.042864,33.711266,21.598526,36.279404,22.828566,43.25205,21.352251,34.480957,26.238031,23.026073,44.579273,37.334114,34.259315,31.08361,22.189964,19.374865,30.133997,29.482388,84.94904,30.772993,35.20353,48.293697,37.567486,25.131355,46.452415,22.667414,63.494034,25.910933,20.795343,82.85289
2023-11-08,39.17063,18.055508,43.061127,35.360916,19.805788,43.32034,35.537594,39.100925,34.371437,41.934406,40.05481,10.958436,32.357807,21.689827,36.910282,49.19516,12.080914,32.91238,44.52679,18.390724,56.857487,24.540316,22.862398,36.970177,24.36353,26.741833,29.880583,38.300934,25.3907,35.784115
2023-11-09,16.731628,20.707285,10.285323,27.906746,16.275278,19.843048,16.919924,17.04046,97.557014,37.13043,16.286331,18.884644,33.039093,29.632515,57.18377,13.828842,26.116581,28.49089,23.629671,24.388912,46.662884,16.208076,24.637192,26.820883,29.885235,25.293459,15.925626,21.712343,77.65295,22.349333
2023-11-10,18.185259,19.250538,18.932062,29.18906,0.0,33.838184,21.875237,15.604479,0.0,18.156252,22.960016,0.0,22.103138,9.007491,38.615055,15.039984,7.652498,22.399376,31.471182,7.613242,14.096797,12.342089,16.744476,38.79146,8.811373,14.432689,23.455204,27.217216,0.0,25.414928
2023-11-11,37.551765,0.0,29.175993,0.0,0.0,0.0,20.399446,0.0,0.0,0.0,0.0,0.0,0.0,0.0,0.0,19.102394,0.0,8.765325,23.328745,0.0,0.0,0.0,21.234486,29.057432,0.0,23.338228,20.65579,9.699828,0.0,23.139812
2023-11-12,0.0,0.0,0.0,0.0,0.0,0.0,0.0,0.0,0.0,0.0,0.0,0.0,0.0,0.0,0.0,0.0,0.0,0.0,0.0,0.0,2.9511971,0.0,0.0,0.0,0.0,0.0,0.0,0.0,0.0,0.0
2023-11-13,12.452828,31.126772,0.0,25.518227,19.606579,39.625652,10.645763,45.874493,41.174995,0.0,48.434216,13.990923,11.314332,2.9331186,34.844788,0.0,19.607986,14.237095,86.32456,15.826087,0.0,32.035843,41.958652,25.596153,20.695711,28.491453,61.474014,8.834467,34.523193,84.01185
2023-11-14,15.885843,31.35851,7.968527,56.28973,43.14178,57.939816,10.288365,76.044334,66.56144,7.3453836,74.47927,18.020012,9.281822,8.748522,61.01611,0.0,14.217613,11.729843,89.19655,24.730732,0.0,51.89481,36.595566,31.7853,33.162987,23.13644,74.81531,0.0,60.415344,89.19655
2023-11-15,0.0,18.303455,5.33925,11.507303,0.0,28.81331,0.0,36.97494,79.30146,0.0,47.936825,0.0,0.0,0.0,58.25978,6.7638845,0.0,0.0,60.803738,0.0,0.0,9.905108,24.571434,10.494676,0.0,9.455927,44.78721,0.0,61.681114,57.549713
2023-11-16,0.0,0.0,23.127121,0.0,0.0,0.0,0.0,0.0,11.364824,5.7526913,0.0,0.0,0.0,0.0,0.0,21.336327,0.0,0.0,0.0,0.0,0.0,0.0,0.0,0.0,0.0,0.0,0.0,0.0,0.0,0.0
2023-11-17,0.0,0.0,0.0,0.0,0.0,0.0,0.0,7.5725627,0.0,0.0,0.0,0.0,0.0,0.0,0.0,0.0,0.0,0.0,0.0,0.0,0.0,0.0,13.682327,0.0,0.0,0.0,18.171955,0.0,0.0,22.42329
2023-11-18,9.825269,6.4275117,12.090615,0.0,0.0,0.0,0.0,20.451057,0.0,0.0,17.750603,0.0,0.0,0.0,0.0,17.14704,0.0,0.0,31.432806,0.0,0.0,7.74315,22.8872,19.55717,0.0,15.689772,32.526123,0.0,0.0,35.18417
2023-11-19,46.85714,6.1181245,40.5408,0.0,0.0,0.0,22.14038,6.7012677,0.0,0.0,6.6794066,0.0,10.5238085,0.0,0.0,44.87509,0.0,14.751041,42.160583,0.0,0.0,2.801044,15.759807,21.297594,0.0,18.193766,20.16037,15.73896,0.0,40.73494
2023-11-20,9.049045,0.0,8.40693,7.18594,1.7008862,20.611134,0.0,27.448658,67.92347,0.0,49.318848,0.0,0.0,0.0,54.784077,0.0,0.0,0.0,61.185562,0.0,0.0,0.0,0.0,0.0,0.0,0.0,40.981224,0.0,54.93764,55.89362
2023-11-21,11.006799,2.2353263,29.531553,17.43462,6.154697,21.261913,29.899467,0.0,150.5532,32.180275,16.770653,5.453749,26.629889,22.613207,120.945984,14.096214,6.03761,26.128626,13.762113,6.6786118,34.486282,0.0,0.0,8.052869,17.42928,8.053429,0.0,34.936775,135.84517,0.0
2023-11-22,36.482468,21.868082,41.117542,28.370045,17.520264,64.97811,46.14456,54.70317,58.488194,48.433456,65.2457,6.504348,34.826893,30.35591,54.756863,32.467422,19.343943,37.776196,66.707306,19.019238,49.85207,24.215446,30.146765,29.77909,9.329441,28.545948,46.90447,47.014484,41.61455,60.53142
2023-11-23,23.742521,0.0,16.478693,0.0,0.0,0.0,24.662983,0.0,0.0,18.72446,0.0,5.770034,9.5136385,10.929233,15.320326,12.639771,8.085046,10.1359625,0.0,0.0,22.990854,0.0,0.0,20.712587,0.0,7.3482223,0.0,10.205664,0.0,0.0
2023-11-24,4.8029647,10.077556,6.5104446,14.712399,7.3990655,17.904436,7.80025,13.620707,0.0,12.121132,14.319132,4.3970976,13.239964,6.9871464,10.89018,0.0,4.2190685,0.0,11.803857,10.190844,10.133488,12.425705,8.662311,0.0,10.988785,0.0,11.909355,13.620688,8.93911,8.129255
2023-11-25,11.521825,13.865877,9.662526,23.105125,8.062375,46.469177,8.531193,34.11691,21.41396,11.154899,53.066517,5.5610466,10.333102,7.587718,44.063778,9.387903,14.65622,9.628601,41.559265,8.425787,6.994637,15.153161,11.608878,10.273105,12.0750065,7.028973,29.482311,9.653621,14.696439,29.442251
2023-11-26,0.0,0.0,0.0,23.854557,44.68591,27.365398,0.0,11.575905,64.16039,0.0,25.454414,6.7177534,0.0,0.0,62.04261,0.0,0.0,0.0,0.0,9.283687,0.0,0.0,0.0,0.0,11.003311,0.0,0.0,0.0,63.024765,0.0
2023-11-27,0.0,0.0,0.0,0.0,0.0,0.0,6.0771947,0.0,0.0,0.0,0.0,0.0,0.0,0.0,0.0,0.0,0.0,4.1161757,0.0,0.0,0.0,0.0,8.348261,6.9944634,0.0,8.25222,9.238028,0.0,28.31229,0.0
2023-11-28,22.221725,0.0,20.713484,0.0,0.0,0.0,16.684011,0.0,0.0,0.0,0.0,0.0,11.359512,0.0,0.0,21.603027,0.0,12.234032,20.343763,0.0,0.0,0.0,19.340956,26.77756,0.0,24.29145,13.73037,12.438775,0.0,18.930227
2023-11-29,15.729361,7.2520223,17.853973,46.1838,37.628998,35.303314,15.508531,12.232081,119.17178,27.875221,28.566093,19.42794,11.834271,21.400347,86.531555,13.887258,7.0320168,12.818356,49.86211,11.272317,38.29608,13.583509,17.825275,13.920686,14.412399,8.654277,23.767237,16.736452,105.785324,41.30549
2023-11-30,0.0,0.0,5.4251018,0.0,0.0,0.0,0.0,19.980062,0.0,0.0,33.780357,0.0,0.0,0.0,0.0,9.998326,0.0,1.9688449,42.849163,0.0,15.724774,0.0,7.2902946,9.501097,0.0,8.338468,24.04261,0.0,0.0,37.990055
2023-12-01,3.783019,5.2743697,8.414834,12.844263,9.585094,23.776932,8.890084,23.422483,25.257624,1.7034944,28.066668,1.9684436,5.122335,4.891526,23.910172,9.511291,4.4231644,4.289133,44.31911,4.1040163,4.5601625,8.186507,16.33769,29.364134,3.5351691,12.02567,27.424053,4.0338554,20.582415,43.414856
2023-12-02,6.766751,12.988691,7.5472283,41.06304,36.68576,39.152905,7.084679,18.557888,46.214912,10.455374,36.147392,8.004745,10.548048,9.044336,51.743423,10.719507,8.836034,8.36379,34.054417,12.738311,0.0,17.084213,14.7181225,10.905369,11.434231,9.624721,24.375301,10.033235,47.27781,33.07379
2023-12-03,4.152306,8.190345,9.304319,62.092587,62.244247,55.91439,5.749437,26.948465,134.44608,5.1801705,51.268646,12.756183,4.4984145,5.445827,105.83705,0.0,3.7767646,0.0,38.258915,6.6857495,9.300613,13.813702,7.8067403,8.553033,12.718855,5.6042056,22.40353,4.402122,111.106705,29.61425
2023-12-04,13.742184,32.08798,15.746496,96.512085,77.81388,94.07497,14.682212,49.612473,155.99603,29.005363,64.22516,41.509945,21.465277,27.521183,125.73032,18.901424,21.374378,14.060288,55.906757,34.382267,42.15589,43.20026,29.544836,12.208932,37.778442,13.313499,40.076946,19.820429,136.87993,47.924084
2023-12-05,0.0,9.860689,0.0,6.6133504,8.347296,8.972867,3.780082,16.833694,0.0,12.02431,18.49316,6.3114305,11.034003,10.171909,0.0,0.0,9.153787,5.6902723,12.429444,5.121329,10.352761,11.342705,11.030616,0.0,7.474967,6.222187,12.438134,8.130829,11.078587,6.263171
2023-12-06,0.0,0.0,0.0,8.686409,0.0,8.52521,0.0,0.0,41.408318,0.0,0.0,9.512149,0.0,4.6437945,26.5374,0.0,0.0,0.0,27.607746,0.0,0.0,0.0,12.047628,4.381543,7.3991528,0.0,20.82436,0.0,0.0,29.60214
2023-12-07,0.0,6.4282875,16.850452,0.0,0.0,15.684846,14.831763,40.85641,0.0,13.362291,41.544834,0.0,8.528509,11.117135,4.151327,9.863854,0.0,8.997128,44.561066,0.0,16.449076,14.115633,4.5936165,0.0,2.016809,0.0,39.301254,15.832363,0.0,43.565697
2023-12-08,19.314985,3.2190974,7.3549848,0.0,0.0,0.0,24.455196,0.0,0.0,38.608803,0.0,7.8479443,33.285847,23.093071,0.0,8.216609,2.64326,21.512506,0.0,2.8533235,43.547188,0.0,0.0,17.569872,9.69347,0.0,0.0,36.088493,0.0,0.0
2023-12-09,14.758903,0.0,17.695383,0.0,0.0,0.0,14.183591,0.0,0.0,17.79955,0.0,0.0,11.056828,9.586,0.0,15.919267,0.0,10.250997,0.0,0.0,22.908216,0.0,0.0,13.967224,0.0,0.0,0.0,18.047398,0.0,0.0
2023-12-10,35.62095,0.0,32.133865,0.0,0.0,0.0,12.65769,0.0,0.0,11.904199,0.0,0.0,5.089715,7.7682743,0.0,27.394272,0.0,12.278366,0.0,0.0,48.53219,0.0,14.980071,39.710224,0.0,14.922494,6.2983265,13.117087,0.0,0.0
2023-12-11,9.002592,1.4564412,7.6176867,0.0,0.0,0.0,0.38867465,11.477532,0.0,3.3976314,13.56119,0.0,0.0,1.2225071,0.0,6.3837647,1.138447,0.0,0.0,0.0,19.760582,8.557654,0.0,18.396275,3.1370957,0.0,0.0,5.5925565,0.0,0.0
2023-12-12,0.0,0.0,3.7436888,0.0,0.0,0.0,0.0,0.0,0.0,0.0,0.0,0.0,0.0,0.0,0.0,6.089079,0.0,0.0,0.0,0.0,0.0,0.0,0.0,0.0,0.0,0.0,0.0,3.2564654,0.0,0.0
2023-12-13,0.0,0.0,0.0,0.0,0.0,0.0,0.0,0.0,0.0,0.0,0.0,0.0,0.0,0.0,0.0,0.0,0.0,0.0,0.0,0.0,0.0,0.0,0.0,0.0,0.0,0.0,0.0,0.0,0.0,0.0
2023-12-14,0.0,0.0,0.0,0.0,0.0,0.0,0.0,0.0,0.0,0.0,0.0,0.0,0.0,0.0,0.0,0.0,0.0,0.0,0.0,0.0,0.0,0.0,0.0,10.162909,0.0,0.0,0.0,0.0,0.0,0.0
2023-12-15,0.0,0.0,0.0,0.0,0.0,0.0,0.0,0.0,0.0,0.0,0.0,0.0,0.0,0.0,0.0,0.0,0.0,0.0,0.0,0.0,0.0,0.0,0.0,0.0,0.0,0.0,0.0,0.0,0.0,0.0
2023-12-16,27.545105,47.240128,34.959877,0.0,0.0,24.067902,17.56264,58.455402,0.0,0.0,54.852978,4.5565634,26.362854,9.480391,0.0,41.931824,35.932037,17.586922,99.284645,20.752762,0.0,44.339394,71.27303,77.32983,21.309948,59.469032,70.26526,9.417709,0.0,97.48265
2023-12-17,61.50089,34.9159,80.38816,0.0,0.0,0.0,76.748535,0.0,0.0,62.50502,0.0,0.0,72.558426,18.980816,0.0,77.09728,26.925838,60.06107,0.0,10.320094,0.0,0.0,31.435503,73.42602,0.0,64.27684,0.0,81.490204,0.0,0.0
2023-12-18,29.275986,10.490238,23.981022,0.0,0.0,0.0,30.25481,0.0,0.0,18.711433,0.0,0.0,22.79436,9.430937,0.0,19.265059,10.527596,23.815475,36.31642,0.0,0.0,0.0,0.0,37.01814,0.0,36.235004,17.214241,23.60884,0.0,29.556065
2023-12-19,0.0,0.0,0.0,0.0,0.0,0.0,0.0,0.0,0.0,0.0,0.0,0.0,0.0,0.0,0.0,0.0,0.0,0.0,0.0,0.0,0.0,0.0,0.0,0.0,0.0,0.0,0.0,0.0,0.0,0.0
2023-12-20,0.0,0.0,0.0,0.0,0.0,0.0,0.0,0.0,0.0,0.0,0.0,0.0,0.0,0.0,0.0,0.0,0.0,0.0,45.52932,0.0,0.0,0.0,0.0,0.0,0.0,0.0,0.0,0.0,0.0,36.404747
2023-12-21,0.0,0.0,0.0,0.0,0.0,0.0,0.0,0.0,0.0,0.0,0.0,0.0,0.0,0.0,0.0,0.0,0.0,0.0,35.051487,0.0,0.0,0.0,0.0,0.0,0.0,0.0,0.0,0.0,0.0,26.853489
2023-12-22,0.0,0.0,0.0,0.0,0.0,0.0,0.0,0.0,0.0,8.445195,0.0,0.0,0.0,0.0,0.0,1.0249585,0.0,0.0,0.0,0.0,4.827735,0.0,0.0,0.0,0.0,0.0,0.0,0.0,0.0,0.0
2023-12-23,0.0,0.0,0.0,0.0,5.77358,0.0,0.0,0.0,0.0,0.0,0.0,0.0,0.0,0.0,0.0,0.0,0.0,0.0,0.0,0.0,0.0,0.0,0.0,0.0,0.0,0.0,0.0,0.0,14.148908,0.0
2023-12-24,0.0,0.0,0.0,0.0,0.0,0.0,0.0,0.0,0.0,0.0,0.0,0.0,0.0,0.0,0.0,0.0,0.0,0.0,0.0,0.0,0.0,0.0,0.0,0.0,0.0,0.0,0.0,0.0,0.0,0.0
2023-12-25,0.0,0.0,0.0,0.0,0.0,0.0,0.0,0.0,0.0,0.0,0.0,0.0,0.0,0.0,0.0,0.0,0.0,0.0,0.0,0.0,0.0,0.0,0.0,0.0,0.0,0.0,0.0,0.0,0.0,0.0
2023-12-26,0.0,0.0,0.0,0.0,0.0,0.0,0.0,0.0,0.0,0.0,0.0,0.0,0.0,0.0,0.0,0.0,0.0,0.0,0.0,0.0,0.0,0.0,0.0,0.0,0.0,0.0,0.0,0.0,0.0,0.0
2023-12-27,0.0,0.0,0.0,0.0,0.0,0.0,0.0,0.0,0.0,0.0,0.0,0.0,0.0,0.0,0.0,0.0,0.0,0.0,0.0,0.0,0.0,0.0,0.0,0.0,0.0,0.0,0.0,0.0,0.0,0.0
2023-12-28,0.0,0.0,0.0,0.0,0.0,0.0,0.0,0.0,0.0,0.0,0.0,0.0,0.0,0.0,0.0,0.0,0.0,0.0,0.0,0.0,0.0,0.0,0.0,0.0,0.0,0.0,0.0,0.0,0.0,0.0
2023-12-29,5.580076,13.620915,11.168544,11.053432,37.089764,0.0,10.343244,14.800767,0.0,10.575392,0.0,16.663836,14.122696,11.852696,0.0,0.0,13.002598,12.586382,0.0,0.0,16.690512,13.325829,7.9752617,0.0,6.7304173,6.0724754,0.0,5.4670277,52.472286,0.0
2023-12-30,0.0,0.0,0.0,0.0,0.0,0.0,0.0,0.0,0.0,10.545947,0.0,0.0,5.529362,5.510127,0.0,0.0,4.8900795,0.0,0.0,0.0,21.087336,0.0,0.0,0.0,0.0,0.0,0.0,0.0,0.0,0.0
2023-12-31,0.0,0.0,0.0,0.0,0.0,0.0,0.0,0.0,0.0,0.0,0.0,0.0,0.0,0.0,0.0,0.0,0.0,0.0,0.0,0.0,0.0,0.0,0.0,0.0,0.0,0.0,0.0,0.0,0.0,0.0
2024-01-01,8.126124,6.1703234,19.4704,0.0,0.0,0.0,11.900118,0.0,0.0,0.0,0.0,5.770895,12.674575,0.0,0.0,27.790054,4.0976543,16.315952,0.0,3.5269322,0.0,0.0,5.383531,9.767809,0.0,8.650121,0.0,16.40269,0.0,0.0
2024-01-02,0.0,0.0,6.2212467,0.0,0.0,0.0,0.0,0.0,0.0,0.0,0.0,0.0,0.0,0.0,0.0,6.9218736,0.0,0.0,0.0,0.0,0.0,0.0,0.0,0.0,0.0,0.0,0.0,0.0,0.0,0.0
2024-01-03,0.0,0.0,0.0,0.0,0.0,0.0,0.0,0.0,0.0,0.0,0.0,0.0,0.0,0.0,0.0,0.0,0.0,0.0,0.0,0.0,0.0,0.0,0.0,0.0,0.0,0.0,0.0,0.0,0.0,0.0
2024-01-04,10.166609,0.0,14.420044,0.0,4.7094636,0.0,19.851675,0.0,0.0,40.839767,0.0,3.0440228,11.555468,0.0,0.0,9.667738,0.0,18.678116,0.0,0.0,89.480385,0.0,0.0,5.566703,0.0,5.680978,0.0,34.025692,0.0,0.0
2024-01-05,9.038125,6.2639794,4.4192348,0.0,7.2928643,0.0,0.0,0.0,0.0,0.0,0.0,8.073378,0.0,6.5615845,0.0,3.9197226,0.0,0.0,0.0,6.305048,8.694479,6.7455544,0.0,0.0,6.94551,0.0,0.0,0.0,0.0,0.0
2024-01-06,1.0480216,0.0,1.122586,0.0,0.0,0.0,13.467346,0.0,0.0,0.0,0.0,0.0,0.0,5.6723566,0.0,0.0,0.0,14.061723,0.0,5.196621,11.252863,0.0,0.0,0.0,4.7219934,0.0,0.0,21.089584,0.0,0.0
2024-01-07,3.3749762,7.741412,0.0,15.520274,4.3866467,33.60776,2.658005,38.303593,44.53496,0.0,51.23988,4.6762385,0.0,0.0,30.404411,0.26114738,0.0,0.0,48.60141,7.495348,0.0,25.017578,8.277413,10.375558,7.493718,0.0,36.319965,0.0,21.028236,44.375397
2024-01-08,10.264688,18.227564,21.304092,56.467575,61.343693,77.064186,19.31591,39.27604,66.802444,8.710817,69.25699,31.37566,17.458273,13.738754,61.207726,14.648984,0.0,17.824165,70.07779,0.0,63.79523,34.334354,16.576557,11.856863,36.486385,10.1131935,35.740692,24.634876,70.026184,44.760044
2024-01-09,12.80951,37.24466,31.717237,12.317095,7.6097255,18.251028,13.55964,20.166342,14.996064,63.711254,13.375173,22.768847,49.055515,37.105564,15.509593,16.209476,21.410252,23.51356,29.608278,39.76315,74.40932,35.616108,34.083504,28.44583,38.276375,24.70585,34.381493,32.259235,12.412337,29.690718
2024-01-10,18.980646,4.240139,21.273075,0.0,0.0,0.0,11.374737,0.0,0.0,0.0,0.0,0.0,6.1254883,0.0,0.0,17.438173,0.0,7.36007,0.0,0.0,0.0,0.0,7.77017,14.2635975,0.0,11.618926,0.0,0.0,0.0,0.0
2024-01-11,0.0,0.0,0.0,0.0,0.0,0.0,0.0,0.0,0.0,0.0,0.0,0.0,0.0,0.0,0.0,0.0,0.0,0.0,0.0,0.0,0.0,0.0,0.0,0.0,0.0,0.0,0.0,0.0,0.0,0.0
2024-01-12,0.0,0.0,0.0,0.0,0.0,0.0,0.0,0.0,0.0,0.0,0.0,0.0,0.0,0.0,0.0,0.0,0.0,0.0,0.0,0.0,0.0,0.0,0.0,0.0,0.0,0.0,0.0,0.0,0.0,0.0
2024-01-13,0.0,7.1065507,0.0,0.0,5.574288,0.0,0.0,0.0,0.0,0.0,0.0,6.3469243,0.0,3.9143612,0.0,0.0,0.0,0.0,0.0,6.756637,7.1356072,7.9169354,0.0,0.0,7.239539,0.0,0.0,0.0,0.0,0.0
2024-01-14,0.0,0.0,0.0,0.0,0.0,0.0,0.0,0.0,0.0,0.0,0.0,0.0,0.0,0.0,0.0,0.0,0.0,0.0,0.0,0.0,0.0,0.0,0.0,0.0,0.0,0.0,0.0,0.0,0.0,0.0
2024-01-15,0.0,0.0,0.0,0.0,0.0,0.0,0.0,0.0,0.0,0.0,0.0,0.0,0.0,0.0,0.0,0.0,0.0,0.0,0.0,0.0,0.0,0.0,0.0,0.0,0.0,0.0,0.0,0.0,0.0,0.0
2024-01-16,0.0,0.0,0.0,0.0,0.0,0.0,0.0,0.0,0.0,0.0,0.0,0.0,0.0,0.0,0.0,0.0,0.0,0.0,0.0,0.0,0.0,0.0,0.0,0.0,0.0,0.0,0.0,0.0,0.0,0.0
2024-01-17,0.0,0.0,0.0,0.0,0.0,0.0,0.0,0.0,0.0,0.0,0.0,0.0,0.0,0.0,0.0,0.0,0.0,0.0,0.0,0.0,0.0,0.0,0.0,0.0,0.0,0.0,0.0,0.0,0.0,0.0
2024-01-18,0.0,0.0,0.0,0.0,0.0,0.0,0.0,0.0,0.0,0.0,0.0,0.0,0.0,0.0,0.0,0.0,0.0,0.0,0.0,0.0,0.0,0.0,0.0,0.0,0.0,0.0,0.0,0.0,0.0,0.0
2024-01-19,0.0,0.0,0.0,0.0,0.0,0.0,0.0,0.0,0.0,0.0,0.0,0.0,0.0,0.0,0.0,0.0,0.0,0.0,0.0,0.0,0.0,0.0,0.0,0.0,0.0,0.0,0.0,0.0,0.0,0.0
2024-01-20,0.0,0.0,0.0,0.0,0.0,0.0,0.0,0.0,0.0,0.0,0.0,0.0,0.0,6.1428475,0.0,0.0,0.0,0.0,0.0,0.0,10.921485,0.0,0.0,0.0,0.0,0.0,0.0,0.0,0.0,0.0
2024-01-21,0.0,5.2233944,0.0,0.0,0.0,0.0,0.0,0.0,0.0,0.0,0.0,0.0,0.0,5.719367,0.0,0.0,0.0,0.0,0.0,5.5904264,8.852504,7.2833986,0.0,0.0,6.67815,0.0,0.0,0.0,0.0,0.0
2024-01-22,0.0,0.0,0.0,0.0,0.0,0.0,0.0,0.0,0.0,0.0,0.0,0.0,0.0,0.0,0.0,0.0,0.0,0.0,0.0,0.0,0.0,0.0,0.0,0.0,0.0,0.0,0.0,0.0,0.0,0.0
2024-01-23,0.0,0.0,0.0,0.0,0.0,0.0,0.0,0.0,0.0,0.0,0.0,0.0,0.0,0.0,0.0,0.0,0.0,0.0,0.0,0.0,0.0,0.0,0.0,0.0,0.0,0.0,0.0,0.0,0.0,0.0
2024-01-24,0.0,0.0,0.0,0.0,0.0,0.0,0.0,0.0,0.0,0.0,0.0,0.0,0.0,0.0,0.0,0.0,0.0,0.0,0.0,0.0,0.0,0.0,0.0,0.0,0.0,0.0,0.0,0.0,0.0,0.0
2024-01-25,0.0,0.0,0.0,0.0,5.253226,0.0,0.0,0.0,0.0,0.0,0.0,3.678379,0.0,0.0,0.0,0.0,0.0,0.0,0.0,0.0,0.0,0.0,0.0,0.0,0.0,0.0,0.0,0.0,0.0,0.0
2024-01-26,0.0,0.0,0.0,0.0,0.0,0.0,0.0,0.0,0.0,0.0,0.0,0.0,0.0,0.0,0.0,0.0,0.0,0.0,0.0,0.0,0.0,0.0,0.0,0.0,0.0,0.0,0.0,0.0,0.0,0.0
2024-01-27,0.0,0.0,0.0,0.0,0.0,0.0,0.0,0.0,0.0,0.0,0.0,0.0,0.0,0.0,0.0,0.0,0.0,0.0,0.0,0.0,0.0,0.0,0.0,0.0,0.0,0.0,0.0,0.0,0.0,0.0
2024-01-28,0.0,0.0,0.0,0.0,0.0,0.0,0.0,0.0,0.0,0.0,0.0,5.836143,0.0,6.012334,0.0,0.0,0.0,0.0,0.0,0.0,6.0219345,0.0,0.0,0.0,0.0,0.0,0.0,0.0,0.0,0.0
2024-01-29,0.0,0.0,0.0,0.0,0.0,0.0,0.0,0.0,0.0,0.0,0.0,0.0,0.0,0.0,0.0,0.0,0.0,0.0,0.0,0.0,2.5210211,0.0,0.0,0.0,0.0,0.0,0.0,0.0,0.0,0.0
2024-01-30,0.0,0.0,0.0,0.0,0.0,0.0,0.0,0.0,0.0,0.0,0.0,0.0,0.0,0.0,0.0,0.0,0.0,0.0,0.0,0.0,0.0,0.0,0.0,0.0,0.0,0.0,0.0,0.0,0.0,0.0
2024-01-31,0.0,0.0,0.0,0.0,0.0,0.0,0.0,0.0,0.0,0.0,0.0,0.0,0.0,0.0,0.0,0.0,0.0,0.0,0.0,0.0,0.0,7.028235,0.0,0.0,0.0,0.0,0.0,0.0,0.0,0.0
2024-02-01,11.768573,0.0,10.521797,0.0,0.0,0.0,5.85468,0.0,0.0,0.0,0.0,0.0,2.7797627,0.0,0.0,6.726982,0.0,2.8146951,0.0,0.0,0.0,0.0,0.0,2.2902024,0.0,2.151403,0.0,3.4756908,0.0,0.0
2024-02-02,0.0,0.0,0.0,0.0,2.5439477,0.0,0.0,0.0,0.0,0.0,0.0,3.642879,0.0,2.9166582,0.0,0.0,0.0,0.0,0.0,0.0,4.7734127,0.0,0.0,0.0,3.974318,0.0,0.0,0.0,0.0,0.0
2024-02-03,0.0,0.0,0.0,0.0,0.0,0.0,0.0,0.0,0.0,0.0,0.0,0.0,0.0,0.0,0.0,0.0,0.0,0.0,0.0,0.0,0.0,0.0,0.0,0.0,0.0,0.0,0.0,0.0,0.0,0.0
2024-02-04,0.0,0.0,0.0,0.0,0.0,0.0,0.0,0.0,0.0,0.0,0.0,0.0,0.0,0.0,0.0,0.0,0.0,0.0,0.0,0.0,0.0,0.0,0.0,0.0,0.0,0.0,0.0,0.0,0.0,0.0
2024-02-05,0.0,0.0,0.0,0.0,0.0,0.0,0.0,0.0,0.0,0.0,0.0,0.0,0.0,0.0,0.0,0.0,0.0,0.0,0.0,0.0,0.0,0.0,0.0,0.0,0.0,0.0,0.0,0.0,0.0,0.0
2024-02-06,0.0,4.238069,0.0,0.0,0.0,0.0,0.0,0.0,0.0,0.0,0.0,0.0,0.0,0.0,0.0,0.0,0.0,0.0,0.0,4.6928706,5.545512,4.732159,0.0,0.0,4.4618483,0.0,0.0,0.0,0.0,0.0
2024-02-07,0.0,0.0,0.0,2.7115517,2.5913522,0.0,0.0,0.0,0.0,0.0,0.0,0.0,0.0,0.0,0.0,0.0,0.0,0.0,0.0,0.0,0.0,0.0,0.0,0.0,0.0,0.0,0.0,0.0,0.0,0.0
2024-02-08,0.0,0.0,0.0,0.0,0.0,0.0,0.0,0.0,0.0,0.0,0.0,0.0,0.0,0.0,0.0,0.0,0.0,0.0,0.0,0.0,0.0,0.0,0.0,0.0,0.0,0.0,0.0,3.2862074,0.0,0.0
2024-02-09,0.0,0.0,0.0,0.0,0.0,0.0,0.0,0.0,0.0,2.4384825,0.0,0.0,2.9801216,0.0,0.0,0.0,0.0,0.0,0.0,0.0,0.0,0.0,0.0,0.0,0.0,0.0,0.0,0.0,0.0,0.0
2024-02-10,0.0,0.0,0.0,1.3012446,0.0,0.0,0.0,0.0,0.0,3.441006,0.0,4.067038,0.0,0.0,0.0,5.0749574,0.0,0.0,0.0,0.0,0.0,0.0,0.0,0.0,3.483551,0.0,0.0,0.0,0.0,0.0
2024-02-11,0.0,0.0,0.0,0.0,0.0,0.0,0.0,0.0,0.0,0.0,0.0,0.0,0.0,0.0,0.0,0.0,0.0,0.0,0.0,0.0,0.0,0.0,0.0,0.0,0.0,0.0,0.0,0.0,0.0,0.0
2024-02-12,0.0,0.0,0.0,0.0,0.0,0.0,0.0,0.0,0.0,0.0,0.0,0.0,0.0,0.0,0.0,0.0,0.0,0.0,0.0,0.0,0.0,0.0,0.0,0.0,0.0,0.0,0.0,0.0,0.0,0.0
2024-02-13,0.0,3.912394,6.519471,0.0,0.0,3.1663518,3.414374,0.0,0.0,5.1563616,2.3096952,4.093934,4.111474,2.754457,0.0,7.266654,0.0,3.3496523,2.4873152,4.469525,8.087129,3.7903736,0.0,2.2653732,4.9370394,0.0,2.2554154,4.2433233,0.0,2.5695143
2024-02-14,0.0,0.0,0.0,0.0,0.0,0.0,0.0,0.0,0.0,0.0,0.0,0.0,0.0,0.0,0.0,0.0,0.0,0.0,0.0,0.0,0.0,0.0,0.0,0.0,0.0,0.0,0.0,0.0,0.0,0.0
2024-02-15,0.0,0.0,0.0,0.0,0.0,0.0,0.0,0.0,0.0,0.0,0.0,0.0,0.0,0.0,0.0,0.0,0.0,0.0,0.0,0.0,0.0,0.0,0.0,0.0,0.0,0.0,0.0,0.0,0.0,0.0
2024-02-16,2.8792129,0.0,5.206091,3.0467772,0.0,3.9925947,0.0,0.0,0.0,0.0,2.626305,4.0439277,0.0,0.0,0.0,6.2603393,0.0,0.0,3.1832187,0.0,0.0,0.0,0.0,3.639072,4.5420513,2.9968152,2.996408,0.0,0.0,3.2154672
2024-02-17,0.0,0.0,5.19274,0.0,0.0,0.0,0.0,0.0,0.0,0.0,0.0,0.0,0.0,0.0,0.0,5.86865,0.0,0.0,0.0,0.0,4.5243325,0.0,0.0,0.0,0.0,0.0,0.0,0.0,0.0,0.0
2024-02-18,0.0,0.0,0.0,0.0,0.0,0.0,0.0,0.0,0.0,0.0,0.0,0.0,0.0,4.976512,0.0,0.0,0.0,0.0,0.0,0.0,5.278466,0.0,0.0,0.0,0.0,0.0,0.0,0.0,0.0,0.0
2024-02-19,0.0,0.0,0.0,4.027786,3.9705842,0.0,0.0,0.0,0.0,0.0,0.0,0.0,0.0,0.0,0.0,0.0,0.0,0.0,0.0,0.0,0.0,0.0,0.0,0.0,0.0,0.0,0.0,0.0,0.0,0.0
2024-02-20,0.0,0.0,0.0,0.0,0.0,0.0,0.0,0.0,0.0,0.0,0.0,0.0,0.0,0.0,0.0,0.0,0.0,0.0,0.0,0.0,0.0,0.0,0.0,0.0,0.0,0.0,0.0,0.0,0.0,0.0
2024-02-21,0.0,0.0,0.0,0.0,0.0,0.0,0.0,0.0,0.0,0.0,0.0,0.0,0.0,0.0,0.0,0.0,0.0,0.0,0.0,0.0,0.0,0.0,0.0,0.0,0.0,0.0,0.0,0.0,0.0,0.0
2024-02-22,0.0,0.0,0.0,0.0,0.0,0.0,0.0,0.0,0.0,0.0,0.0,0.0,0.0,0.0,0.0,0.0,0.0,0.0,0.0,0.0,0.0,0.0,0.0,0.0,0.0,0.0,0.0,0.0,0.0,0.0
2024-02-23,0.0,0.0,0.0,0.0,0.0,0.0,0.0,0.0,0.0,0.0,0.0,0.0,0.0,0.0,0.0,0.0,0.0,0.0,2.3996308,0.0,4.746867,0.0,0.0,0.0,0.0,0.0,0.0,0.0,0.0,2.3509922
2024-02-24,0.0,0.0,0.0,0.0,0.0,0.0,0.0,0.0,0.0,0.0,0.0,2.6042383,0.0,3.840655,0.0,0.0,0.0,0.0,0.0,4.0912514,0.0,0.0,0.0,0.0,4.7217617,0.0,0.0,0.0,0.0,0.0
2024-02-25,0.0,0.0,0.0,0.0,0.0,0.0,0.0,0.0,0.0,0.0,0.0,0.0,0.0,0.0,0.0,2.8957508,0.0,0.0,0.0,0.0,2.9717107,0.0,0.0,2.656576,0.0,0.0,0.0,0.0,0.0,0.0
2024-02-26,0.0,0.0,6.4345155,0.0,0.0,0.0,0.0,0.0,0.0,0.0,0.0,0.0,0.0,0.0,0.0,7.813644,0.0,0.0,0.0,0.0,0.0,0.0,0.0,0.0,0.0,0.0,0.0,0.0,0.0,0.0
2024-02-27,0.0,0.0,0.0,0.0,0.0,0.0,0.0,0.0,0.0,0.0,0.0,0.0,0.0,0.0,0.0,0.0,0.0,0.0,0.0,0.0,0.0,0.0,0.0,0.0,0.0,0.0,0.0,0.0,0.0,0.0
2024-02-28,0.0,0.0,0.0,0.0,0.0,0.0,0.0,0.0,0.0,0.0,0.0,0.0,0.0,0.0,0.0,0.0,0.0,0.0,0.0,0.0,0.0,0.0,0.0,0.0,0.0,0.0,0.0,0.0,0.0,0.0
2024-02-29,0.0,0.0,0.0,0.0,0.0,0.0,0.0,0.0,0.0,0.0,0.0,0.0,0.0,0.0,0.0,6.8247595,0.0,0.0,0.0,0.0,0.0,0.0,0.0,0.0,0.0,0.0,0.0,0.0,0.0,0.0
2024-03-01,8.150063,0.0,22.632128,0.0,0.0,0.0,13.607406,0.0,0.0,5.04714,0.0,0.0,0.0,0.0,0.0,31.130995,0.0,11.162163,11.300043,0.0,0.0,0.0,11.105991,8.670508,0.0,9.975759,11.731129,9.163628,0.0,12.788307
2024-03-02,5.4832907,0.0,2.1809556,5.545489,3.3378901,5.9217277,0.0,0.0,0.0,13.410451,0.0,7.7987885,0.0,7.370748,0.0,0.0,0.0,0.0,0.0,0.0,0.0,0.0,0.0,0.0,7.6320004,0.0,1.508856,0.0,0.0,0.0
2024-03-03,2.0925975,0.0,0.0,0.0,0.0,0.0,0.0,0.0,0.0,0.0,0.0,0.0,0.0,0.0,0.0,0.0,0.0,0.0,0.0,0.0,5.551797,0.0,0.0,0.0,0.0,0.0,0.0,0.0,0.0,0.0
2024-03-04,0.0,0.0,0.0,0.0,0.0,0.0,0.0,0.0,0.0,0.0,0.0,0.0,0.0,0.0,0.0,0.0,0.0,0.0,0.0,0.0,4.9762044,0.0,0.0,0.0,0.0,0.0,0.0,0.0,0.0,0.0
2024-03-05,0.0,0.0,1.5590955,0.0,0.0,0.0,0.0,0.0,0.0,6.1072254,0.0,0.0,0.0,4.680435,0.0,4.5256095,0.0,2.3926,5.5172133,0.0,7.1480565,1.2312148,0.0,6.234341,1.0298039,0.8925307,4.115308,0.0,0.0,5.0920033
2024-03-06,2.1463826,3.1248834,3.3814414,0.0,0.0,0.0,1.133595,3.3386574,0.0,0.0,0.0,0.0,0.0,0.0,0.0,2.2572231,0.0,0.0,0.0,0.0,0.0,3.466374,0.0,1.3177284,0.0,0.0,0.0,0.0,0.0,0.0
2024-03-07,0.0,0.0,0.0,0.0,0.0,0.0,0.0,0.0,0.0,0.0,0.0,0.0,0.0,0.0,0.0,0.0,0.0,0.0,0.0,0.0,0.0,0.0,0.0,0.0,0.0,0.0,0.0,0.0,0.0,0.0
2024-03-08,0.0,0.0,0.0,0.0,0.0,0.0,0.0,0.0,0.0,0.0,0.0,0.0,0.0,0.0,0.0,0.0,0.0,0.0,0.0,0.0,6.99838,0.0,0.0,0.0,0.0,0.0,0.0,0.0,0.0,0.0
2024-03-09,0.0,0.0,0.0,0.0,0.0,0.0,0.0,0.0,0.0,3.7602775,0.0,0.0,0.0,0.0,0.0,0.0,0.0,0.0,0.0,0.0,1.610975,0.0,0.0,0.0,0.0,0.0,0.0,0.0,0.0,0.0
2024-03-10,0.0,0.0,0.0,0.0,0.0,0.0,0.0,0.0,0.0,0.0,0.0,0.0,0.0,0.0,0.0,0.0,0.0,0.0,0.0,0.0,0.0,0.0,0.0,0.0,0.0,0.0,0.0,0.0,0.0,0.0
2024-03-11,0.0,0.0,0.0,0.0,0.0,0.0,0.0,0.0,0.0,0.0,0.0,0.0,0.0,0.0,0.0,0.0,0.0,0.0,0.0,0.0,0.0,0.0,0.0,0.0,0.0,0.0,0.0,0.0,0.0,0.0
2024-03-12,0.0,0.0,0.0,0.0,0.0,0.0,0.0,0.0,0.0,0.0,0.0,0.0,0.0,0.0,0.0,0.0,0.0,0.0,0.0,0.0,0.0,0.0,0.0,0.0,0.0,0.0,0.0,0.0,0.0,0.0
2024-03-13,0.0,0.0,0.0,0.0,0.0,0.0,0.0,0.0,0.0,0.0,0.0,0.0,0.0,0.0,0.0,0.0,0.0,0.0,0.0,0.0,0.0,0.0,0.0,0.0,0.0,0.0,0.0,0.0,0.0,0.0
2024-03-14,0.0,0.0,0.0,0.0,0.0,0.0,0.0,0.0,0.0,0.0,0.0,2.7005162,0.0,0.0,0.0,0.0,0.0,0.0,0.0,0.0,4.498049,0.0,0.0,0.0,0.0,0.0,0.0,0.0,0.0,0.0
2024-03-15,0.0,0.0,0.0,0.0,0.0,0.0,0.0,0.0,0.0,5.8404503,0.0,0.0,0.0,0.0,0.0,0.0,0.0,0.0,0.0,0.0,0.0,0.0,0.0,0.0,0.0,0.0,0.0,0.0,0.0,0.0
2024-03-16,0.0,0.0,0.0,0.0,0.0,0.0,0.0,0.0,0.0,0.0,0.0,0.0,0.0,0.0,0.0,0.0,0.0,0.0,0.0,0.0,0.0,0.0,0.0,0.0,0.0,0.0,0.0,0.0,0.0,0.0
2024-03-17,0.0,0.0,0.0,0.0,0.0,0.0,0.0,0.0,0.0,0.0,0.0,0.0,0.0,0.0,0.0,0.0,0.0,0.0,0.0,0.0,0.0,0.0,0.0,0.0,0.0,0.0,0.0,0.0,0.0,0.0
2024-03-18,0.0,0.0,2.8268836,0.0,0.0,0.0,0.0,0.0,0.0,0.0,0.0,0.0,0.0,0.0,0.0,0.0,0.0,0.0,0.0,0.0,0.0,0.0,0.0,0.0,0.0,0.0,0.0,0.0,0.0,0.0
2024-03-19,0.0,0.0,0.0,0.0,0.0,0.0,0.0,0.0,0.0,0.0,0.0,0.0,0.0,0.0,0.0,0.0,0.0,0.0,0.0,0.0,3.0718224,0.0,0.0,0.0,0.0,0.0,0.0,0.0,0.0,0.0
2024-03-20,0.0,0.0,0.0,1.8954058,0.0,0.0,0.0,0.0,0.0,0.0,0.0,0.0,0.0,0.0,0.0,0.0,0.0,0.0,0.0,0.0,4.2059417,0.0,0.0,0.0,0.0,0.0,0.0,0.0,0.0,0.0
2024-03-21,0.0,0.0,0.0,0.0,0.0,0.0,0.0,0.0,0.0,0.0,0.0,0.0,0.0,0.0,0.0,0.0,0.0,0.0,2.1264105,0.0,0.0,2.589467,0.0,0.0,0.0,0.0,0.0,0.0,0.0,0.0
2024-03-22,5.575062,0.0,8.040436,0.0,0.0,0.0,3.0376866,0.0,0.0,11.575946,0.0,0.0,11.785395,0.0,0.0,7.711466,0.0,4.502992,0.0,0.0,0.0,0.0,0.0,2.941919,0.0,0.0,0.0,13.057656,0.0,0.0
2024-03-23,3.9619448,0.0,7.2537255,0.0,0.0,0.0,10.024689,0.0,0.0,0.0,0.0,0.0,0.0,0.0,0.0,0.0,0.0,7.5977607,0.0,0.0,0.0,0.0,0.0,0.0,0.0,0.0,0.0,9.5422125,0.0,0.0
2024-03-24,0.0,2.2355516,0.0,0.0,0.0,0.0,0.0,3.8966434,0.0,2.1882632,0.0,0.0,0.0,0.0,0.0,0.0,0.0,0.0,0.0,1.9088082,0.0,4.187695,0.0,0.0,0.6984985,0.0,0.0,0.0,0.0,0.0
2024-03-25,0.0,0.0,0.0,0.0,0.0,0.0,0.0,0.0,0.0,0.0,0.0,0.0,0.0,0.0,0.0,0.0,0.0,0.0,0.0,0.0,0.0,0.0,0.0,0.0,0.0,0.0,0.0,0.0,0.0,0.0
2024-03-26,0.0,0.0,0.0,0.0,0.0,0.0,0.0,0.0,0.0,0.0,0.0,0.0,0.0,1.7637198,0.0,0.0,0.0,0.0,0.0,0.0,0.0,0.0,0.0,0.0,0.0,0.0,0.0,0.0,0.0,0.0
2024-03-27,0.0,0.0,0.0,0.0,0.0,0.0,0.0,0.0,0.0,0.0,0.0,0.0,0.0,0.0,0.0,0.0,0.0,0.0,1.4752041,0.0,0.0,0.0,0.0,1.1917812,0.0,0.14773066,1.5845096,0.0,0.0,1.612019
2024-03-28,16.168612,0.0,29.18454,0.0,0.0,0.0,24.032286,0.0,0.0,0.0,0.0,0.0,0.0,0.0,0.0,19.637272,0.0,15.988431,0.0,0.0,0.0,0.0,0.0,9.298239,0.0,2.7632544,0.0,20.493717,0.0,0.0
2024-03-29,0.0,0.0,0.0,0.0,0.0,0.0,0.0,0.0,0.0,0.0,0.0,0.0,0.0,0.0,0.0,0.0,0.0,0.0,0.0,0.0,2.7190387,0.0,0.0,0.0,0.0,0.0,0.0,0.0,0.0,0.0
2024-03-30,0.0,0.0,0.0,0.0,0.0,0.0,0.0,0.0,0.0,0.0,0.0,0.0,0.0,0.0,0.0,0.0,0.0,0.0,0.0,0.0,0.0,0.0,0.0,0.0,0.0,0.0,0.0,0.0,0.0,0.0
2024-03-31,0.0,0.0,0.0,0.0,0.0,0.0,0.0,0.0,0.0,0.0,0.0,0.0,0.0,0.0,0.0,0.0,0.0,0.0,0.0,0.0,0.0,0.0,0.0,0.0,0.0,0.0,0.0,0.0,0.0,0.0
2024-04-01,0.0,0.0,5.873539,0.0,0.0,0.0,5.4725847,0.0,0.0,0.0,0.0,2.5932093,0.0,0.0,0.0,6.78243,0.0,4.2843423,0.0,0.0,0.0,0.0,0.0,0.0,2.871868,0.0,0.0,7.6380534,0.0,0.0
2024-04-02,2.9246702,4.9413376,11.762575,0.0,0.0,0.0,6.138177,0.0,0.0,7.3919606,0.0,0.0,8.309966,0.0,0.0,13.333044,3.5879822,5.6702466,0.0,0.0,0.0,1.1084876,3.4508855,0.0,1.171391,2.7597747,0.0,8.706961,0.0,0.0
2024-04-03,4.648358,4.2097464,6.672965,0.0,0.0,0.0,4.058868,0.0,0.0,0.0,0.0,0.0,0.0,0.0,0.0,8.815531,0.0,0.0,3.5336843,0.0,0.0,0.0,4.312633,1.88512,0.0,1.8957396,4.2672157,4.2711163,0.0,4.013576
2024-04-04,0.0,0.0,6.3402724,0.0,0.0,0.0,0.0,0.0,0.0,4.329375,0.0,0.0,0.0,0.0,0.0,9.099276,0.0,0.0,0.0,0.0,0.0,0.0,0.0,0.0,0.0,0.0,0.0,0.0,0.0,0.0
2024-04-05,0.0,0.0,0.0,0.0,0.0,0.0,1.6597785,0.0,0.0,0.0,0.0,0.0,0.0,0.0,0.0,5.207003,0.0,0.0,0.0,0.0,0.0,0.0,0.0,0.0,0.0,0.0,0.0,0.0,0.0,0.0
2024-04-06,0.0,0.0,0.0,0.0,0.0,0.0,0.0,0.0,0.0,0.0,0.0,0.0,0.0,0.0,0.0,0.0,0.0,0.0,0.0,0.0,0.0,0.0,0.0,0.0,0.0,0.0,0.0,0.0,0.0,0.0
2024-04-07,0.0,0.0,0.0,0.0,0.0,0.0,0.0,0.0,0.0,0.0,0.0,0.0,0.0,0.0,0.0,0.0,0.0,0.0,0.0,0.0,0.0,0.0,0.0,0.0,0.0,0.0,0.0,0.0,0.0,0.0
2024-04-08,1.2435713,0.0,7.319932,0.0,0.0,0.0,4.103652,0.0,0.0,0.0,0.0,0.0,0.0,0.0,0.0,5.7784977,0.0,0.0,0.0,0.0,0.0,0.0,0.0,0.0,0.0,0.0,0.0,4.4848294,0.0,0.0
2024-04-09,0.0,0.0,0.0,0.0,0.0,0.0,0.0,0.0,0.0,0.0,0.0,0.0,0.0,0.0,0.0,0.0,0.0,0.0,0.0,0.0,0.0,0.0,0.0,0.0,0.0,0.0,0.0,0.0,0.0,0.0
2024-04-10,0.0,0.0,0.0,0.0,0.0,0.0,0.0,0.0,0.0,0.0,0.0,0.0,0.0,0.0,0.0,0.0,0.0,0.0,0.0,0.0,0.0,0.0,0.0,0.0,0.0,0.0,0.0,0.0,0.0,0.0
2024-04-11,7.7727222,2.4761734,15.067399,1.6806219,2.5245059,1.1008004,10.958763,0.9379899,2.4848185,5.144334,0.9780369,1.3490118,6.5006566,2.6580772,2.099701,13.297111,2.3871484,7.2830067,1.4504547,1.4375017,2.9208848,1.2263412,2.7402933,4.59709,1.368444,3.3965945,1.666004,10.2568245,3.2167335,1.7902893
2024-04-12,15.516736,6.927084,21.319502,2.0347652,1.5703698,2.1380527,17.940666,2.1552022,0.059181135,8.430916,1.7017082,2.6484916,13.294836,5.6863136,1.0941194,19.046614,5.9859905,12.964012,2.2403543,4.3144197,6.940757,3.103748,7.5115094,10.984213,3.9923787,8.222452,3.646965,16.225712,0.34862447,3.2013183
2024-04-13,2.813402,0.23773472,6.762104,0.09857343,0.032820262,0.20773546,3.6734166,0.37694687,6.177463e-05,1.9821461,0.31484753,0.08080203,1.4358566,0.3670157,0.059779912,7.3468814,0.107871346,1.6528915,0.9751069,0.100411184,0.6752419,0.18940711,0.31690472,0.88453656,0.13782234,0.32230145,0.7861693,3.9481018,2.8378645e-05,0.9829734
2024-04-14,2.8614724,0.0014118063,5.2397866,0.0001589903,5.5341534e-06,0.00041582988,1.7950166,0.020366106,3.259679e-05,0.29499483,0.032028258,1.0254867e-06,0.08114758,0.0002603625,1.0471398e-06,6.4910975,0.0,0.84254664,0.6773268,3.6203986e-05,0.042136706,0.0,0.25311714,1.6417266,1.9709827e-05,0.9117116,0.36823452,0.82124776,0.0002176736,0.56183773
2024-04-15,9.233198,1.6124687,10.94066,0.02267623,0.008819745,0.15118437,9.366411,0.68132997,0.0,1.0683713,0.44683427,0.020059006,2.0884638,0.19338185,2.9775641e-05,10.090125,0.51790315,5.7537603,3.9949489,0.06790011,0.27545255,0.21230185,3.0317216,8.102371,0.07794343,5.4174075,3.7482595,5.938847,0.0001303594,4.331806
2024-04-16,0.0,0.0,0.0,0.0,0.0,0.0,0.0,0.0,0.0,0.0,0.0,0.0,0.0,0.0,0.0,0.0,0.0,0.0,0.0,0.0,0.0,0.0,0.0,0.0,0.0,0.0,0.0,0.0,0.0,0.0
2024-04-17,0.0,0.0,0.0,0.0,0.0,0.0,0.0,0.0,0.0,0.0,0.0,0.0,0.0,0.0,0.0,0.0,0.0,0.0,0.0,0.0,2.408867,0.0,0.0,0.0,0.0,0.0,0.0,0.0,0.0,0.0
2024-04-18,0.0,0.0,4.0468416,1.2948937,0.0,1.5363014,4.4939413,0.0,0.0,1.682667,0.0,4.076212,2.3930237,1.6134536,0.0,0.0,0.0,2.7464285,0.0,0.0,4.244019,0.0,0.0,0.0,2.69838,0.0,0.0,5.245367,0.0,0.0
2024-04-19,3.4374964,0.0,3.6230118,0.0,0.0,0.0,3.4567802,0.0,0.0,2.5803628,0.0,5.13695,0.0,3.3700826,0.0,3.686918,0.0,0.0,0.0,1.5157862,3.783205,0.0,2.3970087,6.061233,1.9414953,6.0185065,1.482352,2.0055485,0.0,0.0
2024-04-20,0.0,0.0,0.0,2.9017556,4.01998,0.0,0.0,0.0,2.172007,7.4253263,0.0,5.261174,0.0,9.162174,1.3031895,0.0,1.1107005,0.0,0.0,3.996715,11.323909,0.0,0.0,0.0,5.0328407,0.0,0.0,4.686565,2.5465026,0.0
2024-04-21,5.151885,0.0,8.685873,0.0,0.0,0.0,3.2927125,0.0,0.0,1.8086791,0.0,0.0,0.0,4.688367,0.0,9.131736,0.0,0.0,0.0,0.0,5.47708,0.0,0.0,0.0,0.0,0.0,0.0,7.049172,0.0,0.0
2024-04-22,0.0,0.0,3.1419675,0.0,0.0,0.0,0.0,0.0,0.0,0.0,0.0,0.0,0.0,0.0,0.0,0.0,0.0,0.0,0.0,0.0,0.0,0.0,0.0,0.0,0.0,0.0,0.0,0.0,0.0,0.0
2024-04-23,0.0,0.0,8.125901,0.0,0.0,0.0,6.3160205,0.0,0.0,4.6025167,0.0,0.0,2.6988978,0.0,0.0,6.2409735,0.0,4.4956775,0.0,0.0,0.0,0.0,0.0,0.0,0.0,0.0,0.0,8.717166,0.0,0.0
2024-04-24,0.0,0.0,4.722946,0.0,0.0,0.0,0.0,0.0,0.0,2.2922251,0.0,0.0,0.0,0.0,0.0,5.5028043,0.0,0.0,0.0,0.0,0.0,0.0,0.0,0.0,0.0,0.0,0.0,0.0,0.0,0.0
2024-04-25,0.0,0.0,0.0,0.0,0.0,0.0,0.0,0.0,0.0,0.0,0.0,0.0,0.0,0.0,0.0,0.0,0.0,0.0,0.0,0.0,0.0,0.0,0.0,0.0,0.0,0.0,0.0,0.0,0.0,0.0
2024-04-26,0.0,0.0,0.0,0.0,0.0,0.0,0.0,0.0,0.0,0.0,0.0,0.0,0.0,0.0,0.0,0.0,0.0,0.0,0.0,0.0,0.0,0.0,0.0,0.0,0.0,0.0,0.0,0.0,0.0,0.0
2024-04-27,0.0,0.0,0.0,0.0,0.0,0.0,0.0,0.0,0.0,0.0,0.0,0.0,0.0,0.0,0.0,0.0,0.0,0.0,0.0,0.0,0.0,0.0,0.0,0.0,0.0,0.0,0.0,0.0,0.0,0.0
2024-04-28,3.2830667,4.6937904,2.8547983,0.0,0.0,0.0,0.0,5.5974393,0.0,0.0,5.0097938,0.0,0.0,0.0,0.0,3.8444555,1.5727786,0.0,9.2055855,0.0,0.0,5.0934043,1.3585303,0.0,0.0,0.0,3.9179194,0.0,0.0,6.193799
2024-04-29,5.735539,0.0,1.9348832,0.0,0.0,0.0,5.322902,0.0,0.0,0.0,0.0,0.0,0.0,0.0,0.0,7.9104757,0.0,0.0,0.0,0.0,0.0,0.0,0.0,7.9052978,0.0,0.0,0.0,4.0906835,0.0,0.0
2024-04-30,0.0,0.0,6.742064,0.0,0.0,0.0,4.002934,0.0,0.0,0.0,0.0,1.074981,3.3900645,0.0,0.0,9.67955,0.0,3.8363037,0.0,0.0,0.0,3.2964451,0.0,0.0,0.0,0.0,0.0,4.2998767,0.0,0.0
2024-05-01,0.0,0.0,0.0,0.0,0.0,0.0,0.0,0.0,0.0,0.0,0.0,0.0,0.0,0.0,0.0,0.0,0.0,0.0,0.0,0.0,4.359815,0.0,0.0,0.0,0.0,0.0,0.0,0.0,0.0,0.0
2024-05-02,0.6908705,0.0,2.5082436,3.061419,6.5644655,0.0,0.0,0.0,0.0,0.0,0.0,6.6952024,0.0,4.176846,0.0,3.3216157,0.0,0.0,0.0,3.0548668,3.3560615,0.0,0.0,0.0,5.169755,0.0,0.0,0.0,3.3543968,0.0
2024-05-03,0.0,5.838782,0.0,6.323099,7.019792,3.2864068,2.5262537,5.164453,0.0,9.406521,2.464933,12.7070675,5.2162395,13.749061,0.0,0.6088907,3.4970095,0.19282514,1.1292423,7.671714,10.705826,5.5167212,0.24446702,1.9799141,12.801655,1.91991,2.1817474,4.7041464,3.3543968,1.1292423
2024-05-04,0.0,6.912655,0.0,7.7094135,7.8267,7.8960695,0.0,0.0,0.0,10.408303,3.4016905,9.359533,2.5381734,13.710832,3.6928437,0.0,4.246332,0.0,0.0,11.182495,10.924433,7.461939,0.0,0.0,11.979305,0.0,0.0,1.7213469,3.5657547,0.0
2024-05-05,2.8384655,8.325049,7.6514993,0.0,0.0,0.0,7.185882,0.0,0.0,4.534415,0.0,0.0,9.519628,5.5236883,0.0,0.0,9.326315,7.3498893,0.0,7.1816015,0.0,3.3678672,3.0118673,0.0,3.9374905,0.081489004,0.0,9.524326,0.0,0.0
2024-05-06,0.0,12.5062065,0.0,18.203781,21.0087,16.049774,0.0,7.2401567,0.0,0.0,12.924533,35.921215,4.2487745,22.99705,8.114773,0.0,8.536703,2.3437593,0.0,22.316635,5.121736,16.08416,0.0,0.0,23.756874,0.0,0.0,4.4558535,9.963403,0.0
2024-05-07,0.0,4.594287,0.0,0.0,4.631746,0.0,0.0,0.0,0.0,7.493148,0.0,12.407931,5.149685,13.60516,0.0,0.0,0.0,4.5771422,0.0,0.0,8.778365,0.0,0.0,0.0,12.413517,4.298125,0.0,0.0,5.4186,0.0
2024-05-08,1.1428665,0.0,6.322527,16.074043,17.578115,13.894104,6.5375347,0.0,0.0,12.057094,10.21531,15.357697,4.814432,16.717926,7.743704,7.047218,0.0,4.620118,6.5734243,12.164478,11.959547,0.0,0.0,0.0,13.740696,0.0,0.0,8.817975,0.8923522,0.0
2024-05-09,4.047371,10.915278,12.023287,0.0,0.0,0.0,10.47053,0.0,0.0,16.057138,0.0,10.727578,12.846612,20.44388,0.0,8.151874,22.829332,8.7415085,10.4186125,19.534348,7.176149,0.0,7.9615173,6.2495985,12.227966,5.3375916,9.360094,20.27506,3.382854,11.236725
2024-05-10,6.052931,28.917501,16.481812,0.0,0.0,3.2097425,9.490325,19.58423,0.0,14.769409,17.899008,24.508516,12.198737,9.885269,0.0,11.440397,16.560684,11.140593,18.268467,22.873608,17.042795,31.554586,13.802186,19.098835,21.335709,18.825098,18.787785,10.984823,0.42555588,8.492865
2024-05-11,9.636841,9.579106,20.935337,0.0,0.0,5.2856436,12.583232,8.4933405,0.0,16.135418,7.981102,13.427917,9.156872,11.6797695,0.0,17.702684,6.4314055,11.110615,11.006344,13.122959,21.218758,8.569655,9.415468,12.333744,14.758647,12.548412,10.708513,8.403698,1.0950456,11.226865
2024-05-12,7.3404293,8.628872,20.973904,6.005233,4.791485,5.788607,14.375293,6.2281203,0.0,14.203134,3.9676967,11.786147,16.83509,17.717173,0.0,30.288704,9.502418,13.3221,6.959774,14.410209,11.037975,6.833388,7.7202687,7.7726197,10.278431,6.59073,7.579362,16.946072,1.5132594,6.6765475
2024-05-13,11.594616,13.584794,27.070868,0.0,0.0,5.7203474,12.583232,6.2281203,0.0,14.418311,7.834,6.232676,13.578797,16.034876,0.0,34.80198,13.7997055,12.328265,9.60519,16.778784,19.015083,10.968853,7.9099293,7.303762,13.170787,8.979749,8.041996,13.796442,0.0,9.116838
2024-05-14,17.224503,22.86443,22.060696,8.257899,4.6126633,11.337495,17.480345,14.55154,0.0,15.08128,13.702429,11.3885565,21.554731,14.741534,4.113702,27.537962,17.472685,22.714998,13.220908,19.507244,15.798876,18.41118,21.854076,18.36552,17.404171,22.784767,13.115271,13.87285,2.7516515,10.354188
2024-05-15,7.150275,20.893616,16.348158,8.898945,9.871256,10.476165,11.344275,21.820976,2.5409634,14.8989525,12.598882,14.829193,16.512321,22.051052,4.451857,25.616974,17.761854,16.011656,7.971435,21.452713,20.91463,16.916952,15.651615,14.884117,19.678648,16.982885,19.961527,11.1221075,2.314152,17.02739
2024-05-16,35.529987,32.065323,83.53315,13.416357,8.739623,17.951248,58.029182,30.335762,6.0407557,15.820169,26.249523,12.587011,31.989195,18.423346,12.843085,74.769966,29.025267,36.478268,28.184397,30.475243,7.0694885,31.684553,26.354063,15.873658,26.6107,28.270998,29.264883,47.77434,5.4143953,28.222416
2024-05-17,8.625676,13.001261,20.865074,21.517181,22.565712,17.949879,19.33744,12.886373,5.4661336,20.518991,11.93115,19.452007,14.41121,18.662832,11.382825,11.949452,8.187683,16.890232,15.380955,11.588984,25.848446,13.075022,18.352243,21.957008,15.307708,21.776857,17.288126,19.672586,6.7276177,15.278695
2024-05-18,13.675594,16.427288,27.358442,12.310032,12.070239,12.00847,12.690532,13.274724,1.0082879,9.593323,9.832602,22.233244,16.06579,15.201703,2.3785992,38.184635,12.321381,19.600552,11.086823,15.189547,8.009326,16.655296,19.654385,19.874887,17.553621,20.492985,18.1039,8.628822,1.7651392,12.360984
2024-05-19,12.524635,27.173273,28.764044,13.932233,13.081075,14.435947,22.210155,20.841057,1.7080582,21.183212,15.93074,18.244448,25.504686,22.333061,5.0501266,32.35385,23.995277,26.825363,21.286367,27.2575,23.7343,24.64725,21.866463,12.597504,23.054771,24.344044,21.435188,19.804472,2.7800522,21.232773
2024-05-20,12.909674,35.157585,31.94254,18.317572,17.157743,17.812767,30.774698,25.845848,5.1528687,60.476074,21.637115,50.942795,37.882725,65.72649,12.486229,22.348125,40.063763,38.09064,25.39657,50.226387,57.9497,27.981682,27.169416,10.722434,53.17511,31.403408,25.957863,32.109947,5.5316057,25.804928
2024-05-21,6.1579256,20.862291,9.756568,16.098312,14.295865,15.12241,10.748667,15.013181,2.9161773,25.493685,13.475706,24.301748,26.228046,24.721537,5.010474,16.03233,24.16499,13.327855,14.201512,18.677908,20.501057,18.572994,10.107903,7.5264235,25.768837,11.136677,15.09639,22.649967,4.676791,14.063525
2024-05-22,17.26625,31.33203,57.100292,16.487762,14.295865,18.121222,31.908712,30.692991,2.518543,34.649406,19.451906,46.33099,32.459606,48.15899,4.412358,69.81589,33.822285,29.216993,22.33229,34.81723,40.3797,23.753733,28.748459,18.01331,35.19481,25.833895,30.479988,38.988415,2.1867793,26.192625
2024-05-23,16.548103,16.592224,38.183113,14.748858,13.786373,14.346221,17.513815,6.283011,0.0,19.938602,9.269262,17.26579,15.826377,23.726974,4.412358,39.571808,8.909134,17.794401,8.2389765,23.780174,16.970175,13.029408,16.798647,12.488511,19.11753,17.393032,12.195479,16.943203,0.0,7.8410034
2024-05-24,19.168646,15.363378,61.351017,0.0,0.0,0.0,38.54443,5.349345,0.0,31.420387,3.963592,9.854747,15.739908,20.883144,2.0277355,42.163086,17.355854,25.281599,0.0,20.997063,31.51063,8.382557,9.353629,15.6253395,19.703228,16.19404,5.773558,43.162407,0.0,0.0
2024-05-25,6.7639666,17.82625,16.99896,16.148447,18.758759,14.886761,15.213256,20.731703,12.052147,15.145051,19.08452,17.119215,12.65282,14.96917,14.485497,21.20037,10.432131,14.557519,21.11311,14.143337,9.356306,18.58368,9.452047,7.30701,10.617529,9.989909,20.021288,20.806702,14.604869,17.429256
2024-05-26,13.670993,9.913775,17.21157,4.4855824,3.2506845,5.0244,12.55048,9.868137,3.5477502,6.211703,8.98783,4.420866,9.286868,4.707054,5.0333185,34.04822,10.083224,10.963686,12.236797,9.588516,1.8301213,7.3564553,8.719204,11.374928,5.1908674,11.794538,10.877941,12.550434,2.7068012,12.092798
2024-05-27,16.17906,0.0,28.760344,0.0,0.0,0.0,7.122065,0.0,0.0,0.0,0.0,0.0,4.0860734,0.0,0.0,44.666725,2.6455748,6.8718715,0.0,0.0,0.0,0.0,0.0,2.081185,0.0,0.0,0.0,5.5143304,0.0,0.0
2024-05-28,19.993975,0.0,41.697258,0.0,0.0,0.0,16.86688,0.0,0.0,20.555809,0.0,0.0,8.272594,9.358495,0.0,47.210682,2.6344247,12.917105,0.0,0.0,12.776216,0.0,0.0,0.0,0.0,0.0,0.0,32.460728,0.0,0.0
2024-05-29,0.0,0.0,0.0,2.9115503,2.9850142,0.0,0.0,0.0,0.0,0.0,0.0,0.0,0.0,0.0,1.7292358,0.0,0.0,0.0,0.0,0.0,0.0,0.0,0.0,0.0,0.0,0.0,0.0,0.0,1.3192326,0.0
2024-05-30,1.3306097,0.0,0.0,0.0,5.163854,2.627715,1.4145228,0.0,0.0,0.0,0.7977804,4.3728013,0.0,0.0,0.0,20.782034,0.0,0.0,0.0,0.0,0.0,0.0,0.0,0.0,2.1839714,0.0,0.0,0.0,1.7992964,0.0
2024-05-31,2.3438883,8.445102,8.741816,5.2409406,6.2888885,0.0,13.353302,0.0,0.0,11.401469,0.0,11.322746,8.198986,12.161744,0.0,0.0,8.993604,10.50277,0.0,11.910471,7.274948,3.696851,2.7573743,1.9828954,11.2801075,0.0,0.0,10.225705,0.0,0.0
2024-06-01,38.328613,22.52919,43.901077,23.188187,27.93935,14.899109,32.639313,22.290422,0.0,22.201982,12.786749,31.541433,18.96801,13.778728,4.876607,34.824226,12.674316,29.370224,16.103188,16.732752,48.140106,21.449198,28.09956,23.991556,21.348392,33.487003,25.912788,24.10142,5.9656477,20.037271
2024-06-02,28.37601,8.373298,63.585793,23.078484,22.279152,15.111082,26.59265,5.0730553,13.024726,23.145008,12.535362,20.445776,11.964084,9.845413,16.521173,58.6015,5.933596,18.65909,7.0886307,10.445165,31.559933,10.209914,14.964074,21.737719,13.705225,29.682459,15.127529,16.658682,16.276075,12.004344
2024-06-03,17.441229,11.74739,24.298178,8.151492,6.658134,6.42538,17.831984,12.267646,6.512363,7.3231907,6.834545,6.69874,10.607383,7.891981,6.776801,12.948303,7.173092,13.288878,13.051094,4.8048615,26.497215,12.023682,10.918788,15.7891865,7.295909,18.41242,13.351365,12.224536,8.533355,14.219654
2024-06-04,5.1045775,5.682659,13.398302,22.284348,34.005913,10.047378,10.649108,0.0,6.295372,9.855884,5.3719735,18.852299,8.940536,5.9887357,7.255855,27.190596,3.9834936,15.098576,2.7440262,7.005546,9.526128,5.6756682,18.615221,13.294782,9.883517,21.250513,22.948896,9.723442,14.083302,15.331897
2024-06-05,6.895888,14.407372,17.846233,40.422646,35.07668,28.895327,22.057747,10.249164,9.471065,19.450891,11.99094,35.31113,15.199264,18.784004,16.801657,18.909176,8.472397,28.582928,2.9332287,15.408002,23.230608,12.058576,21.810225,23.743385,25.15653,32.661407,18.530605,17.855597,16.773006,0.0
2024-06-06,35.49317,20.044422,60.422245,81.34665,74.56838,45.00328,46.43465,20.27839,47.75493,53.807465,22.433805,37.870983,25.239645,16.985315,45.44968,60.91025,9.911413,41.28246,17.404224,21.847809,65.20792,21.177181,23.117603,31.512447,28.0559,49.16993,23.799746,36.816204,45.577717,23.559177
2024-06-07,32.72731,8.099494,78.05627,16.674377,36.260746,7.362495,23.232153,2.9259048,8.572465,16.19347,5.4956074,26.002893,9.983745,4.9274564,13.730428,78.21464,3.3751776,16.722343,12.420617,6.4985642,19.318438,3.3401072,15.474995,18.000658,6.903635,22.775755,15.816342,23.178244,14.943908,15.684173
2024-06-08,0.0,8.534556,0.0,20.336662,29.862217,3.0834975,6.9532046,9.180873,13.004702,16.575003,3.61583,22.159864,9.45829,4.577344,0.0,25.285288,6.6076083,7.818497,3.504171,3.5311372,10.59814,8.773054,6.2377086,0.0,6.02848,0.0,7.617502,9.94123,14.031488,4.614931
2024-06-09,0.0,0.0,0.0,0.0,7.297373,3.8166997,0.0,0.0,10.935485,0.0,2.4740262,5.0541983,0.0,0.0,9.550986,0.0,0.0,0.0,0.0,0.0,0.0,0.0,0.0,0.0,0.0,0.0,0.0,0.0,9.306676,0.0
2024-06-10,0.0,5.5645823,0.0,14.662361,0.0,14.705549,0.0,0.0,7.3425894,0.0,3.1034393,6.14155,2.519049,3.601255,9.625777,0.0,3.3038042,0.0,3.957188,4.4401016,0.0,2.798781,8.62369,0.0,7.1921043,0.0,7.5557833,0.0,10.35351,5.958566
2024-06-11,27.846733,8.379814,32.96072,27.497293,25.091932,16.12805,6.7321625,9.307161,11.828225,11.105615,9.079721,7.433232,4.741984,2.4034119,14.301249,39.696293,3.8934011,3.386398,6.2435393,4.2737417,8.241153,8.951509,8.336523,6.7200046,4.939042,7.738572,8.653116,4.8031116,14.13318,7.653868
2024-06-12,15.402453,4.5246077,20.007004,12.429313,11.940816,7.1356516,4.4852796,4.4302993,8.487347,5.4518895,4.769339,2.7141547,3.0337603,1.6273689,9.586154,23.87628,2.8559766,2.7464387,3.1468573,2.1070158,7.759379,3.9392562,5.2763114,5.0300813,2.4593506,5.951871,5.116726,2.394774,9.369033,4.0680065
2024-06-13,4.2746973,0.8248169,6.705561,6.407958,11.611797,2.2419212,0.7852013,0.6672639,4.615139,4.616187,2.2609086,9.547661,1.2583783,2.6846428,4.617657,10.141718,0.7351052,0.54172546,0.25452498,2.6484442,6.3723636,0.6246665,0.7883572,0.80504113,4.4997225,0.93476427,0.7711484,1.0968841,4.571145,0.43927866
2024-06-14,15.565358,0.35943675,5.2443504,5.0130653,4.4113073,3.484085,8.329169,0.27670333,1.7085376,1.3855029,2.9515605,2.9387429,0.7683215,0.414433,1.7029833,3.8134866,0.2594709,0.55239415,0.75633144,0.37859088,1.6003066,0.25294924,0.50758326,1.290403,0.86858016,0.9917206,0.3643927,0.7750477,1.4617552,0.4300042
2024-06-15,3.9605205,0.29840627,6.378645,1.2196586,1.3375454,2.0789652,0.9277314,0.67384005,3.076952,2.4445295,2.4339964,0.5567513,0.9370252,0.5322111,2.8345935,10.246063,0.009646783,0.3128959,1.682542,0.29058313,2.9405568,0.67384005,0.015659599,0.012144784,0.6913598,0.013073578,0.42726928,0.971156,2.639914,1.5188556
2024-06-16,9.039234,0.0,24.053793,15.510706,12.646264,13.421555,13.4911375,0.0,0.0,9.924797,6.990605,10.046445,15.339492,2.1293194,2.5821729,25.907711,0.0,24.033691,5.440319,0.0,5.9938927,0.0,9.03688,0.0,4.374248,17.871557,10.811352,24.464361,3.2895088,8.031107
2024-06-17,0.0,11.39121,0.0,7.0185294,8.767451,0.0,0.0,0.0,3.3069508,21.61822,0.0,9.928245,15.543626,3.5912313,4.1960793,0.0,4.135454,11.408566,0.0,0.0,17.024414,0.0,14.164083,0.0,0.0,11.944453,0.0,16.488647,4.7060213,0.0
2024-06-18,0.0,20.270515,0.0,21.773731,22.444727,14.0762205,33.764137,20.378119,9.619641,31.230482,7.3577147,15.639811,23.513922,9.347465,11.065408,26.680859,11.105469,30.9175,3.1104496,11.010901,44.841908,20.85328,16.68806,27.542671,12.110707,56.64696,11.939033,31.050467,10.132082,0.0
2024-06-19,18.921194,12.766364,42.389046,21.893066,18.154257,18.857897,30.431976,8.889209,3.9209127,15.252342,7.802798,14.892366,5.3873844,6.714319,6.4390354,65.15489,5.342719,16.305517,2.7911816,9.020071,12.530923,7.1266413,15.003494,15.214351,16.025204,15.942609,17.75969,17.146843,7.4097385,9.799276
2024-06-20,0.0,0.0,0.0,6.889245,7.8164806,5.5041018,9.2379265,7.944708,4.4519877,8.423411,8.284022,4.2395988,0.54414546,4.7716446,4.9083853,8.959973,0.0,13.460362,9.489666,6.3763514,10.738737,8.586753,9.570336,0.0,9.326027,12.85995,10.482168,16.002237,6.6669593,14.722298
2024-06-21,0.0,0.0,0.0,32.16284,33.214676,11.269866,0.0,1.3276196,8.998187,0.0,5.705639,6.8289,0.0,0.0,12.183377,0.0,0.0,0.0,2.9734209,4.3957562,0.0,0.0,0.0,0.0,5.1085653,0.0,0.0,0.0,9.390169,0.0
2024-06-22,17.415676,12.774691,22.045506,38.280594,25.921227,33.56688,21.557184,15.811148,11.377342,8.898921,18.228321,22.48743,15.127091,10.654391,12.236766,0.0,0.0,25.297207,3.7971408,13.585804,59.064384,17.381454,8.397572,14.767785,17.208475,23.069141,4.0080013,23.04551,6.7407637,3.3741598
2024-06-23,0.0,21.406273,0.0,21.493855,16.632431,15.090255,0.0,15.119016,6.138945,27.329815,4.8018,10.801765,13.270464,6.5921183,5.1958585,0.0,12.862956,2.6549435,9.27681,8.080887,30.883053,11.563172,25.611113,0.0,8.681194,0.86908805,24.955036,15.737233,13.094898,12.341239
2024-06-24,7.6247,0.0,17.182127,3.502945,7.075517,0.0,19.49434,0.0,6.7238836,0.0,0.0,6.6084347,0.0,0.0,5.732588,23.825384,0.0,9.046322,0.0,0.0,0.0,0.0,0.0,14.433454,0.0,15.335307,0.0,3.6076212,6.5003486,0.0
2024-06-25,2.6447988,7.339919,52.972218,10.772615,14.256615,9.2466,37.096012,2.0323389,9.208079,29.96977,10.403005,8.900726,6.615598,11.973688,12.347837,56.636383,0.0,19.50252,2.149561,14.029163,26.624166,6.243592,10.788683,0.0,15.341691,9.748156,0.0,19.095428,15.189941,0.0
2024-06-26,12.839826,7.3729534,37.97545,11.237231,10.9402895,9.770459,18.19275,8.321276,6.216842,26.641764,7.737121,6.457168,7.0495353,1.9629506,7.196569,62.775753,1.7666526,15.371475,11.329509,8.639097,18.787489,9.279129,2.7365165,0.0,9.8495655,0.0,9.042736,27.759035,7.3236194,11.537836
2024-06-27,0.0,7.10858,19.200008,23.05458,20.428545,13.386198,17.609846,4.664673,14.041154,26.968117,7.6852727,16.563202,8.274008,5.890646,13.196236,0.0,4.172752,13.190798,0.81079704,6.933446,31.018057,7.1112256,3.8807085,0.0,12.31221,0.0,1.2856431,19.621767,12.657301,0.0
2024-06-28,0.0,0.0,0.0,0.0,0.0,0.0,0.0,0.0,0.0,7.564095,0.0,0.0,0.0,0.0,0.0,0.0,0.0,0.0,0.0,0.0,6.8939257,0.0,0.0,0.0,0.0,0.0,0.0,0.0,0.0,0.0
2024-06-29,0.0,8.7255945,0.0,0.0,0.0,0.0,0.0,0.0,2.7977383,0.0,0.0,0.0,9.055057,0.0,2.5970705,0.0,5.8319335,0.0,0.0,0.0,0.0,0.0,8.045754,0.0,0.0,0.0,0.0,5.2666974,3.9838033,0.0
2024-06-30,0.0,26.783913,36.46184,32.977367,29.180038,17.020714,37.14812,12.959321,10.643645,53.5722,11.478837,22.886642,33.741505,13.981968,12.179268,0.0,17.10553,32.026527,7.571025,16.831429,100.43224,14.184223,27.947233,3.2549856,19.51263,27.31476,22.659643,51.70574,14.929368,13.420508
2024-07-01,5.989522,14.449034,18.90453,18.622646,18.657944,15.041081,26.129145,9.212499,11.897704,30.307364,11.533962,16.792082,19.407732,5.8408594,10.265954,9.382862,9.96113,22.025934,9.710225,16.160753,50.13668,11.969044,14.112998,1.3223971,18.291119,15.058254,11.754761,33.8399,15.0228,9.710225
2024-07-02,0.0,0.0,0.0,0.0,0.0,0.0,0.0,0.0,0.0,0.0,0.0,0.0,0.0,0.0,0.0,0.0,0.0,5.1511726,0.0,0.0,0.0,0.0,3.572948,0.0,0.0,4.7897906,1.9086201,0.0,0.0,1.3068575
2024-07-03,0.0,5.5081964,6.2764354,10.5879135,12.521164,8.175844,2.9794452,0.0,5.9447007,4.9970684,7.268612,8.329517,6.978643,5.823724,5.2978883,0.0,0.17827784,7.8283606,0.0,7.6558905,10.889966,4.480217,5.5183525,1.7458866,8.845185,6.7802005,0.0,8.807693,8.921137,0.0
2024-07-04,11.10097,5.278651,36.18989,3.5424898,6.709274,5.0792837,6.751276,6.243037,3.000041,6.406815,6.241132,0.0,4.6749773,0.36316633,4.6188083,20.704576,3.06688,4.662308,3.6100116,4.627806,8.830129,5.4424825,5.4885635,1.0853751,4.6377163,5.395894,4.222104,0.0,3.249386,4.100689
2024-07-05,8.423252,9.955733,29.775713,10.25699,12.287315,10.879887,19.768433,7.342263,6.306406,26.252794,9.095993,12.749063,13.395697,5.157156,6.040897,10.041488,9.169811,17.609766,3.4335938,11.647337,23.464697,9.223378,11.314429,2.539888,13.148806,15.684676,7.4614596,20.476093,8.15119,3.421294
2024-07-06,2.9627156,3.125482,31.49346,4.4038286,11.287704,5.178632,0.87802994,2.3031616,4.8968215,6.817612,3.9556065,9.16846,3.2248154,6.987313,3.4472678,27.332489,0.9888476,0.81291187,1.4449044,0.0,30.517479,4.308359,11.952094,0.0,7.0803156,0.0,2.7791264,0.0,6.01549,1.8396091
2024-07-07,0.0,0.0,0.0,12.460378,18.136375,9.428399,1.4051739,0.0,11.215383,3.8906326,2.6464734,12.072446,0.0,5.714543,11.231924,0.0,0.0,12.1893425,0.0,9.604651,23.677855,1.5866873,7.3638616,0.0,18.45828,11.648877,0.0,0.0,16.453276,0.0
2024-07-08,0.0,8.067037,6.001105,12.354097,9.404346,9.790983,10.546065,9.299285,13.865389,39.1833,10.33636,8.3324375,8.275852,3.1650336,12.483052,8.669893,4.049667,12.500208,2.3022096,13.785965,25.97665,9.693294,7.343347,0.06337279,13.177148,6.7962785,5.978052,17.41484,10.467544,2.160745
2024-07-09,0.0,0.45224243,0.0,5.7605376,7.3486094,2.3258924,0.0,0.0,11.894632,0.0,0.0,3.143181,0.0,0.0,10.087766,0.0,0.0,0.0,0.0,0.0,0.0,1.7399826,0.0,0.0,0.0,0.0,0.0,0.0,9.929987,0.0
2024-07-10,2.8192883,17.744642,31.327314,8.794231,11.932001,5.336355,36.167927,0.0,4.6217966,56.63313,0.0,9.979368,28.133097,4.8509097,6.488825,0.0,10.420943,30.774467,0.0,0.52212065,10.445307,0.0,23.85298,0.21354532,4.155878,25.41399,5.690749,41.51661,8.009071,0.0
2024-07-11,0.0,2.891284,0.0,8.475712,12.783508,6.0817614,0.0,1.1276841,14.5253935,10.0650425,5.5892434,5.637845,5.1481423,2.4841554,11.75867,0.0,1.8709166,11.254575,1.1976875,6.381818,0.0,3.0087202,4.4293566,0.0,6.712676,6.6885653,2.3942246,11.841689,12.63779,1.6330231
2024-07-12,2.9872155,26.48302,26.899378,14.927234,19.350706,14.080613,25.907162,9.06459,9.683596,50.83861,9.746614,16.914135,33.849586,11.126605,9.181956,9.606834,15.588949,36.300575,5.7447896,15.882424,77.72876,11.582666,26.394943,0.0,18.748844,26.93827,13.156189,44.375824,11.39955,6.1594167
2024-07-13,2.5426369,3.5851057,15.029571,12.76361,19.17526,6.1164947,10.986044,4.5588303,11.945071,3.6379766,4.050485,6.8494024,0.0,0.78847075,12.799001,19.387022,0.0,0.0,3.3386028,4.308494,13.604477,5.284436,4.4605346,0.0,6.1194525,0.0,4.3824043,12.07152,13.0985775,3.7253458
2024-07-14,2.9538567,11.368009,25.315083,10.954771,11.514671,11.466177,19.261227,10.2026615,10.834218,43.04957,10.36366,11.426996,18.376768,8.641297,13.241432,20.243364,12.356487,21.278645,11.289696,11.507357,38.21196,9.946154,13.122889,0.5118446,13.625022,8.306634,11.999176,35.09712,10.740154,11.262689
2024-07-15,7.746727,10.409008,53.595272,15.192909,20.272024,16.605724,26.708214,6.933694,17.224525,46.930946,12.314961,16.327726,16.048513,5.0134697,15.274558,25.783833,6.730176,16.57804,5.6313443,14.000488,61.79531,13.274727,8.38636,0.3632484,19.02551,9.502903,4.31657,27.337875,12.564925,5.6313443
2024-07-16,3.5675645,9.251855,30.154085,10.001757,9.8421545,7.0228095,13.015779,5.225319,4.6013975,21.42721,5.906505,12.59576,10.854622,7.0173674,3.5578067,22.012009,7.833063,11.914903,1.8219658,7.9807367,61.757603,6.7371855,11.468998,0.0,14.344227,11.603851,4.534457,22.619476,4.664145,1.6967751
2024-07-17,1.397613,11.992077,10.906504,1.6595951,3.7269926,2.1705608,12.097786,0.0,0.0,26.216543,0.0,5.981469,14.070127,1.4911517,0.0,6.8534927,3.5676813,13.132068,0.43468666,1.4598631,0.0,0.0,11.9953985,0.0,0.0,7.546829,3.8498607,28.745918,4.789719,1.2361985
2024-07-18,3.2132773,3.924934,9.12753,5.825213,6.0840435,10.8223915,0.0,1.5392947,9.1159,35.373154,4.6860633,7.173005,9.13018,3.5719638,6.8200064,9.133889,5.032639,0.0,0.1275629,13.025606,61.284107,5.1703043,0.0,0.0,15.241884,0.0,0.0,13.7204275,7.184059,0.14215082
2024-07-19,9.319804,2.529378,63.422775,2.2844663,7.3467913,0.0,40.75866,0.99074095,6.2929964,18.28931,0.6389861,7.773984,12.053078,3.1350303,5.3731375,24.070269,2.56484,26.01816,0.5488813,0.649016,72.7061,0.0,0.0,0.0,2.096405,3.7100716,1.1337739,42.888016,6.580217,0.31084585
2024-07-20,3.4633794,0.0,18.364626,13.415984,12.015501,4.0545316,0.0,0.0,7.9793563,0.0,0.0,11.271938,0.0,3.7939396,4.758427,14.447727,0.0,5.344996,0.0,0.0,31.814978,0.0,0.0,0.0,5.498391,0.0,0.0,0.0,6.954455,0.0
2024-07-21,4.395246,9.026438,18.694077,5.993107,8.217205,4.5250454,6.600996,4.003489,3.419964,11.806283,3.9188454,7.255141,9.036532,3.1172583,4.786064,17.245611,6.3380003,9.953039,1.4858155,6.3147326,26.824032,4.171158,10.238739,0.25320297,6.4591923,7.497421,4.53456,13.511572,4.5260615,1.9374895
2024-07-22,3.1078007,17.164951,17.64815,4.900296,3.6661346,9.56101,13.229566,7.3873873,2.7449827,64.456566,8.810289,6.5389423,27.895262,11.843334,3.8662288,7.1188645,15.880966,17.493816,2.8581276,10.823701,36.325535,10.248744,14.718143,0.17577231,11.728222,16.06427,7.811908,36.51127,1.8839781,2.812326
2024-07-23,0.0,0.0,0.0,0.0,1.252606,0.0,7.2468085,0.0,1.6363164,0.0,0.0,2.8779905,4.1569467,0.0,1.8509545,0.0,1.8051647,7.2770267,0.0,0.0,20.18251,0.0,0.0,0.0,1.707309,0.0,0.0,7.907647,1.4720005,0.0
2024-07-24,0.0,1.7959677,0.0,8.579034,12.627289,8.205777,0.0,1.7876152,4.92894,14.300435,2.3875427,9.788281,0.0,8.909032,6.350151,0.0,0.0,0.0,0.0,6.3147326,38.78782,2.6247988,0.0,0.0,8.959152,0.0,0.0,0.0,6.853019,0.0
2024-07-25,2.4280617,7.390215,30.80254,4.9763746,4.581162,3.8869698,18.968618,4.760651,0.0,13.239217,4.726039,3.0728335,11.449786,2.3379815,1.5587481,10.032336,7.40335,14.331511,2.9747827,3.0942876,38.101383,4.6027613,7.270559,0.0,2.4677386,8.576861,3.923643,19.414242,0.0,2.5809999
2024-07-26,0.6574137,0.0,0.0,0.0,0.0,0.0,0.09436243,0.0,0.0,0.0,0.0,0.0,0.0,0.0,0.0,0.0,0.0,0.0,0.0,0.0,22.135483,0.0,0.0,0.0,0.0,0.0,0.0,0.0,0.0,0.0
2024-07-27,0.012879746,3.1429837,2.5837946,15.001315,11.426032,11.352963,0.0,3.2414286,4.8482356,16.086308,7.2271247,14.429137,0.0,10.241182,5.030908,18.614353,0.0,6.8416157,0.0,8.994501,64.97349,6.1303997,0.0,0.0,10.129887,0.0,0.0,12.2387085,6.779634,0.0
2024-07-28,0.0,5.230194,0.0,0.0,2.5765908,3.1872568,0.0,2.5705788,0.0,3.1462336,2.4035857,3.5122924,10.360104,3.2239606,0.9238039,9.261748,0.0,0.0,0.0,3.7941742,30.402227,4.83655,3.8888428,0.0,7.0340805,3.105843,0.0,0.0,3.0257905,0.0
2024-07-29,0.0,3.430852,0.0,1.4940145,6.9249077,3.1571567,0.0,2.0429254,0.0,50.17906,4.042906,8.1313,0.0,0.0,1.4169543,29.516647,0.0,0.0,0.0,4.614031,19.117706,3.6907153,0.0,0.0,4.524684,0.0,0.0,47.095234,4.7949677,0.0
2024-07-30,0.0,0.0,0.0,0.0,0.0,0.0,0.0,0.0,1.7439766,0.0,0.0,0.0,0.0,0.0,1.5474848,0.0,0.0,6.005367,0.0,0.0,0.0,0.0,6.465312,0.0,0.0,8.495589,4.2099895,0.0,0.0,0.0
2024-07-31,0.0,0.0,0.0,0.0,0.0,7.97422,0.0,0.0,0.0,6.071007,3.944357,8.21417,0.0,4.649863,0.0,0.0,0.0,0.0,0.0,6.5090103,75.14426,4.016207,0.0,0.0,11.323984,0.0,0.0,0.0,0.0,0.0
2024-08-01,0.0,12.233887,0.0,7.107014,9.157637,10.596675,3.7995617,19.822777,9.268718,5.3579383,20.462734,9.922113,26.001469,10.774959,6.905051,0.0,2.6696098,33.81337,18.787415,6.0666447,10.133763,13.125406,30.469086,10.828322,10.912619,32.922787,27.381384,10.027251,10.339493,11.82386
2024-08-02,0.0,2.1268444,0.0,13.416097,15.886886,8.449798,0.0,0.0,19.087934,1.0932437,0.0,12.94945,10.649532,5.096919,15.8677635,0.0,0.47260806,11.567427,0.0,5.1761527,8.487731,0.0,0.0,0.0,6.928958,0.0,0.0,7.8398175,17.163567,0.0
2024-08-03,0.0,0.0,8.530284,16.806711,13.741502,14.920994,9.680178,6.472155,4.686377,2.0890129,13.147148,9.897344,6.954096,0.0,13.73185,0.0,0.0,11.552835,0.0,8.8692665,0.0,7.6519914,11.809435,0.0,12.481424,11.387639,0.0,14.902067,9.102558,0.0
2024-08-04,6.9062963,17.581478,13.138036,32.77119,25.94053,31.079872,13.859819,18.404587,13.434515,14.772318,26.017866,25.348717,16.951561,11.268135,15.53287,13.432218,14.760618,15.579767,9.34752,15.5307665,13.293055,19.64629,15.869947,1.3874408,20.581406,11.3143635,15.281206,17.005201,13.520069,9.729615
2024-08-05,10.040512,32.238605,23.11718,26.241577,30.715353,17.041027,25.765707,18.98213,22.790403,29.699507,12.184327,34.15042,37.924217,21.241322,22.007265,9.6943245,25.375126,45.261955,18.004972,16.055412,50.147606,11.146733,35.157707,9.824737,21.014706,30.387178,34.61956,41.048466,23.409515,28.041275
2024-08-06,7.7468877,37.526005,21.345404,23.093212,17.311098,27.67291,32.202938,38.095375,9.608795,24.787996,23.17135,33.878704,32.47356,20.988472,10.657647,0.20739098,25.199911,40.4569,19.065014,24.061228,24.747828,25.33028,51.023495,21.033657,29.988049,40.09125,52.222824,43.756664,12.539118,28.744562
2024-08-07,7.9822645,32.06826,11.432333,20.823423,18.990616,19.386574,28.652115,23.405327,24.666117,16.758154,13.288583,21.020075,38.048885,14.132914,24.73885,1.4820417,21.855188,35.251125,13.941119,14.120054,13.245085,21.008318,29.800594,6.9096775,19.159405,29.852602,23.10645,34.00836,22.011204,18.798878
2024-08-08,4.17788,18.930225,6.6892724,26.715275,19.775534,25.216642,21.154902,25.708643,0.0,14.925031,21.919662,28.67521,23.905243,12.057171,15.905471,0.0,10.487094,28.407255,19.033659,13.049068,9.104546,24.73032,25.38896,8.157848,24.577995,15.868646,30.46222,22.080023,4.7700205,24.424534
2024-08-09,0.0,13.368254,0.0,28.14964,23.898405,27.114767,0.0,10.905519,0.0,7.057215,11.11277,30.032747,5.752543,14.716408,6.8577647,0.0,11.499954,10.028769,0.0,16.59643,17.849482,14.288914,6.434287,0.0,26.59351,0.0,10.360582,11.0941925,5.5059967,0.0
2024-08-10,2.6306002,15.484937,14.98345,13.545901,10.688435,12.155683,20.402493,0.0,0.0,23.332691,7.970363,17.34136,24.25489,9.429933,4.8047814,0.0,11.156276,24.253191,0.0,6.2378364,8.257687,4.1576357,22.234867,7.950347,8.361494,20.21317,17.407608,30.215042,6.395724,0.0
2024-08-11,20.385674,29.09753,39.16286,18.35993,18.633038,19.9796,40.687027,15.146797,4.564449,39.743164,12.222746,35.557133,40.09759,23.096317,7.371628,23.300076,13.004221,44.189667,5.92596,20.526358,17.17019,18.865833,42.345596,19.48171,30.477875,43.29543,11.907267,55.880188,12.034323,7.214467
2024-08-12,15.24653,7.2296205,28.535597,10.885344,9.373701,9.970289,27.362444,0.0,0.0,21.647572,2.7908976,15.491472,16.111156,5.9704976,4.255068,10.935258,11.426248,17.892818,0.0,5.0034657,5.080264,0.0,0.0,2.675671,0.0,2.7494829,0.0,17.213007,5.664221,0.0
2024-08-13,34.242355,0.0,48.02691,0.0,0.0,0.0,37.921,0.0,0.0,10.912036,0.0,6.7608833,15.604586,5.4005704,0.0,40.06327,1.7930399,30.165586,0.0,7.3085012,3.6513772,0.0,11.506574,7.125614,6.177348,12.9598675,0.0,25.046186,0.0,0.0
2024-08-14,0.0,16.24688,6.8729715,0.0,2.314528,0.0,13.530672,11.9378395,0.0,12.094391,5.284327,6.539545,16.672125,9.899224,0.0,0.0,14.509505,18.336504,15.394058,10.884246,12.796276,16.148548,0.0,0.0,8.9204445,0.0,13.951596,18.642609,0.0,15.656713
2024-08-15,0.0,8.3827715,0.0,6.607258,0.0,9.088407,12.959613,8.496437,0.0,7.77861,7.292465,5.994834,14.576894,0.0,0.0,0.0,9.471854,19.06167,0.0,0.0,3.1091082,12.140422,10.997162,9.692098,8.942095,16.542286,0.0,14.08697,0.0,0.0
2024-08-16,15.872442,0.0,22.963804,0.0,0.0,0.0,16.172182,0.0,0.0,10.326061,0.0,7.008182,6.4854794,4.222549,0.0,25.89117,2.9880285,0.0,0.0,0.0,6.680413,0.0,0.0,1.7673831,0.0,0.0,0.0,9.926948,0.0,0.0
2024-08-17,10.163065,23.26594,21.208775,1.6098093,4.27928,0.0,28.188896,16.236868,0.0,9.911848,10.223769,8.620958,20.360167,5.9797993,0.0,3.5712156,16.258707,26.833488,5.779625,9.344851,5.207406,21.828024,24.831896,10.275322,5.9224043,22.539045,21.605206,23.519278,0.0,7.443764
2024-08-18,0.0,14.664553,9.594386,0.0,0.0,6.67921,14.142026,0.0,0.0,10.732877,3.071502,18.741968,10.757386,12.515532,0.0,6.2935796,12.555689,18.2405,1.6883967,22.300896,9.662153,9.321065,15.931949,2.5634375,19.635897,17.289305,8.835832,21.735146,0.0,8.518068
2024-08-19,7.872206,20.955986,21.164463,11.711222,5.012337,12.908393,30.860243,0.0,0.0,19.553621,6.228769,16.25032,23.375889,12.004727,3.335575,0.0,13.297042,28.721874,12.060694,10.839011,8.652617,11.116462,23.40413,3.2508488,15.552652,22.459969,18.354301,25.775429,0.256394,11.365795
2024-08-20,14.0086155,3.8208787,25.852991,7.8579597,7.61621,7.583194,25.965746,0.0,0.0,13.963482,0.0,22.675346,19.84967,9.983654,2.7700126,4.8974705,2.049017,18.992325,4.75786,4.4134083,6.9434633,0.0,27.551952,9.120417,16.044601,18.197493,27.518673,22.704985,2.6312788,8.775944
2024-08-21,2.9710572,9.585028,5.630586,4.43877,3.2785366,5.2951,4.8064384,10.768903,0.8491847,3.0675862,4.344026,9.677993,4.0052466,2.5695262,2.0032346,5.744263,4.3152847,6.5062914,5.308082,3.5000644,4.475451,11.023182,5.4934087,3.4954782,5.613289,4.733156,8.818679,6.153538,3.1813686,7.272962
2024-08-22,0.4697543,6.7657084,1.1204097,0.8253778,0.9004877,0.88106954,2.4946084,6.175902,0.1755184,3.3550816,1.6265153,2.8077009,6.7939725,2.2617815,0.39274892,1.0731763,4.9967103,7.229066,4.255504,1.6288911,1.0027553,4.9701357,8.143339,5.5224447,1.5293746,7.587805,7.7971163,6.154094,0.9849375,6.357281
2024-08-23,0.1343665,0.63637924,0.675672,0.5300776,1.3641593,0.39681262,0.6341456,0.538044,0.696709,2.2921693,0.07150287,5.694625,1.8117315,0.9694778,0.4702436,0.77782184,0.5301046,1.2395351,0.47577363,0.48842174,1.5204637,0.16946441,0.6388983,0.15808317,1.0599918,0.6049496,0.8393208,2.4601126,1.8287439,0.9300174
2024-08-24,0.36261758,4.521462,2.1011932,0.46194446,0.72430474,0.5696464,1.7484093,4.223456,1.309937,4.7420473,0.8799626,1.6299713,4.269063,1.3227012,0.91177744,2.1277058,3.3862302,4.6168704,0.95473033,1.2416697,1.9309319,3.932451,4.827647,1.0930803,1.0427799,4.85327,4.045229,4.7248044,2.1841447,1.9735413
2024-08-25,0.0639569,0.0007400581,0.4156365,0.032910842,0.43398154,0.0008494115,0.39340964,2.283041e-05,0.9609018,3.0614588,0.00017990055,0.10958922,0.58178663,0.17636639,0.4736735,0.38634503,0.00076615415,0.4104191,0.00014126145,0.0052448604,1.5465395,0.0003050229,2.5546628e-05,0.001286561,0.0137842875,0.0011135375,2.1998123e-05,1.3146076,2.0727932,9.1072325e-06
2024-08-26,0.49883357,0.318011,1.0868143,2.7957296,1.907873,2.9559417,0.96821404,0.17512219,3.3666682,3.1524475,0.73627657,3.2496412,0.4525896,0.9218498,3.0035465,1.0181344,7.872383e-06,0.54463446,0.1882982,1.2873335,3.610815,0.94349474,0.20237906,0.048906706,3.258724,0.076605126,0.22499117,1.1056811,3.3553178,0.17132513
2024-08-27,0.7710974,8.59474,2.6220527,6.8748045,9.125886,6.729821,5.3573217,5.8111744,11.093963,3.699693,5.5077653,7.1040697,10.609548,6.0821953,10.212684,1.5835705,6.0549874,10.308509,4.5832887,5.5628304,2.8756516,5.6275816,8.463687,4.3195496,6.9371367,8.936875,5.5401983,4.3875036,10.753176,4.2898583
2024-08-28,0.5406845,7.2508364,1.4817173,7.261569,6.0182877,8.302447,1.3660803,9.538884,7.1309743,3.609028,8.546215,5.926328,3.0725186,6.1369586,6.6244535,1.989945,4.163448,3.280422,11.010419,6.619212,3.4613001,7.761647,6.6689715,2.4532824,7.215889,3.8782215,10.928417,2.356507,6.642091,11.5201025
2024-08-29,2.4740639,10.509878,6.3180895,7.5891485,5.191849,8.368961,7.2026405,9.953825,8.2402725,10.541766,5.032503,9.877113,9.294011,14.443113,7.5460854,6.5456257,8.437513,10.302311,13.796062,15.03245,9.374494,8.907388,15.319763,10.00931,15.857273,12.4290695,15.124279,9.072789,7.9543524,11.512311
2024-08-30,5.7055035,17.397125,8.775121,6.663741,4.9276023,11.339714,14.503095,15.8716545,7.4409537,17.863066,9.980349,11.625965,26.654425,15.200345,6.904466,8.337281,15.169772,23.567066,14.336413,14.531545,9.464988,15.897655,13.133273,3.9291353,14.42062,14.943728,15.413549,19.078773,8.4456005,15.354684
2024-08-31,1.8477331,10.354551,5.146432,3.1041763,4.135682,7.2490845,5.5517097,11.6221,5.738342,7.987299,8.5230875,6.7463956,8.503185,5.380898,5.6655746,7.6799655,6.8515744,8.948942,15.13997,4.011218,5.584753,9.343671,9.671199,3.6515021,3.891363,8.793058,13.844391,7.777366,5.4299817,15.438258
2024-09-01,3.998372,2.2706795,7.9123282,5.5215354,0.0,5.919114,11.024475,4.3230762,0.0,0.0,7.429407,3.1572008,0.0,0.0,3.2482371,0.0,0.0,9.278525,5.019786,4.0896335,0.0,3.7587395,3.7192597,2.3789344,4.104553,4.867929,0.0,11.984329,0.0,0.0
2024-09-02,8.801247,7.657832,20.419518,7.635538,4.869758,6.271088,20.63722,6.820167,5.5090475,8.394073,6.6676397,5.0357127,17.307049,6.9360404,4.3524823,22.65369,7.497454,18.66831,5.1505823,3.9338725,7.5399,6.535935,10.8369055,9.705034,5.446067,11.874442,6.298019,20.369154,4.7094526,4.8592362
2024-09-03,0.0,8.6433,0.0,11.704525,13.586113,6.622161,5.7565713,5.42334,17.498055,5.1690125,7.103607,5.169564,9.499774,4.6384225,13.620128,9.154624,7.446869,9.39278,3.6343956,3.8317773,0.0,4.446761,7.9876337,3.3888714,5.5446873,8.31648,5.9992685,8.847946,13.548583,1.422547
2024-09-04,6.570121,0.0,18.630114,7.7106695,2.7640133,7.6139894,5.987652,0.0,3.8285897,5.3212447,4.657834,3.0843518,6.768844,0.0,7.433386,13.754353,4.272012,0.0,2.8135438,1.051849,0.0,0.0,0.0,2.7382643,2.7488031,2.885425,0.0,0.0,4.8982954,0.0
2024-09-05,0.0,2.1404428,0.0,5.3681397,4.8615313,5.8146377,0.0,4.0185347,5.227241,0.0,6.625855,5.34023,0.0,3.6945114,5.6707377,0.0,0.0,0.0,5.0973415,2.921185,0.0,3.203176,0.0,0.0,5.5646095,0.0,0.0,0.0,4.452217,0.0
2024-09-06,2.0405934,0.0,0.0,10.0118065,9.5346775,9.347222,3.0264242,11.279935,7.461764,1.8452181,12.000478,9.224945,0.0,4.0378733,9.466501,0.0,0.0,4.622804,12.511097,4.5977583,14.413886,5.607956,4.2017593,1.7446259,6.5263405,2.1894221,10.336203,0.0,7.784555,10.136086
2024-09-07,0.0,10.201484,0.0,6.597619,6.0254517,8.779942,0.0,12.047783,6.7544355,9.886607,12.719112,6.473482,3.113986,9.640289,7.95803,0.0,4.687357,0.0,12.526665,13.148543,14.299461,9.917326,5.138545,0.0,10.458019,0.0,10.828528,0.0,5.8705463,10.6987095
2024-09-08,0.0,11.68828,0.0,4.1036606,4.255844,4.0663886,0.0,6.528239,4.688456,11.270731,3.4538438,6.128106,11.438501,10.055444,4.5456796,0.0,11.277971,10.851284,8.850942,8.245076,7.176261,5.3917794,11.454379,0.0,11.13785,0.0,10.103609,11.192203,8.73697,8.41559
2024-09-09,0.0,0.0,0.0,3.7423468,3.6878138,2.30029,8.932378,0.0,2.4872546,0.0,0.0,3.5880792,0.0,0.0,3.3157463,0.0,0.0,8.97816,2.7538593,0.0,0.0,0.0,3.8177245,0.0,0.0,0.0,4.2505665,9.384864,3.3092947,4.050618
2024-09-10,0.0,0.0,0.0,0.0,0.0,0.0,0.0,0.0,0.0,0.0,0.0,0.0,0.0,0.0,0.0,0.0,0.0,0.0,0.0,0.0,0.0,0.0,0.0,0.0,0.0,0.0,0.0,0.0,1.4480555,0.0
2024-09-11,1.7057811,0.80532986,7.9374995,1.3117318,1.6742898,0.6436682,3.231082,0.36777937,1.7316092,1.4421972,0.2380286,0.2368202,1.5284446,0.5901668,2.0318418,8.781301,0.76579285,2.2641916,0.111761525,0.47896126,2.866385,0.25407305,0.7931262,0.06583332,0.39950126,0.5975106,0.52967894,2.8761628,2.045708,0.23003002
2024-09-12,1.0628468,2.3487546,2.3387547,1.8242637,0.80796105,1.823401,0.49331066,2.100537,1.6471783,0.39842007,1.4821932,0.8893912,1.6025504,0.39960873,1.437959,2.4635172,1.635234,1.7131319,2.2355113,0.43775976,0.6547212,1.1276737,2.3277,0.39697707,0.82904494,1.9960246,2.405911,1.0104916,1.3201826,2.388438
2024-09-13,0.67541635,3.24172,1.1024327,1.8430026,2.051718,1.6578995,1.122034,2.4477823,1.6258638,0.952138,1.3915192,1.4764929,3.6503425,1.611172,2.2775016,1.3477024,1.769334,3.7398286,2.838103,1.6023202,0.85522616,1.1400712,3.014828,0.54095024,1.5397537,3.0977995,3.5007408,2.3623276,2.264755,3.2896042
2024-09-14,2.6643417,2.627223,0.86665624,1.0715849,1.1410354,0.68817836,1.1351429,1.0124876,0.38177612,1.5662448,0.48651114,0.90645313,1.8893074,1.1919733,0.6177673,0.35256213,2.2860684,1.9078349,0.77721614,1.0748286,2.6699219,0.59602374,2.6555245,0.31000304,0.72717965,2.1593757,1.7665447,1.8926613,0.47747818,0.919913
2024-09-15,1.5336069,4.485569,1.0406219,0.004778998,0.023634309,0.016741406,1.6358087,0.7571069,0.0,0.9357529,0.09985123,0.049896237,5.942984,1.1915424,0.026784487,1.3629901,4.3527317,6.1231403,0.603982,0.5145245,2.3525875,0.13283277,4.194831,0.71352124,0.13880473,4.341651,1.7541873,2.2529304,0.035886,1.1350118
2024-09-16,0.0,0.0,0.0,0.0,0.0,0.0,0.0,0.0,0.0,0.0,0.0,0.0,0.0,0.0,0.0,0.0,0.0,0.0,0.0,0.0,0.0,0.0,0.0,0.0,0.0,0.0,0.0,0.0,0.0,0.0
2024-09-17,0.0,0.0,0.0,0.0,0.0,4.5720754,0.0,0.0,0.0,0.0,3.7428243,0.0,0.0,0.0,0.0,0.0,0.0,0.0,4.9337797,0.0,0.0,0.0,0.0,0.0,0.0,0.0,0.0,0.0,0.0,0.0
2024-09-18,0.0,0.0,0.0,5.887619,0.0,7.888484,0.0,0.0,3.720252,0.0,4.807646,0.0,0.0,0.0,3.758621,0.0,0.0,0.0,0.0,0.0,0.0,0.0,0.0,0.0,0.0,0.0,0.0,0.0,3.5292478,0.0
2024-09-19,0.0,0.0,0.0,2.5198557,0.0,0.0,0.0,0.0,4.8458004,0.0,0.0,0.0,0.0,0.0,4.31825,0.0,0.0,0.0,0.0,0.0,0.0,0.0,0.0,0.0,0.0,0.0,0.0,0.0,0.0,0.0
2024-09-20,0.82867956,1.3252659,9.244086,6.7905116,6.3342676,6.0975876,2.1150842,1.9800346,8.902577,0.0,3.8025472,0.9638476,0.0,0.0,8.367984,0.0,0.7073484,0.0,1.369851,0.0,0.0,0.0,0.0,1.8642862,0.0,2.1695297,2.2351136,0.0,8.650822,2.536293
2024-09-21,1.9577963,7.775728,0.0,7.353528,7.1405206,12.9551935,3.547755,8.194564,11.108596,9.754539,18.054424,4.97915,8.151495,3.6319935,9.579201,0.0,7.74381,7.355106,11.755725,6.844561,0.0,7.0782876,7.885897,0.0,9.912246,7.731781,8.036209,10.3083,9.658662,8.8193655
2024-09-22,0.0,0.0,0.0,6.7364235,3.5702603,8.200092,0.0,4.923937,14.198761,2.2211828,7.087948,0.0,0.0,5.2093782,9.94576,0.0,0.0,0.0,6.729556,4.969627,3.8362496,3.2770214,0.0,0.0,4.13363,0.0,0.0,0.0,9.285865,4.6437726
2024-09-23,6.3167696,6.135907,29.192675,14.777344,14.186828,8.558692,9.010807,2.2877567,7.6161933,0.0,5.4720893,10.300363,0.0,4.029144,11.125544,0.0,6.0418453,0.0,0.0,5.589866,0.0,5.9464808,0.0,4.6320624,5.4158263,3.2434278,0.0,6.473442,6.6422954,0.0
2024-09-24,0.0,5.8937798,0.0,9.43387,10.145126,10.130526,2.3948803,2.8171134,5.0799975,0.0,9.777324,7.3580155,3.8363976,4.4467196,7.218757,0.0,3.1498356,0.0,4.910464,10.562085,0.0,7.6170516,0.0,2.067151,10.550756,0.0,4.456447,0.0,9.413575,7.727095
2024-09-25,0.0,4.3080554,0.0,19.489105,18.186302,16.737125,0.0,6.8949213,11.538992,0.0,11.0949,17.490149,0.0,10.017335,15.592012,0.0,3.0483093,0.0,7.4389033,3.2878304,15.66004,4.405351,0.0,0.0,14.108799,0.0,4.755465,0.0,14.199155,3.0441453
2024-09-26,0.0,9.378164,0.0,21.039997,19.198664,17.682432,4.55723,13.9945545,25.362719,4.893203,19.79906,15.601719,5.8244157,11.220876,25.199427,0.0,5.17326,6.412021,17.675695,12.160252,9.936186,9.044762,7.1414375,2.9061196,12.508434,5.6730433,12.34771,7.1284046,24.499998,10.331071
2024-09-27,4.2449775,11.959902,10.771339,6.648561,12.955324,11.708747,15.72491,6.0127006,0.0,0.0,12.258057,7.464361,13.29654,6.5105386,10.086819,0.0,7.101987,17.973986,3.7236388,5.5997243,0.0,3.975338,13.225771,5.77736,6.3459044,12.256563,3.552386,17.5059,9.019843,0.0
2024-09-28,2.394173,8.590048,27.358702,6.8894205,5.8126225,4.8398056,9.905301,1.9730207,0.0,20.818283,3.5616043,7.700413,16.091614,12.349699,7.368386,37.218655,8.905496,9.906245,0.0,6.8885612,35.592506,3.0440457,7.140545,2.649066,3.3830419,3.9830909,0.0,22.659744,0.0,0.0
2024-09-29,30.180353,3.7800841,47.93019,0.0,0.0,0.0,19.786383,0.0,0.0,9.141503,0.0,0.0,5.5956173,8.1469145,0.0,58.03332,4.1718025,10.538937,0.0,2.5655234,10.739971,2.0816958,7.4175186,0.0,0.0,0.0,7.1683617,15.372698,0.0,0.0
2024-09-30,3.3129776,5.4775352,19.622566,6.7311583,4.696606,6.0467863,4.4772344,3.2295454,0.0,5.276572,4.7216206,0.0,6.458236,0.0,4.5258594,33.646687,4.2373166,6.4821553,6.779871,2.2442045,18.036835,3.8185685,4.391603,4.3559027,3.0118499,6.1767254,0.0,4.1306405,0.0,5.0210214
2024-10-01,6.144098,12.646529,7.960386,2.2447324,1.3090358,3.712587,6.6364665,9.594391,0.06651452,9.282262,5.3428125,2.7367678,11.934898,5.892099,0.391575,6.8399477,12.432115,10.217584,5.1136913,8.306723,5.4376483,9.24111,12.555315,5.7296395,6.3401957,10.960432,11.727754,8.901059,0.34540048,6.674579
2024-10-02,13.597337,5.591367,14.484563,6.5082574,8.693042,2.670288,12.173277,2.2083464,1.2048799,8.747678,1.2396617,6.2523994,10.467603,4.2409134,3.6234474,17.33486,4.4470763,11.168274,1.2227635,2.8354995,6.0547953,2.262279,6.596853,10.122922,2.8160062,9.912472,3.7998524,11.558857,8.14021,1.9328167
2024-10-03,2.257657,16.278002,7.0415745,17.182629,9.38124,39.295944,5.9180026,35.122578,5.0991464,4.938713,49.891678,10.349674,5.8804555,5.927449,19.502808,5.3883324,8.691896,5.299629,42.772995,10.506056,6.002304,25.876226,13.703412,2.770195,11.854786,5.882126,35.908836,6.1566067,7.1720977,39.50881
2024-10-04,9.61112,26.516584,11.397106,70.962,77.712074,54.461197,13.545751,21.526653,8.472914,6.829781,25.957874,80.762764,23.506126,21.542564,18.10298,9.249553,23.107246,22.935354,17.07645,30.494444,7.0501614,27.17787,26.149729,16.3165,51.059845,23.586262,25.446072,13.18835,18.702412,17.735985
2024-10-05,12.78355,28.092539,13.8391485,9.096664,8.030409,10.765747,16.677702,14.885535,2.1767282,19.366129,12.312033,19.929499,33.446316,21.208261,6.2253904,8.604236,27.585815,28.543242,22.901184,18.688686,18.706034,12.777458,24.398136,23.085253,16.307476,23.58238,28.790066,27.483213,3.380478,27.08573
2024-10-06,20.100155,14.820391,27.662592,14.005608,5.2002263,17.678356,24.20944,18.351128,0.0,31.375427,20.88974,13.513379,21.65917,18.520866,0.0,28.730022,15.436695,23.689138,24.873957,10.090423,22.494907,15.990759,21.004704,23.128302,13.972333,20.513721,20.790434,24.678242,0.0,21.77596
2024-10-07,10.469639,9.482325,24.753353,10.068277,17.604187,10.893812,17.722464,9.221831,3.630241,24.839233,7.221127,13.1563225,12.441557,21.79772,8.846031,30.687979,7.820091,15.764061,11.702328,12.60575,42.509212,13.034698,7.9293504,8.612604,15.47142,8.335827,11.886818,19.042973,19.22391,12.234355
2024-10-08,4.885267,13.839706,10.558917,21.6307,23.74301,22.536901,18.318018,9.309313,22.058695,27.413294,9.368659,22.5876,20.221352,26.62684,13.524069,0.0,12.441145,19.18001,6.31556,17.92234,42.393932,14.398519,10.574775,12.182226,23.951015,10.794384,9.606918,22.91764,12.6823435,7.258654
2024-10-09,21.45571,8.8916645,34.950382,13.150375,9.591465,13.128069,22.769434,9.662888,26.759369,21.346066,12.2446785,7.877142,18.087082,16.826807,10.831435,40.177753,12.963256,13.404209,23.28392,12.715456,26.844358,12.085433,11.950601,21.310398,12.165804,18.198683,12.461098,23.203646,12.220106,21.645895
2024-10-10,6.2781396,10.762973,7.2661133,13.005068,19.628536,9.724779,10.646651,11.51538,23.957563,16.455318,10.997551,13.207858,16.07498,16.559305,20.431221,0.0,10.990154,12.421287,16.013254,17.052362,8.346702,11.646389,17.597214,11.286444,16.561516,12.61084,17.247728,20.176323,38.982773,15.3932085
2024-10-11,20.306765,18.208445,20.719893,8.211042,6.17187,9.707825,36.185493,0.0,0.0,28.785479,8.881842,16.292484,31.751776,19.608402,0.0,12.897998,18.003948,39.09882,0.0,17.064293,20.00775,0.0,26.05532,34.78886,16.520245,32.87597,14.012117,41.54003,5.0869536,10.649321
2024-10-12,17.27776,44.47116,30.202406,14.410637,13.252276,16.507822,37.065975,28.806427,0.0,33.31152,16.247894,17.46351,40.763206,40.68549,9.63383,0.0,47.617737,36.716526,9.740924,43.96716,33.409348,45.83991,21.86851,20.377499,34.612656,26.379507,23.79675,41.53315,17.417873,11.138071
2024-10-13,16.898588,20.731012,20.651468,17.79942,19.547758,10.894923,25.602152,8.917045,27.235502,32.701557,18.167496,19.547396,29.029606,22.29025,27.547014,12.094501,19.133945,26.187243,19.962963,19.819479,35.75638,12.771537,21.988045,24.267063,17.276762,22.746574,14.741913,31.102036,24.150137,11.428364
2024-10-14,39.654755,56.95484,54.68228,57.685654,50.23332,58.927113,33.97439,53.844913,56.81318,36.590084,65.61919,60.06303,32.619987,52.506794,76.21542,56.247646,53.732086,28.287058,63.795177,55.407913,41.011032,61.38548,46.67273,42.73316,60.29719,37.899364,48.667953,30.787518,69.290794,60.596737
2024-10-15,12.810911,52.249832,7.9365196,64.15398,62.779545,60.605038,9.550328,58.030895,79.98455,27.714853,63.98729,63.957073,25.518028,41.96459,73.875465,7.970386,39.207508,20.637953,72.54638,44.887302,34.87255,59.935364,36.71299,20.276697,55.515984,26.549707,57.26823,20.758158,74.75319,69.82903
2024-10-16,8.569345,9.972017,8.712981,35.765625,56.24475,18.707447,11.174422,11.187753,44.12214,13.681376,14.142948,34.314953,7.611584,22.38147,44.732056,0.0,7.4590497,11.567916,6.6667724,14.439285,18.664177,11.250045,10.843748,14.135381,20.627438,13.795973,6.224598,8.369471,69.37101,5.4065137
2024-10-17,0.0,0.0,0.0,9.975781,19.414387,5.861585,0.0,0.0,0.0,0.0,6.154946,7.7456884,0.0,6.4332175,0.0,0.0,0.0,0.0,0.0,0.0,0.0,0.0,2.9063623,0.0,0.0,0.0,0.0,0.0,9.207648,0.0
2024-10-18,0.0,13.207408,4.0632553,34.07894,16.02288,35.1842,5.7646885,12.773885,20.06871,10.076277,23.363049,15.963777,14.76489,11.139913,38.598072,0.0,14.3389225,12.871834,20.86768,15.107559,12.387226,11.045713,18.00771,0.0,10.2922945,12.320143,20.49958,10.747164,21.63001,20.733072
2024-10-19,0.0,16.148218,5.562442,31.155905,41.698936,16.222498,7.7027035,18.77801,11.759913,8.65737,18.609268,30.482164,14.6687355,16.569445,21.709658,0.0,12.324557,14.768739,20.446156,10.172227,12.208622,16.575752,12.884456,5.527295,22.496056,9.712137,17.517399,16.084898,32.656124,18.625917
2024-10-20,6.564186,5.553138,14.855727,0.0,9.54371,0.0,11.724943,5.2522817,11.497408,30.632723,0.0,10.69036,22.377962,18.840935,11.579536,7.126859,8.170193,15.241446,9.995215,5.9751387,43.705868,0.0,11.654077,10.911124,16.47168,10.754563,7.108737,25.700191,11.518357,7.457202
2024-10-21,7.2943864,14.205675,7.9620504,8.639964,12.3132925,0.0,7.218099,14.192076,0.0,14.377309,13.171473,30.85901,11.296349,14.815569,0.0,0.0,13.969915,20.65239,12.72617,14.422279,10.539093,15.122642,24.870775,21.032116,13.147568,23.994816,23.555386,0.0,0.0,13.09829
2024-10-22,7.559124,19.645414,27.013557,13.2964945,17.577295,21.271402,20.84638,9.901767,0.0,31.973753,11.016953,31.547075,26.445843,38.424637,7.1494937,25.965591,21.887102,16.80068,18.21558,27.392275,38.237312,16.474133,23.38378,14.793626,29.667912,23.541443,10.8643875,28.98905,12.498869,17.946373
2024-10-23,14.673761,14.315272,29.636871,37.99095,49.963158,19.37165,11.40212,11.260755,31.643026,14.910562,13.621363,51.275566,8.023872,23.180376,34.282963,32.93921,0.0,6.455576,11.907831,19.583267,26.098598,16.231478,0.0,14.929175,33.987747,6.666045,9.622802,15.902708,45.356422,0.0
2024-10-24,9.493193,56.413807,9.308224,36.42997,22.356462,44.328693,16.99564,48.29175,18.67821,28.903326,47.127728,37.00131,33.410133,33.888863,10.834533,16.91483,39.352142,21.811115,43.939,61.284355,32.624214,54.681698,25.725718,17.419567,57.581608,20.32575,43.29078,18.384073,16.95976,42.55292
2024-10-25,7.8204336,15.029966,22.278688,0.0,0.0,10.736825,23.578138,12.008391,0.0,14.443471,10.821623,0.0,19.686283,12.567391,0.0,28.36491,13.881562,23.429007,16.754774,16.103228,14.735319,13.3757105,21.437428,24.622883,13.386993,24.961756,11.343734,24.139734,0.0,14.950781
2024-10-26,10.485473,0.0,10.857602,0.0,0.0,0.0,13.675172,0.0,0.0,0.0,0.0,0.0,0.0,0.0,0.0,11.19745,0.0,14.295681,0.0,0.0,0.0,0.0,0.0,12.129975,0.0,10.724004,0.0,7.505754,0.0,0.0
2024-10-27,0.0,0.0,0.0,0.0,0.0,0.0,0.58115697,0.0,0.0,0.0,0.0,0.0,0.0,0.0,0.0,0.0,0.0,0.0,0.0,0.0,0.0,0.0,0.0,0.0,0.0,4.640804,0.0,0.0,0.0,0.0
2024-10-28,0.0,4.7893744,0.0,0.0,0.0,0.0,0.0,0.0,0.0,0.0,0.0,0.0,10.434491,0.0,0.0,0.0,10.67636,0.0,0.0,0.0,0.0,0.0,0.0,8.459148,0.0,8.390368,0.0,0.0,0.0,0.0
2024-10-29,0.0,6.231664,0.0,20.935354,24.738447,18.339258,0.0,16.496763,32.277424,0.0,16.38408,0.0,6.771487,0.0,31.202917,0.0,3.3426018,11.357578,16.451937,0.0,0.0,12.507946,13.086252,6.9119825,0.0,11.357578,14.616681,0.0,27.999363,11.7255945
2024-10-30,6.1470017,0.0,6.1326547,31.117418,27.179308,27.951271,9.775667,0.0,32.860973,0.0,22.550144,27.174469,7.0736794,0.0,31.518145,0.0,0.0,13.869221,25.148237,0.0,0.0,8.951607,0.0,0.0,4.7468953,6.019023,9.632362,17.356194,30.865503,12.844771
2024-10-31,6.452357,11.152175,31.154325,11.07448,9.393112,13.673347,11.157919,8.692861,0.0,25.918013,19.834621,12.58296,15.6230545,18.039076,10.947304,20.805555,9.779052,13.610902,36.153336,15.066752,33.908638,9.230596,12.639173,0.0,15.427951,6.348268,17.02993,21.325678,0.0,27.780863
2024-11-01,30.69159,16.18689,33.320446,6.0432153,0.0,5.6528707,34.120014,8.906218,0.0,30.632925,25.481209,0.0,30.763758,28.349337,0.0,36.845886,17.288813,31.406225,35.833527,19.580492,25.996101,9.624896,24.159222,31.858412,16.863125,31.807808,21.204834,29.517673,0.0,26.735258
2024-11-02,26.653622,26.321104,33.11558,14.471258,8.792546,13.990695,27.293552,0.0,0.0,38.321186,0.0,10.007642,31.214025,31.437508,0.0,38.986015,27.354404,24.373888,0.0,18.170866,43.998623,12.265416,20.850714,27.350828,11.964756,20.104734,13.721996,42.77704,0.0,0.0
2024-11-03,15.084045,0.0,11.973894,0.0,7.6391306,0.0,12.251227,0.0,0.0,0.0,0.0,0.0,0.0,12.846394,0.0,15.331943,0.0,9.617219,0.0,11.741975,20.069456,0.0,0.0,13.911533,0.0,7.335001,0.0,10.8210535,0.0,0.0
2024-11-04,39.992146,10.689712,33.633446,0.0,0.0,0.0,15.037395,0.0,0.0,0.0,0.0,0.0,15.611875,11.998149,0.0,15.347795,0.0,21.935822,0.0,10.36342,6.138594,10.505365,10.097391,20.684132,0.0,0.0,0.0,21.390652,0.0,0.0
2024-11-05,0.0,0.0,0.0,0.0,0.0,0.0,0.0,0.0,0.0,0.0,0.0,0.0,0.0,0.0,0.0,9.621323,0.0,0.0,0.0,0.0,0.0,0.0,0.0,0.0,0.0,0.0,0.0,0.0,0.0,0.0
2024-11-06,0.0,3.3082674,0.0,0.0,0.0,0.0,0.0,13.577646,25.475773,0.0,13.151975,0.0,0.0,0.0,17.158628,0.0,0.0,0.0,14.364937,0.0,0.0,4.78682,0.0,0.0,0.0,0.0,13.321031,0.0,29.691626,11.720426
2024-11-07,0.0,7.8164845,0.0,4.618168,5.261275,0.0,0.0,42.2274,12.847715,0.0,70.51288,0.0,17.767128,15.149696,19.591438,15.480654,10.20238,0.0,89.93153,2.7618275,0.0,4.556994,6.758297,13.62029,0.0,3.5366871,49.77822,0.0,20.070517,76.86625
2024-11-08,47.797394,9.415573,38.528503,0.0,0.0,3.1997209,19.300062,22.475164,0.0,0.0,26.491966,0.0,4.41869,0.0,0.0,32.30391,5.599693,9.904872,34.499226,0.0,0.0,9.559171,29.439232,25.997335,0.0,17.399261,36.601505,0.0,0.0,41.542534
2024-11-09,11.959748,5.917232,7.8970327,0.0,0.0,0.0,19.59403,0.0,0.0,24.14548,0.0,0.0,27.410057,0.0,0.0,0.0,0.0,21.267998,11.92942,0.0,0.0,0.0,14.8166275,26.739162,0.0,15.492714,18.327057,25.530832,0.0,13.144151
2024-11-10,0.0,0.0,0.0,0.0,0.0,0.0,0.0,0.0,0.0,0.0,0.0,0.0,0.0,0.0,0.0,0.0,0.0,0.0,0.0,0.0,0.0,0.0,0.0,0.0,0.0,0.0,0.0,0.0,0.0,0.0
2024-11-11,0.0,0.0,0.0,22.219145,20.156944,20.913893,0.0,0.0,46.054253,0.0,0.0,0.0,0.0,0.0,42.573814,0.0,0.0,0.0,0.0,0.0,0.0,0.0,0.0,0.0,0.0,0.0,0.0,0.0,42.840385,0.0
2024-11-12,5.236996,11.55074,6.3897634,29.441368,27.875578,42.00873,0.0,30.744938,106.92023,0.0,42.91673,8.416259,0.0,5.8364086,84.30854,6.269369,0.0,0.0,35.09475,10.826873,0.0,23.012016,0.0,6.7129045,15.133709,0.0,20.2262,0.0,97.616066,17.95169
2024-11-13,17.172035,27.224846,15.10516,62.273163,31.868433,68.513245,27.617231,55.082394,62.713753,20.967148,80.45735,25.764683,22.758568,22.471785,73.717026,11.906565,22.393957,28.118267,76.87321,26.51956,25.450323,33.375572,36.52412,26.46268,27.836441,26.520658,53.1784,28.901968,43.031555,74.95355
2024-11-14,22.742369,14.312118,22.734125,22.865612,26.942307,24.80158,21.295685,10.242007,34.723293,20.538118,25.151426,16.127092,13.8886385,16.640348,28.066648,18.869925,15.542237,21.523293,26.845854,15.998157,19.116802,12.21412,16.197529,18.558674,21.11503,16.297564,12.9142885,18.002542,23.34398,27.873728
2024-11-15,28.069437,21.526508,41.56105,24.15741,15.543774,38.674427,23.12795,51.394737,0.0,26.731056,51.641953,14.234126,24.067007,28.850462,27.031738,35.706406,19.53966,16.590536,48.70273,19.572884,43.110237,26.395325,19.350418,25.514685,21.612774,21.074213,46.223877,25.821024,21.845488,37.113045
2024-11-16,19.099417,27.182016,20.197506,41.670387,28.171627,49.250847,14.914091,31.017273,15.362146,37.353325,43.58118,16.841022,25.596037,26.186007,49.085693,11.373402,17.892956,14.497923,21.577394,21.354939,19.83351,31.383795,23.75062,16.071949,28.224384,12.738271,21.849087,26.02983,15.54425,21.09094
2024-11-17,20.614086,20.855877,18.764875,23.471249,0.0,22.45761,11.079853,48.41767,0.0,22.17228,34.789387,0.0,32.184494,5.617367,23.799229,19.519901,13.13958,16.952776,88.11299,0.0,0.0,31.738297,53.44254,12.214043,0.0,15.816558,67.493515,19.209799,0.0,88.11299
2024-11-18,20.366457,26.24694,23.146059,0.0,0.0,13.022947,12.552968,66.45354,0.0,0.0,68.178535,0.0,11.233933,0.0,0.0,23.600359,12.937232,12.594877,74.06146,10.691865,0.0,17.456947,42.51438,31.049028,14.8685055,32.754025,64.50296,18.338545,0.0,70.19198
2024-11-19,62.02929,35.781048,50.547665,0.0,0.0,0.0,33.053314,43.04738,0.0,0.0,25.449741,1.9329118,26.640062,0.0,0.0,49.99525,20.02068,37.496735,83.57827,6.132775,0.0,26.19229,58.12193,51.15681,0.0,52.784794,59.41869,18.763926,0.0,82.12352
2024-11-20,53.63961,39.649982,64.68291,19.24608,13.599056,19.297623,59.638165,82.36727,0.0,0.0,79.80968,14.193609,23.554848,19.713678,18.450691,59.908947,22.611158,48.033676,92.4344,20.299446,19.32893,42.907337,47.412704,47.51672,20.66108,38.45551,77.90235,52.95595,0.0,82.27928
2024-11-21,17.178326,14.269168,22.095741,0.0,0.0,0.0,12.229568,10.768511,0.0,0.0,0.0,0.0,7.3088307,0.0,0.0,27.304579,7.8383284,16.015835,50.49165,4.842498,0.0,5.8138013,32.88876,22.30191,4.2566915,23.259148,37.98906,0.0,0.0,40.46694
2024-11-22,26.194761,4.690601,21.688408,0.0,0.0,0.0,18.999533,0.0,0.0,0.0,0.0,0.0,0.0,0.0,0.0,15.657206,0.0,12.309926,0.0,0.0,0.0,0.0,8.183425,22.190279,0.0,19.343632,0.0,9.874683,0.0,0.0
2024-11-23,13.611802,10.681285,16.211721,9.472618,10.010415,29.06165,6.646552,33.19777,38.15476,0.0,33.043205,11.089992,6.890336,8.831283,32.33306,17.576946,7.915594,7.342771,22.974115,9.090133,8.310448,11.710556,20.239367,17.667736,13.585854,13.951076,28.968884,7.220524,19.172861,30.859776
2024-11-24,13.45503,19.278439,8.141462,19.845861,12.922333,21.935383,13.082129,24.369701,20.946005,18.520441,31.692377,10.969237,12.825511,15.50026,24.290442,0.0,12.58397,10.784441,43.848385,11.889837,25.259827,20.60556,35.479164,31.7722,17.51102,25.365969,37.77626,9.079412,39.24772,44.878773
2024-11-25,17.323282,17.780218,15.303373,23.583637,15.222129,22.25519,12.055362,29.795313,59.651924,14.32756,30.142237,9.810947,24.295027,9.079074,43.345657,14.76771,18.099438,19.390442,59.582813,13.82778,2.0187526,11.046214,25.282177,19.76619,14.283283,16.726685,45.140472,12.60439,45.380787,56.184002
2024-11-26,49.93319,25.18484,43.76431,39.39405,24.261803,46.669365,39.924458,53.47716,47.76493,29.340258,55.282528,18.673855,30.678843,22.384531,44.623287,34.92463,23.769321,34.54922,73.93587,19.53627,28.411795,27.541367,51.911972,53.237152,22.033619,45.955154,58.353756,38.125904,44.670734,72.82449
2024-11-27,28.702892,17.98917,24.020756,36.20557,23.133503,36.543278,26.46588,37.20688,45.496655,18.891983,41.821262,11.080418,21.869953,13.852225,43.649036,20.641254,15.096919,22.623955,50.508457,15.07324,9.932367,16.588432,34.867428,41.113396,15.049497,31.239223,42.47254,24.633295,38.589474,50.005264
2024-11-28,5.2166123,6.938959,8.531473,5.499838,3.9078739,12.063897,9.769131,12.033186,22.83348,0.0,12.928971,0.0,4.23347,0.0,22.141863,4.116048,3.0954506,7.854491,36.528275,0.0,0.0,8.692386,11.839042,12.443797,2.899171,13.525086,12.643711,5.7414827,17.901474,33.381557
2024-11-29,8.373371,11.247777,5.5003695,35.18084,32.04505,39.781742,10.895577,46.79251,66.8709,7.5413036,54.404728,11.324921,7.7298036,5.254961,56.50082,0.0,5.280884,9.891069,54.80902,6.8062906,14.378516,22.73064,16.23184,18.071888,12.301369,11.460152,45.215595,9.600393,57.793404,49.154533
2024-11-30,6.055439,26.17142,5.838642,46.907787,36.72694,48.634533,8.614792,47.674488,57.317917,37.981518,51.5176,22.186672,26.162823,29.890236,55.06335,3.3323221,24.475136,17.97566,51.503326,23.509817,54.568916,30.321234,37.138958,6.5775347,25.181278,20.283068,45.331078,20.767445,53.048336,52.477036
2024-12-01,0.0,38.98785,0.0,129.47247,116.49777,98.27103,11.816369,43.820217,12.725284,62.32347,58.286377,61.35585,31.961922,65.55172,130.64339,0.0,36.467533,16.23985,29.559172,40.97042,98.137535,45.055977,16.908258,5.2620745,54.313515,8.723804,18.489185,18.238916,98.54959,0.0
2024-12-02,0.0,20.433493,0.0,23.538383,32.526783,24.818823,0.0,6.7198353,0.0,36.664738,15.996704,25.94637,28.00666,27.984062,0.0,0.0,23.796112,13.416188,0.0,24.38043,54.36215,10.824356,6.4812374,0.0,23.69761,5.8969398,0.0,28.491331,32.260727,0.0
2024-12-03,0.0,6.849208,0.0,0.0,0.0,0.0,0.0,0.0,0.0,11.095073,7.89962,5.4578915,5.844239,0.0,0.0,0.0,0.0,4.8953195,0.0,0.0,26.694242,8.463567,5.537025,0.0,8.314494,5.6148806,0.0,0.0,0.0,0.0
2024-12-04,13.875796,0.0,11.565628,18.90699,22.275843,14.929012,21.48638,0.0,44.2002,0.0,0.0,6.4738436,1.8765923,0.0,20.899233,0.0,0.0,18.234903,0.0,0.0,0.0,0.0,0.0,29.13244,0.0,28.478987,0.0,9.54445,34.965965,0.0
2024-12-05,0.0,0.0,7.150779,0.0,0.0,0.0,5.5740094,0.0,0.0,0.0,0.0,0.0,0.0,0.0,0.0,0.0,0.0,14.180263,0.0,0.0,0.0,0.0,0.0,0.0,0.0,0.0,0.0,14.647515,21.033531,0.0
2024-12-06,0.0,0.0,0.0,0.0,0.0,0.0,0.0,0.0,0.0,0.0,0.0,0.0,0.0,0.0,0.0,0.0,0.0,0.0,0.0,0.0,0.0,0.0,0.0,0.0,0.0,0.0,0.0,0.0,0.0,0.0
2024-12-07,0.0,2.2306798,0.0,0.0,0.0,0.0,0.0,0.0,0.0,0.0,0.0,0.0,3.2405992,4.147851,0.0,0.0,2.020449,3.540461,0.0,2.8527133,0.0,0.0,0.0,0.0,2.6294632,0.0,0.0,0.5995899,0.0,0.0
2024-12-08,0.0,0.0,0.0,0.0,0.0,0.0,0.0,0.0,0.0,0.0,0.0,0.0,0.0,0.0,0.0,0.0,0.0,0.0,0.0,0.0,0.0,0.0,0.0,0.0,0.0,0.0,0.0,0.0,0.0,0.0
2024-12-09,0.0,0.0,0.0,0.0,0.0,0.0,0.0,0.0,0.0,0.0,0.0,0.0,0.0,0.0,0.0,0.0,0.0,0.0,0.0,0.0,0.0,0.0,0.0,0.0,0.0,0.0,0.0,0.0,0.0,0.0
2024-12-10,0.0,10.148175,0.0,12.883297,10.6539135,15.845242,0.0,19.891039,24.289234,0.0,22.753595,8.44378,0.0,0.0,21.393705,0.0,4.0087514,0.0,54.260338,5.0752544,0.0,11.252554,15.240222,0.0,8.18655,1.8090332,24.986639,0.0,15.650206,47.73006
2024-12-11,0.0,46.673046,0.0,96.44438,59.150402,138.8009,0.0,88.09725,136.30074,6.1362247,130.30034,16.380726,15.229545,18.845726,157.09457,0.0,25.215298,15.637819,177.97168,26.456657,0.0,63.63649,45.707073,20.691826,32.459312,36.679466,91.53421,0.0,93.96736,174.79182
2024-12-12,55.337193,68.21958,51.752247,113.67219,94.052086,121.45514,78.96747,115.516884,100.06154,76.65781,124.3082,100.28245,78.38775,26.34586,132.56796,39.059944,55.657722,83.26804,131.50957,53.187103,10.579407,97.59582,65.765015,65.007095,105.71568,61.71887,96.828064,95.23786,134.73312,88.80355
2024-12-13,34.402428,71.530754,49.844963,14.7467785,12.866826,18.331728,41.969753,85.97966,0.0,42.135216,35.35099,16.912191,29.56043,16.05729,0.0,50.642475,36.08095,47.770943,81.55098,38.16205,7.765344,61.734932,70.10857,40.050274,29.994139,26.505915,85.98122,57.105648,0.0,84.12687
2024-12-14,25.592846,0.0,25.705881,0.0,0.0,0.0,24.254341,0.0,0.0,0.0,0.0,0.0,0.0,0.0,0.0,19.60956,0.0,15.889495,0.0,0.0,0.0,0.0,19.198193,10.549619,0.0,16.72275,20.215622,24.175602,0.0,20.004904
2024-12-15,9.659099,19.623161,0.0,14.77972,0.0,15.136013,13.25755,0.0,0.0,12.902132,12.858967,14.2529545,18.31795,12.510573,0.0,0.0,18.014791,17.711458,28.204956,21.223942,0.0,17.680033,16.250717,12.894689,18.346699,15.516722,21.767002,0.0,0.0,29.680191
2024-12-16,0.0,0.0,0.0,0.0,15.222119,0.0,0.0,0.0,0.0,0.0,0.0,0.0,0.0,0.0,25.570967,0.0,0.0,0.0,8.557843,0.0,0.0,0.0,1.3229609,0.0,0.0,0.0,4.9686794,0.0,25.02638,8.650009
2024-12-17,0.0,0.0,0.0,0.0,0.0,0.0,0.0,0.0,81.25668,0.0,0.0,0.0,0.0,0.0,58.161575,0.0,0.0,0.0,7.221421,0.0,0.0,0.0,0.0,0.0,0.0,0.0,0.0,0.0,17.601171,7.221421
2024-12-18,0.0,0.0,0.0,30.093899,15.215171,28.382618,0.0,3.199935,79.15685,0.0,11.646068,0.0,0.0,0.0,77.34852,0.0,0.0,0.0,13.44399,0.0,0.0,0.0,0.0,0.0,0.0,0.0,0.0,0.0,63.2754,0.0
2024-12-19,2.6184208,0.0,6.1567745,0.0,0.0,5.603531,5.6981454,0.0,31.92604,0.0,0.0,0.0,6.276397,0.0,16.154047,2.3464146,0.0,5.7006407,0.0,0.0,0.0,0.0,0.0,0.0,0.0,0.0,2.5744338,4.392631,37.68318,4.4853916
2024-12-20,3.1229637,12.49046,8.838549,8.798043,5.104963,13.215722,3.5978043,10.033416,48.28364,0.9094843,8.612474,12.968908,0.0,1.042794,29.771187,10.443504,4.1951118,0.0,11.728051,9.718225,0.0,17.111727,0.0,0.0,15.888895,0.0,11.748823,0.0,40.41337,13.787687
2024-12-21,5.2639513,18.430275,0.0,0.0,10.631186,0.0,14.039805,18.720594,0.0,0.0,15.582636,8.311344,17.654463,0.0,0.0,0.0,17.742426,18.829403,0.0,17.95742,0.0,16.672256,17.16433,11.546903,13.653656,16.617815,14.961871,10.568566,0.0,0.0
2024-12-22,0.0,0.0,0.0,0.0,0.0,0.0,0.0,0.0,0.0,0.0,0.0,0.0,0.0,0.0,0.0,0.0,0.0,0.0,0.0,0.0,0.0,0.0,0.0,0.0,0.0,0.0,8.869923,0.97417986,0.0,9.136149
2024-12-23,0.0,0.0,0.0,0.0,0.0,0.0,0.0,0.0,0.0,0.0,0.0,0.0,0.0,0.0,0.0,0.0,0.0,0.0,0.0,0.0,0.0,0.0,0.0,0.0,0.0,0.0,0.0,0.0,0.0,0.0
2024-12-24,0.0,0.0,0.0,0.0,0.0,0.0,0.0,0.0,0.0,0.0,0.0,0.0,0.0,0.0,0.0,0.0,0.0,0.0,0.0,0.0,0.0,0.0,0.0,0.0,0.0,0.0,0.0,0.0,0.0,0.0
2024-12-25,0.0,0.0,0.0,0.0,0.0,0.0,0.0,0.0,0.0,0.0,0.0,0.0,0.0,0.0,0.0,0.0,0.0,0.0,0.0,0.0,0.0,0.0,0.0,0.0,0.0,0.0,0.0,0.0,0.0,0.0
2024-12-26,0.0,0.97026026,0.0,26.79297,24.688452,21.517643,0.0,0.0,27.526743,0.0,0.0,0.0,0.0,0.0,17.43263,0.0,0.0,0.0,0.0,0.0,1.6971402,0.0,0.0,0.0,0.0,0.0,0.0,0.0,11.469607,0.0
2024-12-27,0.0,3.8896925,0.0,0.0,0.0,0.0,0.0,0.0,0.0,0.0,0.0,0.0,4.4787655,0.0,0.0,0.0,2.8743057,2.7087517,0.0,0.0,0.0,0.0,0.0,0.0,0.0,2.8260436,0.0,0.0,0.0,0.0
2024-12-28,0.0,0.0,0.0,0.0,0.0,0.0,0.0,0.0,0.0,0.0,0.0,0.0,0.0,0.0,0.0,4.1148252,0.0,0.0,0.0,0.0,0.0,0.0,0.0,0.0,0.0,0.0,0.0,0.0,0.0,0.0
2024-12-29,0.0,0.0,0.0,0.0,0.0,0.0,0.0,0.0,0.0,0.0,0.0,0.0,0.0,0.0,0.0,0.0,0.0,0.0,0.0,0.0,0.0,0.0,0.0,0.0,0.0,0.0,0.0,0.0,0.0,0.0
2024-12-30,11.189809,0.0,17.05599,0.0,0.0,0.0,0.0,0.0,0.0,0.0,0.0,0.0,0.0,0.0,0.0,22.485945,0.0,0.0,0.0,0.0,0.0,0.0,0.0,0.0,0.0,0.0,0.0,0.0,0.0,0.0
2024-12-31,14.357795,0.0,13.142399,0.0,0.0,0.0,0.0,0.0,0.0,0.0,0.0,0.0,0.0,0.0,0.0,7.089414,0.0,0.0,0.0,0.0,0.0,0.0,0.0,15.233292,0.0,0.0,0.0,0.0,0.0,0.0
